0.000000000000000000e+00,9.993301616303926216e-02,1.988655363374985663e-01,2.958070811665539090e-01,3.897871042737207636e-01,4.798647090490942846e-01,5.651380685920270874e-01,6.447534545009242501e-01,7.179137841169259682e-01,7.838866006493300231e-01
9.993301616303926216e-02,1.988655363374985663e-01,2.958070811665539090e-01,3.897871042737207636e-01,4.798647090490942846e-01,5.651380685920270874e-01,6.447534545009242501e-01,7.179137841169259682e-01,7.838866006493300231e-01,8.420114062884005435e-01
1.988655363374985663e-01,2.958070811665539090e-01,3.897871042737207636e-01,4.798647090490942846e-01,5.651380685920270874e-01,6.447534545009242501e-01,7.179137841169259682e-01,7.838866006493300231e-01,8.420114062884005435e-01,8.917062748888882062e-01
2.958070811665539090e-01,3.897871042737207636e-01,4.798647090490942846e-01,5.651380685920270874e-01,6.447534545009242501e-01,7.179137841169259682e-01,7.838866006493300231e-01,8.420114062884005435e-01,8.917062748888882062e-01,9.324736780202823594e-01
3.897871042737207636e-01,4.798647090490942846e-01,5.651380685920270874e-01,6.447534545009242501e-01,7.179137841169259682e-01,7.838866006493300231e-01,8.420114062884005435e-01,8.917062748888882062e-01,9.324736780202823594e-01,9.639054660553243448e-01
4.798647090490942846e-01,5.651380685920270874e-01,6.447534545009242501e-01,7.179137841169259682e-01,7.838866006493300231e-01,8.420114062884005435e-01,8.917062748888882062e-01,9.324736780202823594e-01,9.639054660553243448e-01,9.856869544277879758e-01
5.651380685920270874e-01,6.447534545009242501e-01,7.179137841169259682e-01,7.838866006493300231e-01,8.420114062884005435e-01,8.917062748888882062e-01,9.324736780202823594e-01,9.639054660553243448e-01,9.856869544277879758e-01,9.976000741492777601e-01
6.447534545009242501e-01,7.179137841169259682e-01,7.838866006493300231e-01,8.420114062884005435e-01,8.917062748888882062e-01,9.324736780202823594e-01,9.639054660553243448e-01,9.856869544277879758e-01,9.976000741492777601e-01,9.995255550431251246e-01
7.179137841169259682e-01,7.838866006493300231e-01,8.420114062884005435e-01,8.917062748888882062e-01,9.324736780202823594e-01,9.639054660553243448e-01,9.856869544277879758e-01,9.976000741492777601e-01,9.995255550431251246e-01,9.914441198375697484e-01
7.838866006493300231e-01,8.420114062884005435e-01,8.917062748888882062e-01,9.324736780202823594e-01,9.639054660553243448e-01,9.856869544277879758e-01,9.976000741492777601e-01,9.995255550431251246e-01,9.914441198375697484e-01,9.734366771633683468e-01
8.420114062884005435e-01,8.917062748888882062e-01,9.324736780202823594e-01,9.639054660553243448e-01,9.856869544277879758e-01,9.976000741492777601e-01,9.995255550431251246e-01,9.914441198375697484e-01,9.734366771633683468e-01,9.456835115235996403e-01
8.917062748888882062e-01,9.324736780202823594e-01,9.639054660553243448e-01,9.856869544277879758e-01,9.976000741492777601e-01,9.995255550431251246e-01,9.914441198375697484e-01,9.734366771633683468e-01,9.456835115235996403e-01,9.084624783454199326e-01
9.324736780202823594e-01,9.639054660553243448e-01,9.856869544277879758e-01,9.976000741492777601e-01,9.995255550431251246e-01,9.914441198375697484e-01,9.734366771633683468e-01,9.456835115235996403e-01,9.084624783454199326e-01,8.621462221843062546e-01
9.639054660553243448e-01,9.856869544277879758e-01,9.976000741492777601e-01,9.995255550431251246e-01,9.914441198375697484e-01,9.734366771633683468e-01,9.456835115235996403e-01,9.084624783454199326e-01,8.621462221843062546e-01,8.071984459311993820e-01
9.856869544277879758e-01,9.976000741492777601e-01,9.995255550431251246e-01,9.914441198375697484e-01,9.734366771633683468e-01,9.456835115235996403e-01,9.084624783454199326e-01,8.621462221843062546e-01,8.071984459311993820e-01,7.441692683739976610e-01
9.976000741492777601e-01,9.995255550431251246e-01,9.914441198375697484e-01,9.734366771633683468e-01,9.456835115235996403e-01,9.084624783454199326e-01,8.621462221843062546e-01,8.071984459311993820e-01,7.441692683739976610e-01,6.736897165919456532e-01
9.995255550431251246e-01,9.914441198375697484e-01,9.734366771633683468e-01,9.456835115235996403e-01,9.084624783454199326e-01,8.621462221843062546e-01,8.071984459311993820e-01,7.441692683739976610e-01,6.736897165919456532e-01,5.964654083232272530e-01
9.914441198375697484e-01,9.734366771633683468e-01,9.456835115235996403e-01,9.084624783454199326e-01,8.621462221843062546e-01,8.071984459311993820e-01,7.441692683739976610e-01,6.736897165919456532e-01,5.964654083232272530e-01,5.132694875557880509e-01
9.734366771633683468e-01,9.456835115235996403e-01,9.084624783454199326e-01,8.621462221843062546e-01,8.071984459311993820e-01,7.441692683739976610e-01,6.736897165919456532e-01,5.964654083232272530e-01,5.132694875557880509e-01,4.249348840678924266e-01
9.456835115235996403e-01,9.084624783454199326e-01,8.621462221843062546e-01,8.071984459311993820e-01,7.441692683739976610e-01,6.736897165919456532e-01,5.964654083232272530e-01,5.132694875557880509e-01,4.249348840678924266e-01,3.323459744133146487e-01
9.084624783454199326e-01,8.621462221843062546e-01,8.071984459311993820e-01,7.441692683739976610e-01,6.736897165919456532e-01,5.964654083232272530e-01,5.132694875557880509e-01,4.249348840678924266e-01,3.323459744133146487e-01,2.364297278385870671e-01
8.621462221843062546e-01,8.071984459311993820e-01,7.441692683739976610e-01,6.736897165919456532e-01,5.964654083232272530e-01,5.132694875557880509e-01,4.249348840678924266e-01,3.323459744133146487e-01,2.364297278385870671e-01,1.381464257764354608e-01
8.071984459311993820e-01,7.441692683739976610e-01,6.736897165919456532e-01,5.964654083232272530e-01,5.132694875557880509e-01,4.249348840678924266e-01,3.323459744133146487e-01,2.364297278385870671e-01,1.381464257764354608e-01,3.848004782872783275e-02
7.441692683739976610e-01,6.736897165919456532e-01,5.964654083232272530e-01,5.132694875557880509e-01,4.249348840678924266e-01,3.323459744133146487e-01,2.364297278385870671e-01,1.381464257764354608e-01,3.848004782872783275e-02,-6.157157950873298063e-02
6.736897165919456532e-01,5.964654083232272530e-01,5.132694875557880509e-01,4.249348840678924266e-01,3.323459744133146487e-01,2.364297278385870671e-01,1.381464257764354608e-01,3.848004782872783275e-02,-6.157157950873298063e-02,-1.610067727518949277e-01
5.964654083232272530e-01,5.132694875557880509e-01,4.249348840678924266e-01,3.323459744133146487e-01,2.364297278385870671e-01,1.381464257764354608e-01,3.848004782872783275e-02,-6.157157950873298063e-02,-1.610067727518949277e-01,-2.588300199490207731e-01
5.132694875557880509e-01,4.249348840678924266e-01,3.323459744133146487e-01,2.364297278385870671e-01,1.381464257764354608e-01,3.848004782872783275e-02,-6.157157950873298063e-02,-1.610067727518949277e-01,-2.588300199490207731e-01,-3.540619474139314327e-01
4.249348840678924266e-01,3.323459744133146487e-01,2.364297278385870671e-01,1.381464257764354608e-01,3.848004782872783275e-02,-6.157157950873298063e-02,-1.610067727518949277e-01,-2.588300199490207731e-01,-3.540619474139314327e-01,-4.457491248883234114e-01
3.323459744133146487e-01,2.364297278385870671e-01,1.381464257764354608e-01,3.848004782872783275e-02,-6.157157950873298063e-02,-1.610067727518949277e-01,-2.588300199490207731e-01,-3.540619474139314327e-01,-4.457491248883234114e-01,-5.329736109671490141e-01
2.364297278385870671e-01,1.381464257764354608e-01,3.848004782872783275e-02,-6.157157950873298063e-02,-1.610067727518949277e-01,-2.588300199490207731e-01,-3.540619474139314327e-01,-4.457491248883234114e-01,-5.329736109671490141e-01,-6.148621432214489424e-01
1.381464257764354608e-01,3.848004782872783275e-02,-6.157157950873298063e-02,-1.610067727518949277e-01,-2.588300199490207731e-01,-3.540619474139314327e-01,-4.457491248883234114e-01,-5.329736109671490141e-01,-6.148621432214489424e-01,-6.905948810101928403e-01
3.848004782872783275e-02,-6.157157950873298063e-02,-1.610067727518949277e-01,-2.588300199490207731e-01,-3.540619474139314327e-01,-4.457491248883234114e-01,-5.329736109671490141e-01,-6.148621432214489424e-01,-6.905948810101928403e-01,-7.594136134510215408e-01
-6.157157950873298063e-02,-1.610067727518949277e-01,-2.588300199490207731e-01,-3.540619474139314327e-01,-4.457491248883234114e-01,-5.329736109671490141e-01,-6.148621432214489424e-01,-6.905948810101928403e-01,-7.594136134510215408e-01,-8.206293503744214179e-01
-1.610067727518949277e-01,-2.588300199490207731e-01,-3.540619474139314327e-01,-4.457491248883234114e-01,-5.329736109671490141e-01,-6.148621432214489424e-01,-6.905948810101928403e-01,-7.594136134510215408e-01,-8.206293503744214179e-01,-8.736292202632361947e-01
-2.588300199490207731e-01,-3.540619474139314327e-01,-4.457491248883234114e-01,-5.329736109671490141e-01,-6.148621432214489424e-01,-6.905948810101928403e-01,-7.594136134510215408e-01,-8.206293503744214179e-01,-8.736292202632361947e-01,-9.178826061176496021e-01
-3.540619474139314327e-01,-4.457491248883234114e-01,-5.329736109671490141e-01,-6.148621432214489424e-01,-6.905948810101928403e-01,-7.594136134510215408e-01,-8.206293503744214179e-01,-8.736292202632361947e-01,-9.178826061176496021e-01,-9.529464578154061005e-01
-4.457491248883234114e-01,-5.329736109671490141e-01,-6.148621432214489424e-01,-6.905948810101928403e-01,-7.594136134510215408e-01,-8.206293503744214179e-01,-8.736292202632361947e-01,-9.178826061176496021e-01,-9.529464578154061005e-01,-9.784697277816927219e-01
-5.329736109671490141e-01,-6.148621432214489424e-01,-6.905948810101928403e-01,-7.594136134510215408e-01,-8.206293503744214179e-01,-8.736292202632361947e-01,-9.178826061176496021e-01,-9.529464578154061005e-01,-9.784697277816927219e-01,-9.941968855602381083e-01
-6.148621432214489424e-01,-6.905948810101928403e-01,-7.594136134510215408e-01,-8.206293503744214179e-01,-8.736292202632361947e-01,-9.178826061176496021e-01,-9.529464578154061005e-01,-9.784697277816927219e-01,-9.941968855602381083e-01,-9.999704760989148733e-01
-6.905948810101928403e-01,-7.594136134510215408e-01,-8.206293503744214179e-01,-8.736292202632361947e-01,-9.178826061176496021e-01,-9.529464578154061005e-01,-9.784697277816927219e-01,-9.941968855602381083e-01,-9.999704760989148733e-01,-9.957326961371448792e-01
-7.594136134510215408e-01,-8.206293503744214179e-01,-8.736292202632361947e-01,-9.178826061176496021e-01,-9.529464578154061005e-01,-9.784697277816927219e-01,-9.941968855602381083e-01,-9.999704760989148733e-01,-9.957326961371448792e-01,-9.815259729128420485e-01
-8.206293503744214179e-01,-8.736292202632361947e-01,-9.178826061176496021e-01,-9.529464578154061005e-01,-9.784697277816927219e-01,-9.941968855602381083e-01,-9.999704760989148733e-01,-9.957326961371448792e-01,-9.815259729128420485e-01,-9.574925393950745045e-01
-8.736292202632361947e-01,-9.178826061176496021e-01,-9.529464578154061005e-01,-9.784697277816927219e-01,-9.941968855602381083e-01,-9.999704760989148733e-01,-9.957326961371448792e-01,-9.815259729128420485e-01,-9.574925393950745045e-01,-9.238730102950712952e-01
-9.178826061176496021e-01,-9.529464578154061005e-01,-9.784697277816927219e-01,-9.941968855602381083e-01,-9.999704760989148733e-01,-9.957326961371448792e-01,-9.815259729128420485e-01,-9.574925393950745045e-01,-9.238730102950712952e-01,-8.810039731120792306e-01
-9.529464578154061005e-01,-9.784697277816927219e-01,-9.941968855602381083e-01,-9.999704760989148733e-01,-9.957326961371448792e-01,-9.815259729128420485e-01,-9.574925393950745045e-01,-9.238730102950712952e-01,-8.810039731120792306e-01,-8.293146183317121611e-01
-9.784697277816927219e-01,-9.941968855602381083e-01,-9.999704760989148733e-01,-9.957326961371448792e-01,-9.815259729128420485e-01,-9.574925393950745045e-01,-9.238730102950712952e-01,-8.810039731120792306e-01,-8.293146183317121611e-01,-7.693224425141219625e-01
-9.941968855602381083e-01,-9.999704760989148733e-01,-9.957326961371448792e-01,-9.815259729128420485e-01,-9.574925393950745045e-01,-9.238730102950712952e-01,-8.810039731120792306e-01,-8.293146183317121611e-01,-7.693224425141219625e-01,-7.016280672912411642e-01
-9.999704760989148733e-01,-9.957326961371448792e-01,-9.815259729128420485e-01,-9.574925393950745045e-01,-9.238730102950712952e-01,-8.810039731120792306e-01,-8.293146183317121611e-01,-7.693224425141219625e-01,-7.016280672912411642e-01,-6.269092261435581515e-01
-9.957326961371448792e-01,-9.815259729128420485e-01,-9.574925393950745045e-01,-9.238730102950712952e-01,-8.810039731120792306e-01,-8.293146183317121611e-01,-7.693224425141219625e-01,-7.016280672912411642e-01,-6.269092261435581515e-01,-5.459139791588184520e-01
-9.815259729128420485e-01,-9.574925393950745045e-01,-9.238730102950712952e-01,-8.810039731120792306e-01,-8.293146183317121611e-01,-7.693224425141219625e-01,-7.016280672912411642e-01,-6.269092261435581515e-01,-5.459139791588184520e-01,-4.594532237042151523e-01
-9.574925393950745045e-01,-9.238730102950712952e-01,-8.810039731120792306e-01,-8.293146183317121611e-01,-7.693224425141219625e-01,-7.016280672912411642e-01,-6.269092261435581515e-01,-5.459139791588184520e-01,-4.594532237042151523e-01,-3.683925759927201837e-01
-9.238730102950712952e-01,-8.810039731120792306e-01,-8.293146183317121611e-01,-7.693224425141219625e-01,-7.016280672912411642e-01,-6.269092261435581515e-01,-5.459139791588184520e-01,-4.594532237042151523e-01,-3.683925759927201837e-01,-2.736437048226035285e-01
-8.810039731120792306e-01,-8.293146183317121611e-01,-7.693224425141219625e-01,-7.016280672912411642e-01,-6.269092261435581515e-01,-5.459139791588184520e-01,-4.594532237042151523e-01,-3.683925759927201837e-01,-2.736437048226035285e-01,-1.761552042538454266e-01
-8.293146183317121611e-01,-7.693224425141219625e-01,-7.016280672912411642e-01,-6.269092261435581515e-01,-5.459139791588184520e-01,-4.594532237042151523e-01,-3.683925759927201837e-01,-2.736437048226035285e-01,-1.761552042538454266e-01,-7.690309660115911272e-02
-7.693224425141219625e-01,-7.016280672912411642e-01,-6.269092261435581515e-01,-5.459139791588184520e-01,-4.594532237042151523e-01,-3.683925759927201837e-01,-2.736437048226035285e-01,-1.761552042538454266e-01,-7.690309660115911272e-02,2.311893917551484726e-02
-7.016280672912411642e-01,-6.269092261435581515e-01,-5.459139791588184520e-01,-4.594532237042151523e-01,-3.683925759927201837e-01,-2.736437048226035285e-01,-1.761552042538454266e-01,-7.690309660115911272e-02,2.311893917551484726e-02,1.229095158529498744e-01
-6.269092261435581515e-01,-5.459139791588184520e-01,-4.594532237042151523e-01,-3.683925759927201837e-01,-2.736437048226035285e-01,-1.761552042538454266e-01,-7.690309660115911272e-02,2.311893917551484726e-02,1.229095158529498744e-01,2.214695634991330764e-01
-5.459139791588184520e-01,-4.594532237042151523e-01,-3.683925759927201837e-01,-2.736437048226035285e-01,-1.761552042538454266e-01,-7.690309660115911272e-02,2.311893917551484726e-02,1.229095158529498744e-01,2.214695634991330764e-01,3.178123318278189280e-01
-4.594532237042151523e-01,-3.683925759927201837e-01,-2.736437048226035285e-01,-1.761552042538454266e-01,-7.690309660115911272e-02,2.311893917551484726e-02,1.229095158529498744e-01,2.214695634991330764e-01,3.178123318278189280e-01,4.109732692129035025e-01
-3.683925759927201837e-01,-2.736437048226035285e-01,-1.761552042538454266e-01,-7.690309660115911272e-02,2.311893917551484726e-02,1.229095158529498744e-01,2.214695634991330764e-01,3.178123318278189280e-01,4.109732692129035025e-01,5.000196794572254744e-01
-2.736437048226035285e-01,-1.761552042538454266e-01,-7.690309660115911272e-02,2.311893917551484726e-02,1.229095158529498744e-01,2.214695634991330764e-01,3.178123318278189280e-01,4.109732692129035025e-01,5.000196794572254744e-01,5.840600596354499352e-01
-1.761552042538454266e-01,-7.690309660115911272e-02,2.311893917551484726e-02,1.229095158529498744e-01,2.214695634991330764e-01,3.178123318278189280e-01,4.109732692129035025e-01,5.000196794572254744e-01,5.840600596354499352e-01,6.622530255236697139e-01
-7.690309660115911272e-02,2.311893917551484726e-02,1.229095158529498744e-01,2.214695634991330764e-01,3.178123318278189280e-01,4.109732692129035025e-01,5.000196794572254744e-01,5.840600596354499352e-01,6.622530255236697139e-01,7.338157352573031478e-01
2.311893917551484726e-02,1.229095158529498744e-01,2.214695634991330764e-01,3.178123318278189280e-01,4.109732692129035025e-01,5.000196794572254744e-01,5.840600596354499352e-01,6.622530255236697139e-01,7.338157352573031478e-01,7.980317268824392851e-01
1.229095158529498744e-01,2.214695634991330764e-01,3.178123318278189280e-01,4.109732692129035025e-01,5.000196794572254744e-01,5.840600596354499352e-01,6.622530255236697139e-01,7.338157352573031478e-01,7.980317268824392851e-01,8.542580913336813575e-01
2.214695634991330764e-01,3.178123318278189280e-01,4.109732692129035025e-01,5.000196794572254744e-01,5.840600596354499352e-01,6.622530255236697139e-01,7.338157352573031478e-01,7.980317268824392851e-01,8.542580913336813575e-01,9.019319090250327298e-01
3.178123318278189280e-01,4.109732692129035025e-01,5.000196794572254744e-01,5.840600596354499352e-01,6.622530255236697139e-01,7.338157352573031478e-01,7.980317268824392851e-01,8.542580913336813575e-01,9.019319090250327298e-01,9.405758856128240142e-01
4.109732692129035025e-01,5.000196794572254744e-01,5.840600596354499352e-01,6.622530255236697139e-01,7.338157352573031478e-01,7.980317268824392851e-01,8.542580913336813575e-01,9.019319090250327298e-01,9.405758856128240142e-01,9.698031305073038233e-01
5.000196794572254744e-01,5.840600596354499352e-01,6.622530255236697139e-01,7.338157352573031478e-01,7.980317268824392851e-01,8.542580913336813575e-01,9.019319090250327298e-01,9.405758856128240142e-01,9.698031305073038233e-01,9.893210302920371069e-01
5.840600596354499352e-01,6.622530255236697139e-01,7.338157352573031478e-01,7.980317268824392851e-01,8.542580913336813575e-01,9.019319090250327298e-01,9.405758856128240142e-01,9.698031305073038233e-01,9.893210302920371069e-01,9.989341782717203744e-01
6.622530255236697139e-01,7.338157352573031478e-01,7.980317268824392851e-01,8.542580913336813575e-01,9.019319090250327298e-01,9.405758856128240142e-01,9.698031305073038233e-01,9.893210302920371069e-01,9.989341782717203744e-01,9.985463308187660925e-01
7.338157352573031478e-01,7.980317268824392851e-01,8.542580913336813575e-01,9.019319090250327298e-01,9.405758856128240142e-01,9.698031305073038233e-01,9.893210302920371069e-01,9.989341782717203744e-01,9.985463308187660925e-01,9.881613709323647798e-01
7.980317268824392851e-01,8.542580913336813575e-01,9.019319090250327298e-01,9.405758856128240142e-01,9.698031305073038233e-01,9.893210302920371069e-01,9.989341782717203744e-01,9.985463308187660925e-01,9.881613709323647798e-01,9.678832693631934658e-01
8.542580913336813575e-01,9.019319090250327298e-01,9.405758856128240142e-01,9.698031305073038233e-01,9.893210302920371069e-01,9.989341782717203744e-01,9.985463308187660925e-01,9.881613709323647798e-01,9.678832693631934658e-01,9.379150436929778456e-01
9.019319090250327298e-01,9.405758856128240142e-01,9.698031305073038233e-01,9.893210302920371069e-01,9.989341782717203744e-01,9.985463308187660925e-01,9.881613709323647798e-01,9.678832693631934658e-01,9.379150436929778456e-01,8.985567257902548066e-01
9.405758856128240142e-01,9.698031305073038233e-01,9.893210302920371069e-01,9.989341782717203744e-01,9.985463308187660925e-01,9.881613709323647798e-01,9.678832693631934658e-01,9.379150436929778456e-01,8.985567257902548066e-01,8.502023579914897988e-01
9.698031305073038233e-01,9.893210302920371069e-01,9.989341782717203744e-01,9.985463308187660925e-01,9.881613709323647798e-01,9.678832693631934658e-01,9.379150436929778456e-01,8.985567257902548066e-01,8.502023579914897988e-01,7.933360480807812865e-01
9.893210302920371069e-01,9.989341782717203744e-01,9.985463308187660925e-01,9.881613709323647798e-01,9.678832693631934658e-01,9.379150436929778456e-01,8.985567257902548066e-01,8.502023579914897988e-01,7.933360480807812865e-01,7.285271225643783488e-01
9.989341782717203744e-01,9.985463308187660925e-01,9.881613709323647798e-01,9.678832693631934658e-01,9.379150436929778456e-01,8.985567257902548066e-01,8.502023579914897988e-01,7.933360480807812865e-01,7.285271225643783488e-01,6.564244267638064123e-01
9.985463308187660925e-01,9.881613709323647798e-01,9.678832693631934658e-01,9.379150436929778456e-01,8.985567257902548066e-01,8.502023579914897988e-01,7.933360480807812865e-01,7.285271225643783488e-01,6.564244267638064123e-01,5.777498287931690513e-01
9.881613709323647798e-01,9.678832693631934658e-01,9.379150436929778456e-01,8.985567257902548066e-01,8.502023579914897988e-01,7.933360480807812865e-01,7.285271225643783488e-01,6.564244267638064123e-01,5.777498287931690513e-01,4.932909924566320492e-01
9.678832693631934658e-01,9.379150436929778456e-01,8.985567257902548066e-01,8.502023579914897988e-01,7.933360480807812865e-01,7.285271225643783488e-01,6.564244267638064123e-01,5.777498287931690513e-01,4.932909924566320492e-01,4.038934914214304950e-01
9.379150436929778456e-01,8.985567257902548066e-01,8.502023579914897988e-01,7.933360480807812865e-01,7.285271225643783488e-01,6.564244267638064123e-01,5.777498287931690513e-01,4.932909924566320492e-01,4.038934914214304950e-01,3.104523436166626849e-01
8.985567257902548066e-01,8.502023579914897988e-01,7.933360480807812865e-01,7.285271225643783488e-01,6.564244267638064123e-01,5.777498287931690513e-01,4.932909924566320492e-01,4.038934914214304950e-01,3.104523436166626849e-01,2.139030506126450293e-01
8.502023579914897988e-01,7.933360480807812865e-01,7.285271225643783488e-01,6.564244267638064123e-01,5.777498287931690513e-01,4.932909924566320492e-01,4.038934914214304950e-01,3.104523436166626849e-01,2.139030506126450293e-01,1.152122316915689393e-01
7.933360480807812865e-01,7.285271225643783488e-01,6.564244267638064123e-01,5.777498287931690513e-01,4.932909924566320492e-01,4.038934914214304950e-01,3.104523436166626849e-01,2.139030506126450293e-01,1.152122316915689393e-01,1.536794637801756729e-02
7.285271225643783488e-01,6.564244267638064123e-01,5.777498287931690513e-01,4.932909924566320492e-01,4.038934914214304950e-01,3.104523436166626849e-01,2.139030506126450293e-01,1.152122316915689393e-01,1.536794637801756729e-02,-8.463019768306558055e-02
6.564244267638064123e-01,5.777498287931690513e-01,4.932909924566320492e-01,4.038934914214304950e-01,3.104523436166626849e-01,2.139030506126450293e-01,1.152122316915689393e-01,1.536794637801756729e-02,-8.463019768306558055e-02,-1.837810524643326282e-01
5.777498287931690513e-01,4.932909924566320492e-01,4.038934914214304950e-01,3.104523436166626849e-01,2.139030506126450293e-01,1.152122316915689393e-01,1.536794637801756729e-02,-8.463019768306558055e-02,-1.837810524643326282e-01,-2.810919527157816344e-01
4.932909924566320492e-01,4.038934914214304950e-01,3.104523436166626849e-01,2.139030506126450293e-01,1.152122316915689393e-01,1.536794637801756729e-02,-8.463019768306558055e-02,-1.837810524643326282e-01,-2.810919527157816344e-01,-3.755886541977727089e-01
4.038934914214304950e-01,3.104523436166626849e-01,2.139030506126450293e-01,1.152122316915689393e-01,1.536794637801756729e-02,-8.463019768306558055e-02,-1.837810524643326282e-01,-2.810919527157816344e-01,-3.755886541977727089e-01,-4.663250874890395581e-01
3.104523436166626849e-01,2.139030506126450293e-01,1.152122316915689393e-01,1.536794637801756729e-02,-8.463019768306558055e-02,-1.837810524643326282e-01,-2.810919527157816344e-01,-3.755886541977727089e-01,-4.663250874890395581e-01,-5.523928297178272162e-01
2.139030506126450293e-01,1.152122316915689393e-01,1.536794637801756729e-02,-8.463019768306558055e-02,-1.837810524643326282e-01,-2.810919527157816344e-01,-3.755886541977727089e-01,-4.663250874890395581e-01,-5.523928297178272162e-01,-6.329301993883469368e-01
1.152122316915689393e-01,1.536794637801756729e-02,-8.463019768306558055e-02,-1.837810524643326282e-01,-2.810919527157816344e-01,-3.755886541977727089e-01,-4.663250874890395581e-01,-5.523928297178272162e-01,-6.329301993883469368e-01,-7.071308832481831841e-01
1.536794637801756729e-02,-8.463019768306558055e-02,-1.837810524643326282e-01,-2.810919527157816344e-01,-3.755886541977727089e-01,-4.663250874890395581e-01,-5.523928297178272162e-01,-6.329301993883469368e-01,-7.071308832481831841e-01,-7.742520088273352474e-01
-8.463019768306558055e-02,-1.837810524643326282e-01,-2.810919527157816344e-01,-3.755886541977727089e-01,-4.663250874890395581e-01,-5.523928297178272162e-01,-6.329301993883469368e-01,-7.071308832481831841e-01,-7.742520088273352474e-01,-8.336215818293298829e-01
-1.837810524643326282e-01,-2.810919527157816344e-01,-3.755886541977727089e-01,-4.663250874890395581e-01,-5.523928297178272162e-01,-6.329301993883469368e-01,-7.071308832481831841e-01,-7.742520088273352474e-01,-8.336215818293298829e-01,-8.846452139137285231e-01
-2.810919527157816344e-01,-3.755886541977727089e-01,-4.663250874890395581e-01,-5.523928297178272162e-01,-6.329301993883469368e-01,-7.071308832481831841e-01,-7.742520088273352474e-01,-8.336215818293298829e-01,-8.846452139137285231e-01,-9.268120735137148625e-01
-3.755886541977727089e-01,-4.663250874890395581e-01,-5.523928297178272162e-01,-6.329301993883469368e-01,-7.071308832481831841e-01,-7.742520088273352474e-01,-8.336215818293298829e-01,-8.846452139137285231e-01,-9.268120735137148625e-01,-9.597000001111682943e-01
-4.663250874890395581e-01,-5.523928297178272162e-01,-6.329301993883469368e-01,-7.071308832481831841e-01,-7.742520088273352474e-01,-8.336215818293298829e-01,-8.846452139137285231e-01,-9.268120735137148625e-01,-9.597000001111682943e-01,-9.829797307668026729e-01
-5.523928297178272162e-01,-6.329301993883469368e-01,-7.071308832481831841e-01,-7.742520088273352474e-01,-8.336215818293298829e-01,-8.846452139137285231e-01,-9.268120735137148625e-01,-9.597000001111682943e-01,-9.829797307668026729e-01,-9.964181965907716876e-01
-6.329301993883469368e-01,-7.071308832481831841e-01,-7.742520088273352474e-01,-8.336215818293298829e-01,-8.846452139137285231e-01,-9.268120735137148625e-01,-9.597000001111682943e-01,-9.829797307668026729e-01,-9.964181965907716876e-01,-9.998808561505657666e-01
-7.071308832481831841e-01,-7.742520088273352474e-01,-8.336215818293298829e-01,-8.846452139137285231e-01,-9.268120735137148625e-01,-9.597000001111682943e-01,-9.829797307668026729e-01,-9.964181965907716876e-01,-9.998808561505657666e-01,-9.933330424549103865e-01
-7.742520088273352474e-01,-8.336215818293298829e-01,-8.846452139137285231e-01,-9.268120735137148625e-01,-9.597000001111682943e-01,-9.829797307668026729e-01,-9.964181965907716876e-01,-9.998808561505657666e-01,-9.933330424549103865e-01,-9.768403100281057849e-01
-8.336215818293298829e-01,-8.846452139137285231e-01,-9.268120735137148625e-01,-9.597000001111682943e-01,-9.829797307668026729e-01,-9.964181965907716876e-01,-9.998808561505657666e-01,-9.933330424549103865e-01,-9.768403100281057849e-01,-9.505677786000200635e-01
-8.846452139137285231e-01,-9.268120735137148625e-01,-9.597000001111682943e-01,-9.829797307668026729e-01,-9.964181965907716876e-01,-9.998808561505657666e-01,-9.933330424549103865e-01,-9.768403100281057849e-01,-9.505677786000200635e-01,-9.147784799824896229e-01
-9.268120735137148625e-01,-9.597000001111682943e-01,-9.829797307668026729e-01,-9.964181965907716876e-01,-9.998808561505657666e-01,-9.933330424549103865e-01,-9.768403100281057849e-01,-9.505677786000200635e-01,-9.147784799824896229e-01,-8.698307246826495476e-01
-9.597000001111682943e-01,-9.829797307668026729e-01,-9.964181965907716876e-01,-9.998808561505657666e-01,-9.933330424549103865e-01,-9.768403100281057849e-01,-9.505677786000200635e-01,-9.147784799824896229e-01,-8.698307246826495476e-01,-8.161745146177822319e-01
-9.829797307668026729e-01,-9.964181965907716876e-01,-9.998808561505657666e-01,-9.933330424549103865e-01,-9.768403100281057849e-01,-9.505677786000200635e-01,-9.147784799824896229e-01,-8.698307246826495476e-01,-8.161745146177822319e-01,-7.543470378463839054e-01
-9.964181965907716876e-01,-9.998808561505657666e-01,-9.933330424549103865e-01,-9.768403100281057849e-01,-9.505677786000200635e-01,-9.147784799824896229e-01,-8.698307246826495476e-01,-8.161745146177822319e-01,-7.543470378463839054e-01,-6.849672904206990376e-01
-9.998808561505657666e-01,-9.933330424549103865e-01,-9.768403100281057849e-01,-9.505677786000200635e-01,-9.147784799824896229e-01,-8.698307246826495476e-01,-8.161745146177822319e-01,-7.543470378463839054e-01,-6.849672904206990376e-01,-6.087298792049378182e-01
-9.933330424549103865e-01,-9.768403100281057849e-01,-9.505677786000200635e-01,-9.147784799824896229e-01,-8.698307246826495476e-01,-8.161745146177822319e-01,-7.543470378463839054e-01,-6.849672904206990376e-01,-6.087298792049378182e-01,-5.263980677032925604e-01
-9.768403100281057849e-01,-9.505677786000200635e-01,-9.147784799824896229e-01,-8.698307246826495476e-01,-8.161745146177822319e-01,-7.543470378463839054e-01,-6.849672904206990376e-01,-6.087298792049378182e-01,-5.263980677032925604e-01,-4.387961345205990127e-01
-9.505677786000200635e-01,-9.147784799824896229e-01,-8.698307246826495476e-01,-8.161745146177822319e-01,-7.543470378463839054e-01,-6.849672904206990376e-01,-6.087298792049378182e-01,-5.263980677032925604e-01,-4.387961345205990127e-01,-3.468011209601853384e-01
-9.147784799824896229e-01,-8.698307246826495476e-01,-8.161745146177822319e-01,-7.543470378463839054e-01,-6.849672904206990376e-01,-6.087298792049378182e-01,-5.263980677032925604e-01,-4.387961345205990127e-01,-3.468011209601853384e-01,-2.513340503792008684e-01
-8.698307246826495476e-01,-8.161745146177822319e-01,-7.543470378463839054e-01,-6.849672904206990376e-01,-6.087298792049378182e-01,-5.263980677032925604e-01,-4.387961345205990127e-01,-3.468011209601853384e-01,-2.513340503792008684e-01,-1.533507072103092728e-01
-8.161745146177822319e-01,-7.543470378463839054e-01,-6.849672904206990376e-01,-6.087298792049378182e-01,-5.263980677032925604e-01,-4.387961345205990127e-01,-3.468011209601853384e-01,-2.513340503792008684e-01,-1.533507072103092728e-01,-5.383206796710025138e-02
-7.543470378463839054e-01,-6.849672904206990376e-01,-6.087298792049378182e-01,-5.263980677032925604e-01,-4.387961345205990127e-01,-3.468011209601853384e-01,-2.513340503792008684e-01,-1.533507072103092728e-01,-5.383206796710025138e-02,4.622551996520042616e-02
-6.849672904206990376e-01,-6.087298792049378182e-01,-5.263980677032925604e-01,-4.387961345205990127e-01,-3.468011209601853384e-01,-2.513340503792008684e-01,-1.533507072103092728e-01,-5.383206796710025138e-02,4.622551996520042616e-02,1.458203134270555090e-01
-6.087298792049378182e-01,-5.263980677032925604e-01,-4.387961345205990127e-01,-3.468011209601853384e-01,-2.513340503792008684e-01,-1.533507072103092728e-01,-5.383206796710025138e-02,4.622551996520042616e-02,1.458203134270555090e-01,2.439552026026313158e-01
-5.263980677032925604e-01,-4.387961345205990127e-01,-3.468011209601853384e-01,-2.513340503792008684e-01,-1.533507072103092728e-01,-5.383206796710025138e-02,4.622551996520042616e-02,1.458203134270555090e-01,2.439552026026313158e-01,3.396476937503227767e-01
-4.387961345205990127e-01,-3.468011209601853384e-01,-2.513340503792008684e-01,-1.533507072103092728e-01,-5.383206796710025138e-02,4.622551996520042616e-02,1.458203134270555090e-01,2.439552026026313158e-01,3.396476937503227767e-01,4.319397456020240278e-01
-3.468011209601853384e-01,-2.513340503792008684e-01,-1.533507072103092728e-01,-5.383206796710025138e-02,4.622551996520042616e-02,1.458203134270555090e-01,2.439552026026313158e-01,3.396476937503227767e-01,4.319397456020240278e-01,5.199073609523990891e-01
-2.513340503792008684e-01,-1.533507072103092728e-01,-5.383206796710025138e-02,4.622551996520042616e-02,1.458203134270555090e-01,2.439552026026313158e-01,3.396476937503227767e-01,4.319397456020240278e-01,5.199073609523990891e-01,6.026698374103643951e-01
-1.533507072103092728e-01,-5.383206796710025138e-02,4.622551996520042616e-02,1.458203134270555090e-01,2.439552026026313158e-01,3.396476937503227767e-01,4.319397456020240278e-01,5.199073609523990891e-01,6.026698374103643951e-01,6.793985846973471521e-01
-5.383206796710025138e-02,4.622551996520042616e-02,1.458203134270555090e-01,2.439552026026313158e-01,3.396476937503227767e-01,4.319397456020240278e-01,5.199073609523990891e-01,6.026698374103643951e-01,6.793985846973471521e-01,7.493254202164753019e-01
4.622551996520042616e-02,1.458203134270555090e-01,2.439552026026313158e-01,3.396476937503227767e-01,4.319397456020240278e-01,5.199073609523990891e-01,6.026698374103643951e-01,6.793985846973471521e-01,7.493254202164753019e-01,8.117502598402285274e-01
1.458203134270555090e-01,2.439552026026313158e-01,3.396476937503227767e-01,4.319397456020240278e-01,5.199073609523990891e-01,6.026698374103643951e-01,6.793985846973471521e-01,7.493254202164753019e-01,8.117502598402285274e-01,8.660481269189534981e-01
2.439552026026313158e-01,3.396476937503227767e-01,4.319397456020240278e-01,5.199073609523990891e-01,6.026698374103643951e-01,6.793985846973471521e-01,7.493254202164753019e-01,8.117502598402285274e-01,8.660481269189534981e-01,9.116754093383910851e-01
3.396476937503227767e-01,4.319397456020240278e-01,5.199073609523990891e-01,6.026698374103643951e-01,6.793985846973471521e-01,7.493254202164753019e-01,8.117502598402285274e-01,8.660481269189534981e-01,9.116754093383910851e-01,9.481753019826424378e-01
4.319397456020240278e-01,5.199073609523990891e-01,6.026698374103643951e-01,6.793985846973471521e-01,7.493254202164753019e-01,8.117502598402285274e-01,8.660481269189534981e-01,9.116754093383910851e-01,9.481753019826424378e-01,9.751823801144559045e-01
5.199073609523990891e-01,6.026698374103643951e-01,6.793985846973471521e-01,7.493254202164753019e-01,8.117502598402285274e-01,8.660481269189534981e-01,9.116754093383910851e-01,9.481753019826424378e-01,9.751823801144559045e-01,9.924262578856740680e-01
6.026698374103643951e-01,6.793985846973471521e-01,7.493254202164753019e-01,8.117502598402285274e-01,8.660481269189534981e-01,9.116754093383910851e-01,9.481753019826424378e-01,9.751823801144559045e-01,9.924262578856740680e-01,9.997342953500601981e-01
6.793985846973471521e-01,7.493254202164753019e-01,8.117502598402285274e-01,8.660481269189534981e-01,9.116754093383910851e-01,9.481753019826424378e-01,9.751823801144559045e-01,9.924262578856740680e-01,9.997342953500601981e-01,9.970333268767924695e-01
7.493254202164753019e-01,8.117502598402285274e-01,8.660481269189534981e-01,9.116754093383910851e-01,9.481753019826424378e-01,9.751823801144559045e-01,9.924262578856740680e-01,9.997342953500601981e-01,9.970333268767924695e-01,9.843503936603282822e-01
8.117502598402285274e-01,8.660481269189534981e-01,9.116754093383910851e-01,9.481753019826424378e-01,9.751823801144559045e-01,9.924262578856740680e-01,9.997342953500601981e-01,9.970333268767924695e-01,9.843503936603282822e-01,9.618124729929951044e-01
8.660481269189534981e-01,9.116754093383910851e-01,9.481753019826424378e-01,9.751823801144559045e-01,9.924262578856740680e-01,9.997342953500601981e-01,9.970333268767924695e-01,9.843503936603282822e-01,9.618124729929951044e-01,9.296452070107393828e-01
9.116754093383910851e-01,9.481753019826424378e-01,9.751823801144559045e-01,9.924262578856740680e-01,9.997342953500601981e-01,9.970333268767924695e-01,9.843503936603282822e-01,9.618124729929951044e-01,9.296452070107393828e-01,8.881706436394068982e-01
9.481753019826424378e-01,9.751823801144559045e-01,9.924262578856740680e-01,9.997342953500601981e-01,9.970333268767924695e-01,9.843503936603282822e-01,9.618124729929951044e-01,9.296452070107393828e-01,8.881706436394068982e-01,8.378040123584465926e-01
9.751823801144559045e-01,9.924262578856740680e-01,9.997342953500601981e-01,9.970333268767924695e-01,9.843503936603282822e-01,9.618124729929951044e-01,9.296452070107393828e-01,8.881706436394068982e-01,8.378040123584465926e-01,7.790495670620135593e-01
9.924262578856740680e-01,9.997342953500601981e-01,9.970333268767924695e-01,9.843503936603282822e-01,9.618124729929951044e-01,9.296452070107393828e-01,8.881706436394068982e-01,8.378040123584465926e-01,7.790495670620135593e-01,7.124955376373596216e-01
9.997342953500601981e-01,9.970333268767924695e-01,9.843503936603282822e-01,9.618124729929951044e-01,9.296452070107393828e-01,8.881706436394068982e-01,8.378040123584465926e-01,7.790495670620135593e-01,7.124955376373596216e-01,6.388082408036201976e-01
9.970333268767924695e-01,9.843503936603282822e-01,9.618124729929951044e-01,9.296452070107393828e-01,8.881706436394068982e-01,8.378040123584465926e-01,7.790495670620135593e-01,7.124955376373596216e-01,6.388082408036201976e-01,5.587254091713215187e-01
9.843503936603282822e-01,9.618124729929951044e-01,9.296452070107393828e-01,8.881706436394068982e-01,8.378040123584465926e-01,7.790495670620135593e-01,7.124955376373596216e-01,6.388082408036201976e-01,5.587254091713215187e-01,4.730488053098169665e-01
9.618124729929951044e-01,9.296452070107393828e-01,8.881706436394068982e-01,8.378040123584465926e-01,7.790495670620135593e-01,7.124955376373596216e-01,6.388082408036201976e-01,5.587254091713215187e-01,4.730488053098169665e-01,3.826361947681692355e-01
9.296452070107393828e-01,8.881706436394068982e-01,8.378040123584465926e-01,7.790495670620135593e-01,7.124955376373596216e-01,6.388082408036201976e-01,5.587254091713215187e-01,4.730488053098169665e-01,3.826361947681692355e-01,2.883927584128938570e-01
8.881706436394068982e-01,8.378040123584465926e-01,7.790495670620135593e-01,7.124955376373596216e-01,6.388082408036201976e-01,5.587254091713215187e-01,4.730488053098169665e-01,3.826361947681692355e-01,2.883927584128938570e-01,1.912620300593777245e-01
8.378040123584465926e-01,7.790495670620135593e-01,7.124955376373596216e-01,6.388082408036201976e-01,5.587254091713215187e-01,4.730488053098169665e-01,3.826361947681692355e-01,2.883927584128938570e-01,1.912620300593777245e-01,9.221645012638092498e-02
7.790495670620135593e-01,7.124955376373596216e-01,6.388082408036201976e-01,5.587254091713215187e-01,4.730488053098169665e-01,3.826361947681692355e-01,2.883927584128938570e-01,1.912620300593777245e-01,9.221645012638092498e-02,-7.752370112722515964e-03
7.124955376373596216e-01,6.388082408036201976e-01,5.587254091713215187e-01,4.730488053098169665e-01,3.826361947681692355e-01,2.883927584128938570e-01,1.912620300593777245e-01,9.221645012638092498e-02,-7.752370112722515964e-03,-1.076435762108986921e-01
6.388082408036201976e-01,5.587254091713215187e-01,4.730488053098169665e-01,3.826361947681692355e-01,2.883927584128938570e-01,1.912620300593777245e-01,9.221645012638092498e-02,-7.752370112722515964e-03,-1.076435762108986921e-01,-2.064570907679759981e-01
5.587254091713215187e-01,4.730488053098169665e-01,3.826361947681692355e-01,2.883927584128938570e-01,1.912620300593777245e-01,9.221645012638092498e-02,-7.752370112722515964e-03,-1.076435762108986921e-01,-2.064570907679759981e-01,-3.032036258716337973e-01
4.730488053098169665e-01,3.826361947681692355e-01,2.883927584128938570e-01,1.912620300593777245e-01,9.221645012638092498e-02,-7.752370112722515964e-03,-1.076435762108986921e-01,-2.064570907679759981e-01,-3.032036258716337973e-01,-3.969145875176412486e-01
3.826361947681692355e-01,2.883927584128938570e-01,1.912620300593777245e-01,9.221645012638092498e-02,-7.752370112722515964e-03,-1.076435762108986921e-01,-2.064570907679759981e-01,-3.032036258716337973e-01,-3.969145875176412486e-01,-4.866517728495987072e-01
2.883927584128938570e-01,1.912620300593777245e-01,9.221645012638092498e-02,-7.752370112722515964e-03,-1.076435762108986921e-01,-2.064570907679759981e-01,-3.032036258716337973e-01,-3.969145875176412486e-01,-4.866517728495987072e-01,-5.715167631326548703e-01
1.912620300593777245e-01,9.221645012638092498e-02,-7.752370112722515964e-03,-1.076435762108986921e-01,-2.064570907679759981e-01,-3.032036258716337973e-01,-3.969145875176412486e-01,-4.866517728495987072e-01,-5.715167631326548703e-01,-6.506599184218834209e-01
9.221645012638092498e-02,-7.752370112722515964e-03,-1.076435762108986921e-01,-2.064570907679759981e-01,-3.032036258716337973e-01,-3.969145875176412486e-01,-4.866517728495987072e-01,-5.715167631326548703e-01,-6.506599184218834209e-01,-7.232888838737034920e-01
-7.752370112722515964e-03,-1.076435762108986921e-01,-2.064570907679759981e-01,-3.032036258716337973e-01,-3.969145875176412486e-01,-4.866517728495987072e-01,-5.715167631326548703e-01,-6.506599184218834209e-01,-7.232888838737034920e-01,-7.886765225379934741e-01
-1.076435762108986921e-01,-2.064570907679759981e-01,-3.032036258716337973e-01,-3.969145875176412486e-01,-4.866517728495987072e-01,-5.715167631326548703e-01,-6.506599184218834209e-01,-7.232888838737034920e-01,-7.886765225379934741e-01,-8.461681952104326276e-01
-2.064570907679759981e-01,-3.032036258716337973e-01,-3.969145875176412486e-01,-4.866517728495987072e-01,-5.715167631326548703e-01,-6.506599184218834209e-01,-7.232888838737034920e-01,-7.886765225379934741e-01,-8.461681952104326276e-01,-8.951883144616203936e-01
-3.032036258716337973e-01,-3.969145875176412486e-01,-4.866517728495987072e-01,-5.715167631326548703e-01,-6.506599184218834209e-01,-7.232888838737034920e-01,-7.886765225379934741e-01,-8.461681952104326276e-01,-8.951883144616203936e-01,-9.352461072262215902e-01
-3.969145875176412486e-01,-4.866517728495987072e-01,-5.715167631326548703e-01,-6.506599184218834209e-01,-7.232888838737034920e-01,-7.886765225379934741e-01,-8.461681952104326276e-01,-8.951883144616203936e-01,-9.352461072262215902e-01,-9.659405282590195485e-01
-4.866517728495987072e-01,-5.715167631326548703e-01,-6.506599184218834209e-01,-7.232888838737034920e-01,-7.886765225379934741e-01,-8.461681952104326276e-01,-8.951883144616203936e-01,-9.352461072262215902e-01,-9.659405282590195485e-01,-9.869642752659957274e-01
-5.715167631326548703e-01,-6.506599184218834209e-01,-7.232888838737034920e-01,-7.886765225379934741e-01,-8.461681952104326276e-01,-8.951883144616203936e-01,-9.352461072262215902e-01,-9.659405282590195485e-01,-9.869642752659957274e-01,-9.981068655122841138e-01
-6.506599184218834209e-01,-7.232888838737034920e-01,-7.886765225379934741e-01,-8.461681952104326276e-01,-8.951883144616203936e-01,-9.352461072262215902e-01,-9.659405282590195485e-01,-9.869642752659957274e-01,-9.981068655122841138e-01,-9.992567431050293214e-01
-7.232888838737034920e-01,-7.886765225379934741e-01,-8.461681952104326276e-01,-8.951883144616203936e-01,-9.352461072262215902e-01,-9.659405282590195485e-01,-9.869642752659957274e-01,-9.981068655122841138e-01,-9.992567431050293214e-01,-9.904023958537355732e-01
-7.886765225379934741e-01,-8.461681952104326276e-01,-8.951883144616203936e-01,-9.352461072262215902e-01,-9.659405282590195485e-01,-9.869642752659957274e-01,-9.981068655122841138e-01,-9.992567431050293214e-01,-9.904023958537355732e-01,-9.716324705264733907e-01
-8.461681952104326276e-01,-8.951883144616203936e-01,-9.352461072262215902e-01,-9.659405282590195485e-01,-9.869642752659957274e-01,-9.981068655122841138e-01,-9.992567431050293214e-01,-9.904023958537355732e-01,-9.716324705264733907e-01,-9.431348853480389094e-01
-8.951883144616203936e-01,-9.352461072262215902e-01,-9.659405282590195485e-01,-9.869642752659957274e-01,-9.981068655122841138e-01,-9.992567431050293214e-01,-9.904023958537355732e-01,-9.716324705264733907e-01,-9.431348853480389094e-01,-9.051949486254355914e-01
-9.352461072262215902e-01,-9.659405282590195485e-01,-9.869642752659957274e-01,-9.981068655122841138e-01,-9.992567431050293214e-01,-9.904023958537355732e-01,-9.716324705264733907e-01,-9.431348853480389094e-01,-9.051949486254355914e-01,-8.581925023363741190e-01
-9.659405282590195485e-01,-9.869642752659957274e-01,-9.981068655122841138e-01,-9.992567431050293214e-01,-9.904023958537355732e-01,-9.716324705264733907e-01,-9.431348853480389094e-01,-9.051949486254355914e-01,-8.581925023363741190e-01,-8.025981192782262186e-01
-9.869642752659957274e-01,-9.981068655122841138e-01,-9.992567431050293214e-01,-9.904023958537355732e-01,-9.716324705264733907e-01,-9.431348853480389094e-01,-9.051949486254355914e-01,-8.581925023363741190e-01,-8.025981192782262186e-01,-7.389683918503098248e-01
-9.981068655122841138e-01,-9.992567431050293214e-01,-9.904023958537355732e-01,-9.716324705264733907e-01,-9.431348853480389094e-01,-9.051949486254355914e-01,-8.581925023363741190e-01,-8.025981192782262186e-01,-7.389683918503098248e-01,-6.679403596366417784e-01
-9.992567431050293214e-01,-9.904023958537355732e-01,-9.716324705264733907e-01,-9.431348853480389094e-01,-9.051949486254355914e-01,-8.581925023363741190e-01,-8.025981192782262186e-01,-7.389683918503098248e-01,-6.679403596366417784e-01,-5.902251315783408891e-01
-9.904023958537355732e-01,-9.716324705264733907e-01,-9.431348853480389094e-01,-9.051949486254355914e-01,-8.581925023363741190e-01,-8.025981192782262186e-01,-7.389683918503098248e-01,-6.679403596366417784e-01,-5.902251315783408891e-01,-5.066007665883600630e-01
-9.716324705264733907e-01,-9.431348853480389094e-01,-9.051949486254355914e-01,-8.581925023363741190e-01,-8.025981192782262186e-01,-7.389683918503098248e-01,-6.679403596366417784e-01,-5.902251315783408891e-01,-5.066007665883600630e-01,-4.179044838854557575e-01
-9.431348853480389094e-01,-9.051949486254355914e-01,-8.581925023363741190e-01,-8.025981192782262186e-01,-7.389683918503098248e-01,-6.679403596366417784e-01,-5.902251315783408891e-01,-5.066007665883600630e-01,-4.179044838854557575e-01,-3.250242810349315281e-01
-9.051949486254355914e-01,-8.581925023363741190e-01,-8.025981192782262186e-01,-7.389683918503098248e-01,-6.679403596366417784e-01,-5.902251315783408891e-01,-5.066007665883600630e-01,-4.179044838854557575e-01,-3.250242810349315281e-01,-2.288900436135304362e-01
-8.581925023363741190e-01,-8.025981192782262186e-01,-7.389683918503098248e-01,-6.679403596366417784e-01,-5.902251315783408891e-01,-5.066007665883600630e-01,-4.179044838854557575e-01,-3.250242810349315281e-01,-2.288900436135304362e-01,-1.304642355055445624e-01
-8.025981192782262186e-01,-7.389683918503098248e-01,-6.679403596366417784e-01,-5.902251315783408891e-01,-5.066007665883600630e-01,-4.179044838854557575e-01,-3.250242810349315281e-01,-2.288900436135304362e-01,-1.304642355055445624e-01,-3.073226303578771579e-02
-7.389683918503098248e-01,-6.679403596366417784e-01,-5.902251315783408891e-01,-5.066007665883600630e-01,-4.179044838854557575e-01,-3.250242810349315281e-01,-2.288900436135304362e-01,-1.304642355055445624e-01,-3.073226303578771579e-02,6.930739058948559572e-02
-6.679403596366417784e-01,-5.902251315783408891e-01,-5.066007665883600630e-01,-4.179044838854557575e-01,-3.250242810349315281e-01,-2.288900436135304362e-01,-1.304642355055445624e-01,-3.073226303578771579e-02,6.930739058948559572e-02,1.686531617630315227e-01
-5.902251315783408891e-01,-5.066007665883600630e-01,-4.179044838854557575e-01,-3.250242810349315281e-01,-2.288900436135304362e-01,-1.304642355055445624e-01,-3.073226303578771579e-02,6.930739058948559572e-02,1.686531617630315227e-01,2.663104337970143565e-01
-5.066007665883600630e-01,-4.179044838854557575e-01,-3.250242810349315281e-01,-2.288900436135304362e-01,-1.304642355055445624e-01,-3.073226303578771579e-02,6.930739058948559572e-02,1.686531617630315227e-01,2.663104337970143565e-01,3.613014946931666360e-01
-4.179044838854557575e-01,-3.250242810349315281e-01,-2.288900436135304362e-01,-1.304642355055445624e-01,-3.073226303578771579e-02,6.930739058948559572e-02,1.686531617630315227e-01,2.663104337970143565e-01,3.613014946931666360e-01,4.526753256688419991e-01
-3.250242810349315281e-01,-2.288900436135304362e-01,-1.304642355055445624e-01,-3.073226303578771579e-02,6.930739058948559572e-02,1.686531617630315227e-01,2.663104337970143565e-01,3.613014946931666360e-01,4.526753256688419991e-01,5.395171224395065579e-01
-2.288900436135304362e-01,-1.304642355055445624e-01,-3.073226303578771579e-02,6.930739058948559572e-02,1.686531617630315227e-01,2.663104337970143565e-01,3.613014946931666360e-01,4.526753256688419991e-01,5.395171224395065579e-01,6.209574539337676669e-01
-1.304642355055445624e-01,-3.073226303578771579e-02,6.930739058948559572e-02,1.686531617630315227e-01,2.663104337970143565e-01,3.613014946931666360e-01,4.526753256688419991e-01,5.395171224395065579e-01,6.209574539337676669e-01,6.961809667469437413e-01
-3.073226303578771579e-02,6.930739058948559572e-02,1.686531617630315227e-01,2.663104337970143565e-01,3.613014946931666360e-01,4.526753256688419991e-01,5.395171224395065579e-01,6.209574539337676669e-01,6.961809667469437413e-01,7.644345481870925552e-01
6.930739058948559572e-02,1.686531617630315227e-01,2.663104337970143565e-01,3.613014946931666360e-01,4.526753256688419991e-01,5.395171224395065579e-01,6.209574539337676669e-01,6.961809667469437413e-01,7.644345481870925552e-01,8.250348661878058598e-01
1.686531617630315227e-01,2.663104337970143565e-01,3.613014946931666360e-01,4.526753256688419991e-01,5.395171224395065579e-01,6.209574539337676669e-01,6.961809667469437413e-01,7.644345481870925552e-01,8.250348661878058598e-01,8.773752106006832419e-01
2.663104337970143565e-01,3.613014946931666360e-01,4.526753256688419991e-01,5.395171224395065579e-01,6.209574539337676669e-01,6.961809667469437413e-01,7.644345481870925552e-01,8.250348661878058598e-01,8.773752106006832419e-01,9.209315673747473507e-01
3.613014946931666360e-01,4.526753256688419991e-01,5.395171224395065579e-01,6.209574539337676669e-01,6.961809667469437413e-01,7.644345481870925552e-01,8.250348661878058598e-01,8.773752106006832419e-01,9.209315673747473507e-01,9.552678648101456949e-01
4.526753256688419991e-01,5.395171224395065579e-01,6.209574539337676669e-01,6.961809667469437413e-01,7.644345481870925552e-01,8.250348661878058598e-01,8.773752106006832419e-01,9.209315673747473507e-01,9.552678648101456949e-01,9.800403393623979831e-01
5.395171224395065579e-01,6.209574539337676669e-01,6.961809667469437413e-01,7.644345481870925552e-01,8.250348661878058598e-01,8.773752106006832419e-01,9.209315673747473507e-01,9.552678648101456949e-01,9.800403393623979831e-01,9.950009772882155712e-01
6.209574539337676669e-01,6.961809667469437413e-01,7.644345481870925552e-01,8.250348661878058598e-01,8.773752106006832419e-01,9.209315673747473507e-01,9.552678648101456949e-01,9.800403393623979831e-01,9.950009772882155712e-01,9.999999976762833365e-01
6.961809667469437413e-01,7.644345481870925552e-01,8.250348661878058598e-01,8.773752106006832419e-01,9.209315673747473507e-01,9.552678648101456949e-01,9.800403393623979831e-01,9.950009772882155712e-01,9.999999976762833365e-01,9.949873520037292307e-01
7.644345481870925552e-01,8.250348661878058598e-01,8.773752106006832419e-01,9.209315673747473507e-01,9.552678648101456949e-01,9.800403393623979831e-01,9.950009772882155712e-01,9.999999976762833365e-01,9.949873520037292307e-01,9.800132252052237147e-01
8.250348661878058598e-01,8.773752106006832419e-01,9.209315673747473507e-01,9.552678648101456949e-01,9.800403393623979831e-01,9.950009772882155712e-01,9.999999976762833365e-01,9.949873520037292307e-01,9.800132252052237147e-01,9.552275332381714446e-01
8.773752106006832419e-01,9.209315673747473507e-01,9.552678648101456949e-01,9.800403393623979831e-01,9.950009772882155712e-01,9.999999976762833365e-01,9.949873520037292307e-01,9.800132252052237147e-01,9.552275332381714446e-01,9.208784221742042364e-01
9.209315673747473507e-01,9.552678648101456949e-01,9.800403393623979831e-01,9.950009772882155712e-01,9.999999976762833365e-01,9.949873520037292307e-01,9.800132252052237147e-01,9.552275332381714446e-01,9.208784221742042364e-01,8.773097838435731655e-01
9.552678648101456949e-01,9.800403393623979831e-01,9.950009772882155712e-01,9.999999976762833365e-01,9.949873520037292307e-01,9.800132252052237147e-01,9.552275332381714446e-01,9.208784221742042364e-01,8.773097838435731655e-01,8.249578129049739417e-01
9.800403393623979831e-01,9.950009772882155712e-01,9.999999976762833365e-01,9.949873520037292307e-01,9.800132252052237147e-01,9.552275332381714446e-01,9.208784221742042364e-01,8.773097838435731655e-01,8.249578129049739417e-01,7.643466398102771731e-01
9.950009772882155712e-01,9.999999976762833365e-01,9.949873520037292307e-01,9.800132252052237147e-01,9.552275332381714446e-01,9.208784221742042364e-01,8.773097838435731655e-01,8.249578129049739417e-01,7.643466398102771731e-01,6.960830833854595445e-01
9.999999976762833365e-01,9.949873520037292307e-01,9.800132252052237147e-01,9.552275332381714446e-01,9.208784221742042364e-01,8.773097838435731655e-01,8.249578129049739417e-01,7.643466398102771731e-01,6.960830833854595445e-01,6.208505755631448242e-01
9.949873520037292307e-01,9.800132252052237147e-01,9.552275332381714446e-01,9.208784221742042364e-01,8.773097838435731655e-01,8.249578129049739417e-01,7.643466398102771731e-01,6.960830833854595445e-01,6.208505755631448242e-01,5.394023190903005638e-01
9.800132252052237147e-01,9.552275332381714446e-01,9.208784221742042364e-01,8.773097838435731655e-01,8.249578129049739417e-01,7.643466398102771731e-01,6.960830833854595445e-01,6.208505755631448242e-01,5.394023190903005638e-01,4.525537467138531222e-01
9.552275332381714446e-01,9.208784221742042364e-01,8.773097838435731655e-01,8.249578129049739417e-01,7.643466398102771731e-01,6.960830833854595445e-01,6.208505755631448242e-01,5.394023190903005638e-01,4.525537467138531222e-01,3.611743573402950713e-01
9.208784221742042364e-01,8.773097838435731655e-01,8.249578129049739417e-01,7.643466398102771731e-01,6.960830833854595445e-01,6.208505755631448242e-01,5.394023190903005638e-01,4.525537467138531222e-01,3.611743573402950713e-01,2.661790109029838480e-01
8.773097838435731655e-01,8.249578129049739417e-01,7.643466398102771731e-01,6.960830833854595445e-01,6.208505755631448242e-01,5.394023190903005638e-01,4.525537467138531222e-01,3.611743573402950713e-01,2.661790109029838480e-01,1.685187690899729029e-01
8.249578129049739417e-01,7.643466398102771731e-01,6.960830833854595445e-01,6.208505755631448242e-01,5.394023190903005638e-01,4.525537467138531222e-01,3.611743573402950713e-01,2.661790109029838480e-01,1.685187690899729029e-01,6.917137363196561306e-02
7.643466398102771731e-01,6.960830833854595445e-01,6.208505755631448242e-01,5.394023190903005638e-01,4.525537467138531222e-01,3.611743573402950713e-01,2.661790109029838480e-01,1.685187690899729029e-01,6.917137363196561306e-02,-3.086854252140861996e-02
6.960830833854595445e-01,6.208505755631448242e-01,5.394023190903005638e-01,4.525537467138531222e-01,3.611743573402950713e-01,2.661790109029838480e-01,1.685187690899729029e-01,6.917137363196561306e-02,-3.086854252140861996e-02,-1.305994131345622755e-01
6.208505755631448242e-01,5.394023190903005638e-01,4.525537467138531222e-01,3.611743573402950713e-01,2.661790109029838480e-01,1.685187690899729029e-01,6.917137363196561306e-02,-3.086854252140861996e-02,-1.305994131345622755e-01,-2.290227660326611958e-01
5.394023190903005638e-01,4.525537467138531222e-01,3.611743573402950713e-01,2.661790109029838480e-01,1.685187690899729029e-01,6.917137363196561306e-02,-3.086854252140861996e-02,-1.305994131345622755e-01,-2.290227660326611958e-01,-3.251532194716331703e-01
4.525537467138531222e-01,3.611743573402950713e-01,2.661790109029838480e-01,1.685187690899729029e-01,6.917137363196561306e-02,-3.086854252140861996e-02,-1.305994131345622755e-01,-2.290227660326611958e-01,-3.251532194716331703e-01,-4.180283474511546360e-01
3.611743573402950713e-01,2.661790109029838480e-01,1.685187690899729029e-01,6.917137363196561306e-02,-3.086854252140861996e-02,-1.305994131345622755e-01,-2.290227660326611958e-01,-3.251532194716331703e-01,-4.180283474511546360e-01,-5.067183152023964077e-01
2.661790109029838480e-01,1.685187690899729029e-01,6.917137363196561306e-02,-3.086854252140861996e-02,-1.305994131345622755e-01,-2.290227660326611958e-01,-3.251532194716331703e-01,-4.180283474511546360e-01,-5.067183152023964077e-01,-5.903351883832425040e-01
1.685187690899729029e-01,6.917137363196561306e-02,-3.086854252140861996e-02,-1.305994131345622755e-01,-2.290227660326611958e-01,-3.251532194716331703e-01,-4.180283474511546360e-01,-5.067183152023964077e-01,-5.903351883832425040e-01,-6.680418227804275633e-01
6.917137363196561306e-02,-3.086854252140861996e-02,-1.305994131345622755e-01,-2.290227660326611958e-01,-3.251532194716331703e-01,-4.180283474511546360e-01,-5.067183152023964077e-01,-5.903351883832425040e-01,-6.680418227804275633e-01,-7.390602455178644226e-01
-3.086854252140861996e-02,-1.305994131345622755e-01,-2.290227660326611958e-01,-3.251532194716331703e-01,-4.180283474511546360e-01,-5.067183152023964077e-01,-5.903351883832425040e-01,-6.680418227804275633e-01,-7.390602455178644226e-01,-8.026794438613015226e-01
-1.305994131345622755e-01,-2.290227660326611958e-01,-3.251532194716331703e-01,-4.180283474511546360e-01,-5.067183152023964077e-01,-5.903351883832425040e-01,-6.680418227804275633e-01,-7.390602455178644226e-01,-8.026794438613015226e-01,-8.582624836403999202e-01
-2.290227660326611958e-01,-3.251532194716331703e-01,-4.180283474511546360e-01,-5.067183152023964077e-01,-5.903351883832425040e-01,-6.680418227804275633e-01,-7.390602455178644226e-01,-8.026794438613015226e-01,-8.582624836403999202e-01,-9.052528860209638761e-01
-3.251532194716331703e-01,-4.180283474511546360e-01,-5.067183152023964077e-01,-5.903351883832425040e-01,-6.680418227804275633e-01,-7.390602455178644226e-01,-8.026794438613015226e-01,-8.582624836403999202e-01,-9.052528860209638761e-01,-9.431801987852118652e-01
-4.180283474511546360e-01,-5.067183152023964077e-01,-5.903351883832425040e-01,-6.680418227804275633e-01,-7.390602455178644226e-01,-8.026794438613015226e-01,-8.582624836403999202e-01,-9.052528860209638761e-01,-9.431801987852118652e-01,-9.716647063422889641e-01
-5.067183152023964077e-01,-5.903351883832425040e-01,-6.680418227804275633e-01,-7.390602455178644226e-01,-8.026794438613015226e-01,-8.582624836403999202e-01,-9.052528860209638761e-01,-9.431801987852118652e-01,-9.716647063422889641e-01,-9.904212313139698631e-01
-5.903351883832425040e-01,-6.680418227804275633e-01,-7.390602455178644226e-01,-8.026794438613015226e-01,-8.582624836403999202e-01,-9.052528860209638761e-01,-9.431801987852118652e-01,-9.716647063422889641e-01,-9.904212313139698631e-01,-9.992619896353439612e-01
-6.680418227804275633e-01,-7.390602455178644226e-01,-8.026794438613015226e-01,-8.582624836403999202e-01,-9.052528860209638761e-01,-9.431801987852118652e-01,-9.716647063422889641e-01,-9.904212313139698631e-01,-9.992619896353439612e-01,-9.980984705861694062e-01
-7.390602455178644226e-01,-8.026794438613015226e-01,-8.582624836403999202e-01,-9.052528860209638761e-01,-9.431801987852118652e-01,-9.716647063422889641e-01,-9.904212313139698631e-01,-9.992619896353439612e-01,-9.980984705861694062e-01,-9.869423229306487633e-01
-8.026794438613015226e-01,-8.582624836403999202e-01,-9.052528860209638761e-01,-9.431801987852118652e-01,-9.716647063422889641e-01,-9.904212313139698631e-01,-9.992619896353439612e-01,-9.980984705861694062e-01,-9.869423229306487633e-01,-9.659052382938916326e-01
-8.582624836403999202e-01,-9.052528860209638761e-01,-9.431801987852118652e-01,-9.716647063422889641e-01,-9.904212313139698631e-01,-9.992619896353439612e-01,-9.980984705861694062e-01,-9.869423229306487633e-01,-9.659052382938916326e-01,-9.351978329426596792e-01
-9.052528860209638761e-01,-9.431801987852118652e-01,-9.716647063422889641e-01,-9.904212313139698631e-01,-9.992619896353439612e-01,-9.980984705861694062e-01,-9.869423229306487633e-01,-9.659052382938916326e-01,-9.351978329426596792e-01,-8.951275391656319247e-01
-9.431801987852118652e-01,-9.716647063422889641e-01,-9.904212313139698631e-01,-9.992619896353439612e-01,-9.980984705861694062e-01,-9.869423229306487633e-01,-9.659052382938916326e-01,-9.351978329426596792e-01,-8.951275391656319247e-01,-8.460955273639871876e-01
-9.716647063422889641e-01,-9.904212313139698631e-01,-9.992619896353439612e-01,-9.980984705861694062e-01,-9.869423229306487633e-01,-9.659052382938916326e-01,-9.351978329426596792e-01,-8.951275391656319247e-01,-8.460955273639871876e-01,-7.885926896673047803e-01
-9.904212313139698631e-01,-9.992619896353439612e-01,-9.980984705861694062e-01,-9.869423229306487633e-01,-9.659052382938916326e-01,-9.351978329426596792e-01,-8.951275391656319247e-01,-8.460955273639871876e-01,-7.885926896673047803e-01,-7.231947252854796782e-01
-9.992619896353439612e-01,-9.980984705861694062e-01,-9.869423229306487633e-01,-9.659052382938916326e-01,-9.351978329426596792e-01,-8.951275391656319247e-01,-8.460955273639871876e-01,-7.885926896673047803e-01,-7.231947252854796782e-01,-6.505563768004686276e-01
-9.980984705861694062e-01,-9.869423229306487633e-01,-9.659052382938916326e-01,-9.351978329426596792e-01,-8.951275391656319247e-01,-8.460955273639871876e-01,-7.885926896673047803e-01,-7.231947252854796782e-01,-6.505563768004686276e-01,-5.714048751021886252e-01
-9.869423229306487633e-01,-9.659052382938916326e-01,-9.351978329426596792e-01,-8.951275391656319247e-01,-8.460955273639871876e-01,-7.885926896673047803e-01,-7.231947252854796782e-01,-6.505563768004686276e-01,-5.714048751021886252e-01,-4.865326585956807892e-01
-9.659052382938916326e-01,-9.351978329426596792e-01,-8.951275391656319247e-01,-8.460955273639871876e-01,-7.885926896673047803e-01,-7.231947252854796782e-01,-6.505563768004686276e-01,-5.714048751021886252e-01,-4.865326585956807892e-01,-3.967894395724076984e-01
-9.351978329426596792e-01,-8.951275391656319247e-01,-8.460955273639871876e-01,-7.885926896673047803e-01,-7.231947252854796782e-01,-6.505563768004686276e-01,-5.714048751021886252e-01,-4.865326585956807892e-01,-3.967894395724076984e-01,-3.030736971745233155e-01
-8.951275391656319247e-01,-8.460955273639871876e-01,-7.885926896673047803e-01,-7.231947252854796782e-01,-6.505563768004686276e-01,-5.714048751021886252e-01,-4.865326585956807892e-01,-3.967894395724076984e-01,-3.030736971745233155e-01,-2.063236821217188655e-01
-8.460955273639871876e-01,-7.885926896673047803e-01,-7.231947252854796782e-01,-6.505563768004686276e-01,-5.714048751021886252e-01,-4.865326585956807892e-01,-3.967894395724076984e-01,-3.030736971745233155e-01,-2.063236821217188655e-01,-1.075080232583138923e-01
-7.885926896673047803e-01,-7.231947252854796782e-01,-6.505563768004686276e-01,-5.714048751021886252e-01,-4.865326585956807892e-01,-3.967894395724076984e-01,-3.030736971745233155e-01,-2.063236821217188655e-01,-1.075080232583138923e-01,-7.616029964708019920e-03
-7.231947252854796782e-01,-6.505563768004686276e-01,-5.714048751021886252e-01,-4.865326585956807892e-01,-3.967894395724076984e-01,-3.030736971745233155e-01,-2.063236821217188655e-01,-1.075080232583138923e-01,-7.616029964708019920e-03,9.235221247778938047e-02
-6.505563768004686276e-01,-5.714048751021886252e-01,-4.865326585956807892e-01,-3.967894395724076984e-01,-3.030736971745233155e-01,-2.063236821217188655e-01,-1.075080232583138923e-01,-7.616029964708019920e-03,9.235221247778938047e-02,1.913958554068510565e-01
-5.714048751021886252e-01,-4.865326585956807892e-01,-3.967894395724076984e-01,-3.030736971745233155e-01,-2.063236821217188655e-01,-1.075080232583138923e-01,-7.616029964708019920e-03,9.235221247778938047e-02,1.913958554068510565e-01,2.885233069417396101e-01
-4.865326585956807892e-01,-3.967894395724076984e-01,-3.030736971745233155e-01,-2.063236821217188655e-01,-1.075080232583138923e-01,-7.616029964708019920e-03,9.235221247778938047e-02,1.913958554068510565e-01,2.885233069417396101e-01,3.827621594701088870e-01
-3.967894395724076984e-01,-3.030736971745233155e-01,-2.063236821217188655e-01,-1.075080232583138923e-01,-7.616029964708019920e-03,9.235221247778938047e-02,1.913958554068510565e-01,2.885233069417396101e-01,3.827621594701088870e-01,4.731689250683162595e-01
-3.030736971745233155e-01,-2.063236821217188655e-01,-1.075080232583138923e-01,-7.616029964708019920e-03,9.235221247778938047e-02,1.913958554068510565e-01,2.885233069417396101e-01,3.827621594701088870e-01,4.731689250683162595e-01,5.588384813874683887e-01
-2.063236821217188655e-01,-1.075080232583138923e-01,-7.616029964708019920e-03,9.235221247778938047e-02,1.913958554068510565e-01,2.885233069417396101e-01,3.827621594701088870e-01,4.731689250683162595e-01,5.588384813874683887e-01,6.389131334361431991e-01
-1.075080232583138923e-01,-7.616029964708019920e-03,9.235221247778938047e-02,1.913958554068510565e-01,2.885233069417396101e-01,3.827621594701088870e-01,4.731689250683162595e-01,5.588384813874683887e-01,6.389131334361431991e-01,7.125912005362459167e-01
-7.616029964708019920e-03,9.235221247778938047e-02,1.913958554068510565e-01,2.885233069417396101e-01,3.827621594701088870e-01,4.731689250683162595e-01,5.588384813874683887e-01,6.389131334361431991e-01,7.125912005362459167e-01,7.791350424822643950e-01
9.235221247778938047e-02,1.913958554068510565e-01,2.885233069417396101e-01,3.827621594701088870e-01,4.731689250683162595e-01,5.588384813874683887e-01,6.389131334361431991e-01,7.125912005362459167e-01,7.791350424822643950e-01,8.378784445486959775e-01
1.913958554068510565e-01,2.885233069417396101e-01,3.827621594701088870e-01,4.731689250683162595e-01,5.588384813874683887e-01,6.389131334361431991e-01,7.125912005362459167e-01,7.791350424822643950e-01,8.378784445486959775e-01,8.882332874094202024e-01
2.885233069417396101e-01,3.827621594701088870e-01,4.731689250683162595e-01,5.588384813874683887e-01,6.389131334361431991e-01,7.125912005362459167e-01,7.791350424822643950e-01,8.378784445486959775e-01,8.882332874094202024e-01,9.296954351920088122e-01
3.827621594701088870e-01,4.731689250683162595e-01,5.588384813874683887e-01,6.389131334361431991e-01,7.125912005362459167e-01,7.791350424822643950e-01,8.378784445486959775e-01,8.882332874094202024e-01,9.296954351920088122e-01,9.618497827177420190e-01
4.731689250683162595e-01,5.588384813874683887e-01,6.389131334361431991e-01,7.125912005362459167e-01,7.791350424822643950e-01,8.378784445486959775e-01,8.882332874094202024e-01,9.296954351920088122e-01,9.618497827177420190e-01,9.843744113960467557e-01
5.588384813874683887e-01,6.389131334361431991e-01,7.125912005362459167e-01,7.791350424822643950e-01,8.378784445486959775e-01,8.882332874094202024e-01,9.296954351920088122e-01,9.618497827177420190e-01,9.843744113960467557e-01,9.970438121659324082e-01
6.389131334361431991e-01,7.125912005362459167e-01,7.791350424822643950e-01,8.378784445486959775e-01,8.882332874094202024e-01,9.296954351920088122e-01,9.618497827177420190e-01,9.843744113960467557e-01,9.970438121659324082e-01,9.997311432174078583e-01
7.125912005362459167e-01,7.791350424822643950e-01,8.378784445486959775e-01,8.882332874094202024e-01,9.296954351920088122e-01,9.618497827177420190e-01,9.843744113960467557e-01,9.970438121659324082e-01,9.997311432174078583e-01,9.924094998893290276e-01
7.791350424822643950e-01,8.378784445486959775e-01,8.882332874094202024e-01,9.296954351920088122e-01,9.618497827177420190e-01,9.843744113960467557e-01,9.970438121659324082e-01,9.997311432174078583e-01,9.924094998893290276e-01,9.751521840298819077e-01
8.378784445486959775e-01,8.882332874094202024e-01,9.296954351920088122e-01,9.618497827177420190e-01,9.843744113960467557e-01,9.970438121659324082e-01,9.997311432174078583e-01,9.924094998893290276e-01,9.751521840298819077e-01,9.481319701229552477e-01
8.882332874094202024e-01,9.296954351920088122e-01,9.618497827177420190e-01,9.843744113960467557e-01,9.970438121659324082e-01,9.997311432174078583e-01,9.924094998893290276e-01,9.751521840298819077e-01,9.481319701229552477e-01,9.116193755277006705e-01
9.296954351920088122e-01,9.618497827177420190e-01,9.843744113960467557e-01,9.970438121659324082e-01,9.997311432174078583e-01,9.924094998893290276e-01,9.751521840298819077e-01,9.481319701229552477e-01,9.116193755277006705e-01,8.659799521490618712e-01
9.618497827177420190e-01,9.843744113960467557e-01,9.970438121659324082e-01,9.997311432174078583e-01,9.924094998893290276e-01,9.751521840298819077e-01,9.481319701229552477e-01,9.116193755277006705e-01,8.659799521490618712e-01,8.116706266541671155e-01
9.843744113960467557e-01,9.970438121659324082e-01,9.997311432174078583e-01,9.924094998893290276e-01,9.751521840298819077e-01,9.481319701229552477e-01,9.116193755277006705e-01,8.659799521490618712e-01,8.116706266541671155e-01,7.492351258751123178e-01
9.970438121659324082e-01,9.997311432174078583e-01,9.924094998893290276e-01,9.751521840298819077e-01,9.481319701229552477e-01,9.116193755277006705e-01,8.659799521490618712e-01,8.116706266541671155e-01,7.492351258751123178e-01,6.792985331974774610e-01
9.997311432174078583e-01,9.924094998893290276e-01,9.751521840298819077e-01,9.481319701229552477e-01,9.116193755277006705e-01,8.659799521490618712e-01,8.116706266541671155e-01,7.492351258751123178e-01,6.792985331974774610e-01,6.025610304341959544e-01
9.924094998893290276e-01,9.751521840298819077e-01,9.481319701229552477e-01,9.116193755277006705e-01,8.659799521490618712e-01,8.116706266541671155e-01,7.492351258751123178e-01,6.792985331974774610e-01,6.025610304341959544e-01,5.197908878390449239e-01
9.751521840298819077e-01,9.481319701229552477e-01,9.116193755277006705e-01,8.659799521490618712e-01,8.116706266541671155e-01,7.492351258751123178e-01,6.792985331974774610e-01,6.025610304341959544e-01,5.197908878390449239e-01,4.318167724414027631e-01
9.481319701229552477e-01,9.116193755277006705e-01,8.659799521490618712e-01,8.116706266541671155e-01,7.492351258751123178e-01,6.792985331974774610e-01,6.025610304341959544e-01,5.197908878390449239e-01,4.318167724414027631e-01,3.395194517086557728e-01
9.116193755277006705e-01,8.659799521490618712e-01,8.116706266541671155e-01,7.492351258751123178e-01,6.792985331974774610e-01,6.025610304341959544e-01,5.197908878390449239e-01,4.318167724414027631e-01,3.395194517086557728e-01,2.438229755964176904e-01
8.659799521490618712e-01,8.116706266541671155e-01,7.492351258751123178e-01,6.792985331974774610e-01,6.025610304341959544e-01,5.197908878390449239e-01,4.318167724414027631e-01,3.395194517086557728e-01,2.438229755964176904e-01,1.456854252689287477e-01
8.116706266541671155e-01,7.492351258751123178e-01,6.792985331974774610e-01,6.025610304341959544e-01,5.197908878390449239e-01,4.318167724414027631e-01,3.395194517086557728e-01,2.438229755964176904e-01,1.456854252689287477e-01,4.608932111035837775e-02
7.492351258751123178e-01,6.792985331974774610e-01,6.025610304341959544e-01,5.197908878390449239e-01,4.318167724414027631e-01,3.395194517086557728e-01,2.438229755964176904e-01,1.456854252689287477e-01,4.608932111035837775e-02,-5.396821394120190907e-02
6.792985331974774610e-01,6.025610304341959544e-01,5.197908878390449239e-01,4.318167724414027631e-01,3.395194517086557728e-01,2.438229755964176904e-01,1.456854252689287477e-01,4.608932111035837775e-02,-5.396821394120190907e-02,-1.534854372556391788e-01
6.025610304341959544e-01,5.197908878390449239e-01,4.318167724414027631e-01,3.395194517086557728e-01,2.438229755964176904e-01,1.456854252689287477e-01,4.608932111035837775e-02,-5.396821394120190907e-02,-1.534854372556391788e-01,-2.514660156235337118e-01
5.197908878390449239e-01,4.318167724414027631e-01,3.395194517086557728e-01,2.438229755964176904e-01,1.456854252689287477e-01,4.608932111035837775e-02,-5.396821394120190907e-02,-1.534854372556391788e-01,-2.514660156235337118e-01,-3.469290002115601457e-01
4.318167724414027631e-01,3.395194517086557728e-01,2.438229755964176904e-01,1.456854252689287477e-01,4.608932111035837775e-02,-5.396821394120190907e-02,-1.534854372556391788e-01,-2.514660156235337118e-01,-3.469290002115601457e-01,-4.389186474946520367e-01
3.395194517086557728e-01,2.438229755964176904e-01,1.456854252689287477e-01,4.608932111035837775e-02,-5.396821394120190907e-02,-1.534854372556391788e-01,-2.514660156235337118e-01,-3.469290002115601457e-01,-4.389186474946520367e-01,-5.265139878410365348e-01
2.438229755964176904e-01,1.456854252689287477e-01,4.608932111035837775e-02,-5.396821394120190907e-02,-1.534854372556391788e-01,-2.514660156235337118e-01,-3.469290002115601457e-01,-4.389186474946520367e-01,-5.265139878410365348e-01,-6.088380459526613331e-01
1.456854252689287477e-01,4.608932111035837775e-02,-5.396821394120190907e-02,-1.534854372556391788e-01,-2.514660156235337118e-01,-3.469290002115601457e-01,-4.389186474946520367e-01,-5.265139878410365348e-01,-6.088380459526613331e-01,-6.850666208490424625e-01
4.608932111035837775e-02,-5.396821394120190907e-02,-1.534854372556391788e-01,-2.514660156235337118e-01,-3.469290002115601457e-01,-4.389186474946520367e-01,-5.265139878410365348e-01,-6.088380459526613331e-01,-6.850666208490424625e-01,-7.544365374922668011e-01
-5.396821394120190907e-02,-1.534854372556391788e-01,-2.514660156235337118e-01,-3.469290002115601457e-01,-4.389186474946520367e-01,-5.265139878410365348e-01,-6.088380459526613331e-01,-6.850666208490424625e-01,-7.544365374922668011e-01,-8.162532874406353001e-01
-1.534854372556391788e-01,-2.514660156235337118e-01,-3.469290002115601457e-01,-4.389186474946520367e-01,-5.265139878410365348e-01,-6.088380459526613331e-01,-6.850666208490424625e-01,-7.544365374922668011e-01,-8.162532874406353001e-01,-8.698979820352739090e-01
-2.514660156235337118e-01,-3.469290002115601457e-01,-4.389186474946520367e-01,-5.265139878410365348e-01,-6.088380459526613331e-01,-6.850666208490424625e-01,-7.544365374922668011e-01,-8.162532874406353001e-01,-8.698979820352739090e-01,-9.148335485067290440e-01
-3.469290002115601457e-01,-4.389186474946520367e-01,-5.265139878410365348e-01,-6.088380459526613331e-01,-6.850666208490424625e-01,-7.544365374922668011e-01,-8.162532874406353001e-01,-8.698979820352739090e-01,-9.148335485067290440e-01,-9.506101069681982541e-01
-4.389186474946520367e-01,-5.265139878410365348e-01,-6.088380459526613331e-01,-6.850666208490424625e-01,-7.544365374922668011e-01,-8.162532874406353001e-01,-8.698979820352739090e-01,-9.148335485067290440e-01,-9.506101069681982541e-01,-9.768694744627346438e-01
-5.265139878410365348e-01,-6.088380459526613331e-01,-6.850666208490424625e-01,-7.544365374922668011e-01,-8.162532874406353001e-01,-8.698979820352739090e-01,-9.148335485067290440e-01,-9.506101069681982541e-01,-9.768694744627346438e-01,-9.933487509714088448e-01
-6.088380459526613331e-01,-6.850666208490424625e-01,-7.544365374922668011e-01,-8.162532874406353001e-01,-8.698979820352739090e-01,-9.148335485067290440e-01,-9.506101069681982541e-01,-9.768694744627346438e-01,-9.933487509714088448e-01,-9.998829514805119834e-01
-6.850666208490424625e-01,-7.544365374922668011e-01,-8.162532874406353001e-01,-8.698979820352739090e-01,-9.148335485067290440e-01,-9.506101069681982541e-01,-9.768694744627346438e-01,-9.933487509714088448e-01,-9.998829514805119834e-01,-9.964066577564214544e-01
-7.544365374922668011e-01,-8.162532874406353001e-01,-8.698979820352739090e-01,-9.148335485067290440e-01,-9.506101069681982541e-01,-9.768694744627346438e-01,-9.933487509714088448e-01,-9.998829514805119834e-01,-9.964066577564214544e-01,-9.829546732911127460e-01
-8.162532874406353001e-01,-8.698979820352739090e-01,-9.148335485067290440e-01,-9.506101069681982541e-01,-9.768694744627346438e-01,-9.933487509714088448e-01,-9.998829514805119834e-01,-9.964066577564214544e-01,-9.829546732911127460e-01,-9.596616748612180059e-01
-8.698979820352739090e-01,-9.148335485067290440e-01,-9.506101069681982541e-01,-9.768694744627346438e-01,-9.933487509714088448e-01,-9.998829514805119834e-01,-9.964066577564214544e-01,-9.829546732911127460e-01,-9.596616748612180059e-01,-9.267608641891099674e-01
-9.148335485067290440e-01,-9.506101069681982541e-01,-9.768694744627346438e-01,-9.933487509714088448e-01,-9.998829514805119834e-01,-9.964066577564214544e-01,-9.829546732911127460e-01,-9.596616748612180059e-01,-9.267608641891099674e-01,-8.845816332051268382e-01
-9.506101069681982541e-01,-9.768694744627346438e-01,-9.933487509714088448e-01,-9.998829514805119834e-01,-9.964066577564214544e-01,-9.829546732911127460e-01,-9.596616748612180059e-01,-9.267608641891099674e-01,-8.845816332051268382e-01,-8.335462662855553928e-01
-9.768694744627346438e-01,-9.933487509714088448e-01,-9.998829514805119834e-01,-9.964066577564214544e-01,-9.829546732911127460e-01,-9.596616748612180059e-01,-9.267608641891099674e-01,-8.845816332051268382e-01,-8.335462662855553928e-01,-7.741657124824630198e-01
-9.933487509714088448e-01,-9.998829514805119834e-01,-9.964066577564214544e-01,-9.829546732911127460e-01,-9.596616748612180059e-01,-9.267608641891099674e-01,-8.845816332051268382e-01,-8.335462662855553928e-01,-7.741657124824630198e-01,-7.070344700724024989e-01
-9.998829514805119834e-01,-9.964066577564214544e-01,-9.829546732911127460e-01,-9.596616748612180059e-01,-9.267608641891099674e-01,-8.845816332051268382e-01,-8.335462662855553928e-01,-7.741657124824630198e-01,-7.070344700724024989e-01,-6.328246346381797283e-01
-9.964066577564214544e-01,-9.829546732911127460e-01,-9.596616748612180059e-01,-9.267608641891099674e-01,-8.845816332051268382e-01,-8.335462662855553928e-01,-7.741657124824630198e-01,-7.070344700724024989e-01,-6.328246346381797283e-01,-5.522791702723022222e-01
-9.829546732911127460e-01,-9.596616748612180059e-01,-9.267608641891099674e-01,-8.845816332051268382e-01,-8.335462662855553928e-01,-7.741657124824630198e-01,-7.070344700724024989e-01,-6.328246346381797283e-01,-5.522791702723022222e-01,-4.662044712685728953e-01
-9.596616748612180059e-01,-9.267608641891099674e-01,-8.845816332051268382e-01,-8.335462662855553928e-01,-7.741657124824630198e-01,-7.070344700724024989e-01,-6.328246346381797283e-01,-5.522791702723022222e-01,-4.662044712685728953e-01,-3.754622887716878576e-01
-9.267608641891099674e-01,-8.845816332051268382e-01,-8.335462662855553928e-01,-7.741657124824630198e-01,-7.070344700724024989e-01,-6.328246346381797283e-01,-5.522791702723022222e-01,-4.662044712685728953e-01,-3.754622887716878576e-01,-2.809611032125291508e-01
-8.845816332051268382e-01,-8.335462662855553928e-01,-7.741657124824630198e-01,-7.070344700724024989e-01,-6.328246346381797283e-01,-5.522791702723022222e-01,-4.662044712685728953e-01,-3.754622887716878576e-01,-2.809611032125291508e-01,-1.836470289054463190e-01
-8.335462662855553928e-01,-7.741657124824630198e-01,-7.070344700724024989e-01,-6.328246346381797283e-01,-5.522791702723022222e-01,-4.662044712685728953e-01,-3.754622887716878576e-01,-2.809611032125291508e-01,-1.836470289054463190e-01,-8.449434186766441313e-02
-7.741657124824630198e-01,-7.070344700724024989e-01,-6.328246346381797283e-01,-5.522791702723022222e-01,-4.662044712685728953e-01,-3.754622887716878576e-01,-2.809611032125291508e-01,-1.836470289054463190e-01,-8.449434186766441313e-02,1.550427430687428484e-02
-7.070344700724024989e-01,-6.328246346381797283e-01,-5.522791702723022222e-01,-4.662044712685728953e-01,-3.754622887716878576e-01,-2.809611032125291508e-01,-1.836470289054463190e-01,-8.449434186766441313e-02,1.550427430687428484e-02,1.153476668641795766e-01
-6.328246346381797283e-01,-5.522791702723022222e-01,-4.662044712685728953e-01,-3.754622887716878576e-01,-2.809611032125291508e-01,-1.836470289054463190e-01,-8.449434186766441313e-02,1.550427430687428484e-02,1.153476668641795766e-01,2.140362370972853645e-01
-5.522791702723022222e-01,-4.662044712685728953e-01,-3.754622887716878576e-01,-2.809611032125291508e-01,-1.836470289054463190e-01,-8.449434186766441313e-02,1.550427430687428484e-02,1.153476668641795766e-01,2.140362370972853645e-01,3.105819479947216633e-01
-4.662044712685728953e-01,-3.754622887716878576e-01,-2.809611032125291508e-01,-1.836470289054463190e-01,-8.449434186766441313e-02,1.550427430687428484e-02,1.153476668641795766e-01,2.140362370972853645e-01,3.105819479947216633e-01,4.040182161371519975e-01
-3.754622887716878576e-01,-2.809611032125291508e-01,-1.836470289054463190e-01,-8.449434186766441313e-02,1.550427430687428484e-02,1.153476668641795766e-01,2.140362370972853645e-01,3.105819479947216633e-01,4.040182161371519975e-01,4.934095888078097736e-01
-2.809611032125291508e-01,-1.836470289054463190e-01,-8.449434186766441313e-02,1.550427430687428484e-02,1.153476668641795766e-01,2.140362370972853645e-01,3.105819479947216633e-01,4.040182161371519975e-01,4.934095888078097736e-01,5.778611094327362752e-01
-1.836470289054463190e-01,-8.449434186766441313e-02,1.550427430687428484e-02,1.153476668641795766e-01,2.140362370972853645e-01,3.105819479947216633e-01,4.040182161371519975e-01,4.934095888078097736e-01,5.778611094327362752e-01,6.565272775871582311e-01
-8.449434186766441313e-02,1.550427430687428484e-02,1.153476668641795766e-01,2.140362370972853645e-01,3.105819479947216633e-01,4.040182161371519975e-01,4.934095888078097736e-01,5.778611094327362752e-01,6.565272775871582311e-01,7.286205138634148648e-01
1.550427430687428484e-02,1.153476668641795766e-01,2.140362370972853645e-01,3.105819479947216633e-01,4.040182161371519975e-01,4.934095888078097736e-01,5.778611094327362752e-01,6.565272775871582311e-01,7.286205138634148648e-01,7.934190448530015205e-01
1.153476668641795766e-01,2.140362370972853645e-01,3.105819479947216633e-01,4.040182161371519975e-01,4.934095888078097736e-01,5.778611094327362752e-01,6.565272775871582311e-01,7.286205138634148648e-01,7.934190448530015205e-01,8.502741293009239421e-01
2.140362370972853645e-01,3.105819479947216633e-01,4.040182161371519975e-01,4.934095888078097736e-01,5.778611094327362752e-01,6.565272775871582311e-01,7.286205138634148648e-01,7.934190448530015205e-01,8.502741293009239421e-01,8.986165530865186657e-01
3.105819479947216633e-01,4.040182161371519975e-01,4.934095888078097736e-01,5.778611094327362752e-01,6.565272775871582311e-01,7.286205138634148648e-01,7.934190448530015205e-01,8.502741293009239421e-01,8.986165530865186657e-01,9.379623280051585521e-01
4.040182161371519975e-01,4.934095888078097736e-01,5.778611094327362752e-01,6.565272775871582311e-01,7.286205138634148648e-01,7.934190448530015205e-01,8.502741293009239421e-01,8.986165530865186657e-01,9.379623280051585521e-01,9.679175372965462820e-01
4.934095888078097736e-01,5.778611094327362752e-01,6.565272775871582311e-01,7.286205138634148648e-01,7.934190448530015205e-01,8.502741293009239421e-01,8.986165530865186657e-01,9.379623280051585521e-01,9.679175372965462820e-01,9.881822794077836924e-01
5.778611094327362752e-01,6.565272775871582311e-01,7.286205138634148648e-01,7.934190448530015205e-01,8.502741293009239421e-01,8.986165530865186657e-01,9.379623280051585521e-01,9.679175372965462820e-01,9.881822794077836924e-01,9.985536705075769293e-01
6.565272775871582311e-01,7.286205138634148648e-01,7.934190448530015205e-01,8.502741293009239421e-01,8.986165530865186657e-01,9.379623280051585521e-01,9.679175372965462820e-01,9.881822794077836924e-01,9.985536705075769293e-01,9.989278756914095059e-01
7.286205138634148648e-01,7.934190448530015205e-01,8.502741293009239421e-01,8.986165530865186657e-01,9.379623280051585521e-01,9.679175372965462820e-01,9.881822794077836924e-01,9.985536705075769293e-01,9.989278756914095059e-01,9.893011485419340723e-01
7.934190448530015205e-01,8.502741293009239421e-01,8.986165530865186657e-01,9.379623280051585521e-01,9.679175372965462820e-01,9.881822794077836924e-01,9.985536705075769293e-01,9.989278756914095059e-01,9.893011485419340723e-01,9.697698686368518839e-01
8.502741293009239421e-01,8.986165530865186657e-01,9.379623280051585521e-01,9.679175372965462820e-01,9.881822794077836924e-01,9.985536705075769293e-01,9.989278756914095059e-01,9.893011485419340723e-01,9.697698686368518839e-01,9.405295766287634640e-01
8.986165530865186657e-01,9.379623280051585521e-01,9.679175372965462820e-01,9.881822794077836924e-01,9.985536705075769293e-01,9.989278756914095059e-01,9.893011485419340723e-01,9.697698686368518839e-01,9.405295766287634640e-01,9.018730165574490032e-01
9.379623280051585521e-01,9.679175372965462820e-01,9.881822794077836924e-01,9.985536705075769293e-01,9.989278756914095059e-01,9.893011485419340723e-01,9.697698686368518839e-01,9.405295766287634640e-01,9.018730165574490032e-01,8.541872049942944578e-01
9.679175372965462820e-01,9.881822794077836924e-01,9.985536705075769293e-01,9.989278756914095059e-01,9.893011485419340723e-01,9.697698686368518839e-01,9.405295766287634640e-01,9.018730165574490032e-01,8.541872049942944578e-01,7.979495563616090248e-01
9.881822794077836924e-01,9.985536705075769293e-01,9.989278756914095059e-01,9.893011485419340723e-01,9.697698686368518839e-01,9.405295766287634640e-01,9.018730165574490032e-01,8.541872049942944578e-01,7.979495563616090248e-01,7.337231032188461510e-01
9.985536705075769293e-01,9.989278756914095059e-01,9.893011485419340723e-01,9.697698686368518839e-01,9.405295766287634640e-01,9.018730165574490032e-01,8.541872049942944578e-01,7.979495563616090248e-01,7.337231032188461510e-01,6.621508593686236122e-01
9.989278756914095059e-01,9.893011485419340723e-01,9.697698686368518839e-01,9.405295766287634640e-01,9.018730165574490032e-01,8.541872049942944578e-01,7.979495563616090248e-01,7.337231032188461510e-01,6.621508593686236122e-01,5.839493822172441284e-01
9.893011485419340723e-01,9.697698686368518839e-01,9.405295766287634640e-01,9.018730165574490032e-01,8.541872049942944578e-01,7.979495563616090248e-01,7.337231032188461510e-01,6.621508593686236122e-01,5.839493822172441284e-01,4.999015988412139899e-01
9.697698686368518839e-01,9.405295766287634640e-01,9.018730165574490032e-01,8.541872049942944578e-01,7.979495563616090248e-01,7.337231032188461510e-01,6.621508593686236122e-01,5.839493822172441284e-01,4.999015988412139899e-01,4.108489675827848853e-01
9.405295766287634640e-01,9.018730165574490032e-01,8.541872049942944578e-01,7.979495563616090248e-01,7.337231032188461510e-01,6.621508593686236122e-01,5.839493822172441284e-01,4.999015988412139899e-01,4.108489675827848853e-01,3.176830536500076518e-01
9.018730165574490032e-01,8.541872049942944578e-01,7.979495563616090248e-01,7.337231032188461510e-01,6.621508593686236122e-01,5.839493822172441284e-01,4.999015988412139899e-01,4.108489675827848853e-01,3.176830536500076518e-01,2.213366030635772752e-01
8.541872049942944578e-01,7.979495563616090248e-01,7.337231032188461510e-01,6.621508593686236122e-01,5.839493822172441284e-01,4.999015988412139899e-01,4.108489675827848853e-01,3.176830536500076518e-01,2.213366030635772752e-01,1.227742043151326956e-01
7.979495563616090248e-01,7.337231032188461510e-01,6.621508593686236122e-01,5.839493822172441284e-01,4.999015988412139899e-01,4.108489675827848853e-01,3.176830536500076518e-01,2.213366030635772752e-01,1.227742043151326956e-01,2.298263122937022063e-02
7.337231032188461510e-01,6.621508593686236122e-01,5.839493822172441284e-01,4.999015988412139899e-01,4.108489675827848853e-01,3.176830536500076518e-01,2.213366030635772752e-01,1.227742043151326956e-01,2.298263122937022063e-02,-7.703903628598980646e-02
6.621508593686236122e-01,5.839493822172441284e-01,4.999015988412139899e-01,4.108489675827848853e-01,3.176830536500076518e-01,2.213366030635772752e-01,1.227742043151326956e-01,2.298263122937022063e-02,-7.703903628598980646e-02,-1.762894146946301088e-01
5.839493822172441284e-01,4.999015988412139899e-01,4.108489675827848853e-01,3.176830536500076518e-01,2.213366030635772752e-01,1.227742043151326956e-01,2.298263122937022063e-02,-7.703903628598980646e-02,-1.762894146946301088e-01,-2.737748423492240568e-01
4.999015988412139899e-01,4.108489675827848853e-01,3.176830536500076518e-01,2.213366030635772752e-01,1.227742043151326956e-01,2.298263122937022063e-02,-7.703903628598980646e-02,-1.762894146946301088e-01,-2.737748423492240568e-01,-3.685193277000490264e-01
4.108489675827848853e-01,3.176830536500076518e-01,2.213366030635772752e-01,1.227742043151326956e-01,2.298263122937022063e-02,-7.703903628598980646e-02,-1.762894146946301088e-01,-2.737748423492240568e-01,-3.685193277000490264e-01,-4.595743205964829547e-01
3.176830536500076518e-01,2.213366030635772752e-01,1.227742043151326956e-01,2.298263122937022063e-02,-7.703903628598980646e-02,-1.762894146946301088e-01,-2.737748423492240568e-01,-3.685193277000490264e-01,-4.595743205964829547e-01,-5.460282088543760848e-01
2.213366030635772752e-01,1.227742043151326956e-01,2.298263122937022063e-02,-7.703903628598980646e-02,-1.762894146946301088e-01,-2.737748423492240568e-01,-3.685193277000490264e-01,-4.595743205964829547e-01,-5.460282088543760848e-01,-6.270154450128367918e-01
1.227742043151326956e-01,2.298263122937022063e-02,-7.703903628598980646e-02,-1.762894146946301088e-01,-2.737748423492240568e-01,-3.685193277000490264e-01,-4.595743205964829547e-01,-5.460282088543760848e-01,-6.270154450128367918e-01,-7.017252119063897009e-01
2.298263122937022063e-02,-7.703903628598980646e-02,-1.762894146946301088e-01,-2.737748423492240568e-01,-3.685193277000490264e-01,-4.595743205964829547e-01,-5.460282088543760848e-01,-6.270154450128367918e-01,-7.017252119063897009e-01,-7.694095402956916407e-01
-7.703903628598980646e-02,-1.762894146946301088e-01,-2.737748423492240568e-01,-3.685193277000490264e-01,-4.595743205964829547e-01,-5.460282088543760848e-01,-6.270154450128367918e-01,-7.017252119063897009e-01,-7.694095402956916407e-01,-8.293907972857968991e-01
-1.762894146946301088e-01,-2.737748423492240568e-01,-3.685193277000490264e-01,-4.595743205964829547e-01,-5.460282088543760848e-01,-6.270154450128367918e-01,-7.017252119063897009e-01,-7.694095402956916407e-01,-8.293907972857968991e-01,-8.810684705604286959e-01
-2.737748423492240568e-01,-3.685193277000490264e-01,-4.595743205964829547e-01,-5.460282088543760848e-01,-6.270154450128367918e-01,-7.017252119063897009e-01,-7.694095402956916407e-01,-8.293907972857968991e-01,-8.810684705604286959e-01,-9.239251805107693283e-01
-3.685193277000490264e-01,-4.595743205964829547e-01,-5.460282088543760848e-01,-6.270154450128367918e-01,-7.017252119063897009e-01,-7.694095402956916407e-01,-8.293907972857968991e-01,-8.810684705604286959e-01,-9.239251805107693283e-01,-9.575318600673419223e-01
-4.595743205964829547e-01,-5.460282088543760848e-01,-6.270154450128367918e-01,-7.017252119063897009e-01,-7.694095402956916407e-01,-8.293907972857968991e-01,-8.810684705604286959e-01,-9.239251805107693283e-01,-9.575318600673419223e-01,-9.815520503762380500e-01
-5.460282088543760848e-01,-6.270154450128367918e-01,-7.017252119063897009e-01,-7.694095402956916407e-01,-8.293907972857968991e-01,-8.810684705604286959e-01,-9.239251805107693283e-01,-9.575318600673419223e-01,-9.815520503762380500e-01,-9.957452693128134857e-01
-6.270154450128367918e-01,-7.017252119063897009e-01,-7.694095402956916407e-01,-8.293907972857968991e-01,-8.810684705604286959e-01,-9.239251805107693283e-01,-9.575318600673419223e-01,-9.815520503762380500e-01,-9.957452693128134857e-01,-9.999694191084198547e-01
-7.017252119063897009e-01,-7.694095402956916407e-01,-8.293907972857968991e-01,-8.810684705604286959e-01,-9.239251805107693283e-01,-9.575318600673419223e-01,-9.815520503762380500e-01,-9.957452693128134857e-01,-9.999694191084198547e-01,-9.941822089858152189e-01
-7.694095402956916407e-01,-8.293907972857968991e-01,-8.810684705604286959e-01,-9.239251805107693283e-01,-9.575318600673419223e-01,-9.815520503762380500e-01,-9.957452693128134857e-01,-9.999694191084198547e-01,-9.941822089858152189e-01,-9.784415785603043370e-01
-8.293907972857968991e-01,-8.810684705604286959e-01,-9.239251805107693283e-01,-9.575318600673419223e-01,-9.815520503762380500e-01,-9.957452693128134857e-01,-9.999694191084198547e-01,-9.941822089858152189e-01,-9.784415785603043370e-01,-9.529051177676572948e-01
-8.810684705604286959e-01,-9.239251805107693283e-01,-9.575318600673419223e-01,-9.815520503762380500e-01,-9.957452693128134857e-01,-9.999694191084198547e-01,-9.941822089858152189e-01,-9.784415785603043370e-01,-9.529051177676572948e-01,-9.178284891262943335e-01
-9.239251805107693283e-01,-9.575318600673419223e-01,-9.815520503762380500e-01,-9.957452693128134857e-01,-9.999694191084198547e-01,-9.941822089858152189e-01,-9.784415785603043370e-01,-9.529051177676572948e-01,-9.178284891262943335e-01,-8.735628681295213305e-01
-9.575318600673419223e-01,-9.815520503762380500e-01,-9.957452693128134857e-01,-9.999694191084198547e-01,-9.941822089858152189e-01,-9.784415785603043370e-01,-9.529051177676572948e-01,-9.178284891262943335e-01,-8.735628681295213305e-01,-8.205514273937537517e-01
-9.815520503762380500e-01,-9.957452693128134857e-01,-9.999694191084198547e-01,-9.941822089858152189e-01,-9.784415785603043370e-01,-9.529051177676572948e-01,-9.178284891262943335e-01,-8.735628681295213305e-01,-8.205514273937537517e-01,-7.593248997622638052e-01
-9.957452693128134857e-01,-9.999694191084198547e-01,-9.941822089858152189e-01,-9.784415785603043370e-01,-9.529051177676572948e-01,-9.178284891262943335e-01,-8.735628681295213305e-01,-8.205514273937537517e-01,-7.593248997622638052e-01,-6.904962647851737856e-01
-9.999694191084198547e-01,-9.941822089858152189e-01,-9.784415785603043370e-01,-9.529051177676572948e-01,-9.178284891262943335e-01,-8.735628681295213305e-01,-8.205514273937537517e-01,-7.593248997622638052e-01,-6.904962647851737856e-01,-6.147546117728841519e-01
-9.941822089858152189e-01,-9.784415785603043370e-01,-9.529051177676572948e-01,-9.178284891262943335e-01,-8.735628681295213305e-01,-8.205514273937537517e-01,-7.593248997622638052e-01,-6.904962647851737856e-01,-6.147546117728841519e-01,-5.328582408639952472e-01
-9.784415785603043370e-01,-9.529051177676572948e-01,-9.178284891262943335e-01,-8.735628681295213305e-01,-8.205514273937537517e-01,-7.593248997622638052e-01,-6.904962647851737856e-01,-6.147546117728841519e-01,-5.328582408639952472e-01,-4.456270711775291438e-01
-9.529051177676572948e-01,-9.178284891262943335e-01,-8.735628681295213305e-01,-8.205514273937537517e-01,-7.593248997622638052e-01,-6.904962647851737856e-01,-6.147546117728841519e-01,-5.328582408639952472e-01,-4.456270711775291438e-01,-3.539344320564934976e-01
-9.178284891262943335e-01,-8.735628681295213305e-01,-8.205514273937537517e-01,-7.593248997622638052e-01,-6.904962647851737856e-01,-6.147546117728841519e-01,-5.328582408639952472e-01,-4.456270711775291438e-01,-3.539344320564934976e-01,-2.586983195861183860e-01
-8.735628681295213305e-01,-8.205514273937537517e-01,-7.593248997622638052e-01,-6.904962647851737856e-01,-6.147546117728841519e-01,-5.328582408639952472e-01,-4.456270711775291438e-01,-3.539344320564934976e-01,-2.586983195861183860e-01,-1.608722059235845880e-01
-8.205514273937537517e-01,-7.593248997622638052e-01,-6.904962647851737856e-01,-6.147546117728841519e-01,-5.328582408639952472e-01,-4.456270711775291438e-01,-3.539344320564934976e-01,-2.586983195861183860e-01,-1.608722059235845880e-01,-6.143549345316572791e-02
-7.593248997622638052e-01,-6.904962647851737856e-01,-6.147546117728841519e-01,-5.328582408639952472e-01,-4.456270711775291438e-01,-3.539344320564934976e-01,-2.586983195861183860e-01,-1.608722059235845880e-01,-6.143549345316572791e-02,3.861629066340500904e-02
-6.904962647851737856e-01,-6.147546117728841519e-01,-5.328582408639952472e-01,-4.456270711775291438e-01,-3.539344320564934976e-01,-2.586983195861183860e-01,-1.608722059235845880e-01,-6.143549345316572791e-02,3.861629066340500904e-02,1.382814613724554498e-01
-6.147546117728841519e-01,-5.328582408639952472e-01,-4.456270711775291438e-01,-3.539344320564934976e-01,-2.586983195861183860e-01,-1.608722059235845880e-01,-6.143549345316572791e-02,3.861629066340500904e-02,1.382814613724554498e-01,2.365622042646530754e-01
-5.328582408639952472e-01,-4.456270711775291438e-01,-3.539344320564934976e-01,-2.586983195861183860e-01,-1.608722059235845880e-01,-6.143549345316572791e-02,3.861629066340500904e-02,1.382814613724554498e-01,2.365622042646530754e-01,3.324745653596849482e-01
-4.456270711775291438e-01,-3.539344320564934976e-01,-2.586983195861183860e-01,-1.608722059235845880e-01,-6.143549345316572791e-02,3.861629066340500904e-02,1.382814613724554498e-01,2.365622042646530754e-01,3.324745653596849482e-01,4.250583021249504934e-01
-3.539344320564934976e-01,-2.586983195861183860e-01,-1.608722059235845880e-01,-6.143549345316572791e-02,3.861629066340500904e-02,1.382814613724554498e-01,2.365622042646530754e-01,3.324745653596849482e-01,4.250583021249504934e-01,5.133864971031575353e-01
-2.586983195861183860e-01,-1.608722059235845880e-01,-6.143549345316572791e-02,3.861629066340500904e-02,1.382814613724554498e-01,2.365622042646530754e-01,3.324745653596849482e-01,4.250583021249504934e-01,5.133864971031575353e-01,5.965748379003916746e-01
-1.608722059235845880e-01,-6.143549345316572791e-02,3.861629066340500904e-02,1.382814613724554498e-01,2.365622042646530754e-01,3.324745653596849482e-01,4.250583021249504934e-01,5.133864971031575353e-01,5.965748379003916746e-01,6.737904706265187560e-01
-6.143549345316572791e-02,3.861629066340500904e-02,1.382814613724554498e-01,2.365622042646530754e-01,3.324745653596849482e-01,4.250583021249504934e-01,5.133864971031575353e-01,5.965748379003916746e-01,6.737904706265187560e-01,7.442603381502286286e-01
3.861629066340500904e-02,1.382814613724554498e-01,2.365622042646530754e-01,3.324745653596849482e-01,4.250583021249504934e-01,5.133864971031575353e-01,5.965748379003916746e-01,6.737904706265187560e-01,7.442603381502286286e-01,8.072789196888984220e-01
1.382814613724554498e-01,2.365622042646530754e-01,3.324745653596849482e-01,4.250583021249504934e-01,5.133864971031575353e-01,5.965748379003916746e-01,6.737904706265187560e-01,7.442603381502286286e-01,8.072789196888984220e-01,8.622152942470825421e-01
2.365622042646530754e-01,3.324745653596849482e-01,4.250583021249504934e-01,5.133864971031575353e-01,5.965748379003916746e-01,6.737904706265187560e-01,7.442603381502286286e-01,8.072789196888984220e-01,8.622152942470825421e-01,9.085194571868453473e-01
3.324745653596849482e-01,4.250583021249504934e-01,5.133864971031575353e-01,5.965748379003916746e-01,6.737904706265187560e-01,7.442603381502286286e-01,8.072789196888984220e-01,8.622152942470825421e-01,9.085194571868453473e-01,9.457278266905400077e-01
4.250583021249504934e-01,5.133864971031575353e-01,5.965748379003916746e-01,6.737904706265187560e-01,7.442603381502286286e-01,8.072789196888984220e-01,8.622152942470825421e-01,9.085194571868453473e-01,9.457278266905400077e-01,9.734678849871697404e-01
5.133864971031575353e-01,5.965748379003916746e-01,6.737904706265187560e-01,7.442603381502286286e-01,8.072789196888984220e-01,8.622152942470825421e-01,9.085194571868453473e-01,9.457278266905400077e-01,9.734678849871697404e-01,9.914619078759211446e-01
5.965748379003916746e-01,6.737904706265187560e-01,7.442603381502286286e-01,8.072789196888984220e-01,8.622152942470825421e-01,9.085194571868453473e-01,9.457278266905400077e-01,9.734678849871697404e-01,9.914619078759211446e-01,9.995297452081262080e-01
6.737904706265187560e-01,7.442603381502286286e-01,8.072789196888984220e-01,8.622152942470825421e-01,9.085194571868453473e-01,9.457278266905400077e-01,9.734678849871697404e-01,9.914619078759211446e-01,9.995297452081262080e-01,9.975906244903957054e-01
7.442603381502286286e-01,8.072789196888984220e-01,8.622152942470825421e-01,9.085194571868453473e-01,9.457278266905400077e-01,9.734678849871697404e-01,9.914619078759211446e-01,9.995297452081262080e-01,9.975906244903957054e-01,9.856639595518520425e-01
8.072789196888984220e-01,8.622152942470825421e-01,9.085194571868453473e-01,9.457278266905400077e-01,9.734678849871697404e-01,9.914619078759211446e-01,9.995297452081262080e-01,9.975906244903957054e-01,9.856639595518520425e-01,9.638691561793543139e-01
8.622152942470825421e-01,9.085194571868453473e-01,9.457278266905400077e-01,9.734678849871697404e-01,9.914619078759211446e-01,9.995297452081262080e-01,9.975906244903957054e-01,9.856639595518520425e-01,9.638691561793543139e-01,9.324244166666317835e-01
9.085194571868453473e-01,9.457278266905400077e-01,9.734678849871697404e-01,9.914619078759211446e-01,9.995297452081262080e-01,9.975906244903957054e-01,9.856639595518520425e-01,9.638691561793543139e-01,9.324244166666317835e-01,8.916445552457807899e-01
9.457278266905400077e-01,9.734678849871697404e-01,9.914619078759211446e-01,9.995297452081262080e-01,9.975906244903957054e-01,9.856639595518520425e-01,9.638691561793543139e-01,9.324244166666317835e-01,8.916445552457807899e-01,8.419378462722938439e-01
9.734678849871697404e-01,9.914619078759211446e-01,9.995297452081262080e-01,9.975906244903957054e-01,9.856639595518520425e-01,9.638691561793543139e-01,9.324244166666317835e-01,8.916445552457807899e-01,8.419378462722938439e-01,7.838019367185424802e-01
9.914619078759211446e-01,9.995297452081262080e-01,9.975906244903957054e-01,9.856639595518520425e-01,9.638691561793543139e-01,9.324244166666317835e-01,8.916445552457807899e-01,8.419378462722938439e-01,7.838019367185424802e-01,7.178188638984619452e-01
9.995297452081262080e-01,9.975906244903957054e-01,9.856639595518520425e-01,9.638691561793543139e-01,9.324244166666317835e-01,8.916445552457807899e-01,8.419378462722938439e-01,7.838019367185424802e-01,7.178188638984619452e-01,6.446492283043154803e-01
9.975906244903957054e-01,9.856639595518520425e-01,9.638691561793543139e-01,9.324244166666317835e-01,8.916445552457807899e-01,8.419378462722938439e-01,7.838019367185424802e-01,7.178188638984619452e-01,6.446492283043154803e-01,5.650255798951514530e-01
9.856639595518520425e-01,9.638691561793543139e-01,9.324244166666317835e-01,8.916445552457807899e-01,8.419378462722938439e-01,7.838019367185424802e-01,7.178188638984619452e-01,6.446492283043154803e-01,5.650255798951514530e-01,4.797450840512230696e-01
9.638691561793543139e-01,9.324244166666317835e-01,8.916445552457807899e-01,8.419378462722938439e-01,7.838019367185424802e-01,7.178188638984619452e-01,6.446492283043154803e-01,5.650255798951514530e-01,4.797450840512230696e-01,3.896615406203879362e-01
9.324244166666317835e-01,8.916445552457807899e-01,8.419378462722938439e-01,7.838019367185424802e-01,7.178188638984619452e-01,6.446492283043154803e-01,5.650255798951514530e-01,4.797450840512230696e-01,3.896615406203879362e-01,2.956768359591289141e-01
8.916445552457807899e-01,8.419378462722938439e-01,7.838019367185424802e-01,7.178188638984619452e-01,6.446492283043154803e-01,5.650255798951514530e-01,4.797450840512230696e-01,3.896615406203879362e-01,2.956768359591289141e-01,1.987319135475071052e-01
8.419378462722938439e-01,7.838019367185424802e-01,7.178188638984619452e-01,6.446492283043154803e-01,5.650255798951514530e-01,4.797450840512230696e-01,3.896615406203879362e-01,2.956768359591289141e-01,1.987319135475071052e-01,9.979735357723594491e-02
7.838019367185424802e-01,7.178188638984619452e-01,6.446492283043154803e-01,5.650255798951514530e-01,4.797450840512230696e-01,3.896615406203879362e-01,2.956768359591289141e-01,1.987319135475071052e-01,9.979735357723594491e-02,-1.363441731060084444e-04
7.178188638984619452e-01,6.446492283043154803e-01,5.650255798951514530e-01,4.797450840512230696e-01,3.896615406203879362e-01,2.956768359591289141e-01,1.987319135475071052e-01,9.979735357723594491e-02,-1.363441731060084444e-04,-1.000686768911143304e-01
6.446492283043154803e-01,5.650255798951514530e-01,4.797450840512230696e-01,3.896615406203879362e-01,2.956768359591289141e-01,1.987319135475071052e-01,9.979735357723594491e-02,-1.363441731060084444e-04,-1.000686768911143304e-01,-1.989991554306325405e-01
5.650255798951514530e-01,4.797450840512230696e-01,3.896615406203879362e-01,2.956768359591289141e-01,1.987319135475071052e-01,9.979735357723594491e-02,-1.363441731060084444e-04,-1.000686768911143304e-01,-1.989991554306325405e-01,-2.959373208750039064e-01
4.797450840512230696e-01,3.896615406203879362e-01,2.956768359591289141e-01,1.987319135475071052e-01,9.979735357723594491e-02,-1.363441731060084444e-04,-1.000686768911143304e-01,-1.989991554306325405e-01,-2.959373208750039064e-01,-3.899126606810148776e-01
3.896615406203879362e-01,2.956768359591289141e-01,1.987319135475071052e-01,9.979735357723594491e-02,-1.363441731060084444e-04,-1.000686768911143304e-01,-1.989991554306325405e-01,-2.959373208750039064e-01,-3.899126606810148776e-01,-4.799843251264079846e-01
2.956768359591289141e-01,1.987319135475071052e-01,9.979735357723594491e-02,-1.363441731060084444e-04,-1.000686768911143304e-01,-1.989991554306325405e-01,-2.959373208750039064e-01,-3.899126606810148776e-01,-4.799843251264079846e-01,-5.652505467831361319e-01
1.987319135475071052e-01,9.979735357723594491e-02,-1.363441731060084444e-04,-1.000686768911143304e-01,-1.989991554306325405e-01,-2.959373208750039064e-01,-3.899126606810148776e-01,-4.799843251264079846e-01,-5.652505467831361319e-01,-6.448576687117374417e-01
9.979735357723594491e-02,-1.363441731060084444e-04,-1.000686768911143304e-01,-1.989991554306325405e-01,-2.959373208750039064e-01,-3.899126606810148776e-01,-4.799843251264079846e-01,-5.652505467831361319e-01,-6.448576687117374417e-01,-7.180086909895635472e-01
-1.363441731060084444e-04,-1.000686768911143304e-01,-1.989991554306325405e-01,-2.959373208750039064e-01,-3.899126606810148776e-01,-4.799843251264079846e-01,-5.652505467831361319e-01,-6.448576687117374417e-01,-7.180086909895635472e-01,-7.839712500078741542e-01
-1.000686768911143304e-01,-1.989991554306325405e-01,-2.959373208750039064e-01,-3.899126606810148776e-01,-4.799843251264079846e-01,-5.652505467831361319e-01,-6.448576687117374417e-01,-7.180086909895635472e-01,-7.839712500078741542e-01,-8.420849506517390504e-01
-1.989991554306325405e-01,-2.959373208750039064e-01,-3.899126606810148776e-01,-4.799843251264079846e-01,-5.652505467831361319e-01,-6.448576687117374417e-01,-7.180086909895635472e-01,-7.839712500078741542e-01,-8.420849506517390504e-01,-8.917679779554130715e-01
-2.959373208750039064e-01,-3.899126606810148776e-01,-4.799843251264079846e-01,-5.652505467831361319e-01,-6.448576687117374417e-01,-7.180086909895635472e-01,-7.839712500078741542e-01,-8.420849506517390504e-01,-8.917679779554130715e-01,-9.325229220394952723e-01
-3.899126606810148776e-01,-4.799843251264079846e-01,-5.652505467831361319e-01,-6.448576687117374417e-01,-7.180086909895635472e-01,-7.839712500078741542e-01,-8.420849506517390504e-01,-8.917679779554130715e-01,-9.325229220394952723e-01,-9.639417580125483331e-01
-4.799843251264079846e-01,-5.652505467831361319e-01,-6.448576687117374417e-01,-7.180086909895635472e-01,-7.839712500078741542e-01,-8.420849506517390504e-01,-8.917679779554130715e-01,-9.325229220394952723e-01,-9.639417580125483331e-01,-9.857099309800656517e-01
-5.652505467831361319e-01,-6.448576687117374417e-01,-7.180086909895635472e-01,-7.839712500078741542e-01,-8.420849506517390504e-01,-8.917679779554130715e-01,-9.325229220394952723e-01,-9.639417580125483331e-01,-9.857099309800656517e-01,-9.976095052630401527e-01
-6.448576687117374417e-01,-7.180086909895635472e-01,-7.839712500078741542e-01,-8.420849506517390504e-01,-8.917679779554130715e-01,-9.325229220394952723e-01,-9.639417580125483331e-01,-9.857099309800656517e-01,-9.976095052630401527e-01,-9.995213462972102336e-01
-7.180086909895635472e-01,-7.839712500078741542e-01,-8.420849506517390504e-01,-8.917679779554130715e-01,-9.325229220394952723e-01,-9.639417580125483331e-01,-9.857099309800656517e-01,-9.976095052630401527e-01,-9.995213462972102336e-01,-9.914263133685364826e-01
-7.839712500078741542e-01,-8.420849506517390504e-01,-8.917679779554130715e-01,-9.325229220394952723e-01,-9.639417580125483331e-01,-9.857099309800656517e-01,-9.976095052630401527e-01,-9.995213462972102336e-01,-9.914263133685364826e-01,-9.734054512436387530e-01
-8.420849506517390504e-01,-8.917679779554130715e-01,-9.325229220394952723e-01,-9.639417580125483331e-01,-9.857099309800656517e-01,-9.976095052630401527e-01,-9.995213462972102336e-01,-9.914263133685364826e-01,-9.734054512436387530e-01,-9.456391787766530443e-01
-8.917679779554130715e-01,-9.325229220394952723e-01,-9.639417580125483331e-01,-9.857099309800656517e-01,-9.976095052630401527e-01,-9.995213462972102336e-01,-9.914263133685364826e-01,-9.734054512436387530e-01,-9.456391787766530443e-01,-9.084054826159168039e-01
-9.325229220394952723e-01,-9.639417580125483331e-01,-9.857099309800656517e-01,-9.976095052630401527e-01,-9.995213462972102336e-01,-9.914263133685364826e-01,-9.734054512436387530e-01,-9.456391787766530443e-01,-9.084054826159168039e-01,-8.620771340944586303e-01
-9.639417580125483331e-01,-9.857099309800656517e-01,-9.976095052630401527e-01,-9.995213462972102336e-01,-9.914263133685364826e-01,-9.734054512436387530e-01,-9.456391787766530443e-01,-9.084054826159168039e-01,-8.620771340944586303e-01,-8.071179571678932518e-01
-9.857099309800656517e-01,-9.976095052630401527e-01,-9.995213462972102336e-01,-9.914263133685364826e-01,-9.734054512436387530e-01,-9.456391787766530443e-01,-9.084054826159168039e-01,-8.620771340944586303e-01,-8.071179571678932518e-01,-7.440781847638546775e-01
-9.976095052630401527e-01,-9.995213462972102336e-01,-9.914263133685364826e-01,-9.734054512436387530e-01,-9.456391787766530443e-01,-9.084054826159168039e-01,-8.620771340944586303e-01,-8.071179571678932518e-01,-7.440781847638546775e-01,-6.735889500336562641e-01
-9.995213462972102336e-01,-9.914263133685364826e-01,-9.734054512436387530e-01,-9.456391787766530443e-01,-9.084054826159168039e-01,-8.620771340944586303e-01,-8.071179571678932518e-01,-7.440781847638546775e-01,-6.735889500336562641e-01,-5.963559676579255342e-01
-9.914263133685364826e-01,-9.734054512436387530e-01,-9.456391787766530443e-01,-9.084054826159168039e-01,-8.620771340944586303e-01,-8.071179571678932518e-01,-7.440781847638546775e-01,-6.735889500336562641e-01,-5.963559676579255342e-01,-5.131524684668709035e-01
-9.734054512436387530e-01,-9.456391787766530443e-01,-9.084054826159168039e-01,-8.620771340944586303e-01,-8.071179571678932518e-01,-7.440781847638546775e-01,-6.735889500336562641e-01,-5.963559676579255342e-01,-5.131524684668709035e-01,-4.248114581114040278e-01
-9.456391787766530443e-01,-9.084054826159168039e-01,-8.620771340944586303e-01,-8.071179571678932518e-01,-7.440781847638546775e-01,-6.735889500336562641e-01,-5.963559676579255342e-01,-5.131524684668709035e-01,-4.248114581114040278e-01,-3.322173772887170862e-01
-9.084054826159168039e-01,-8.620771340944586303e-01,-8.071179571678932518e-01,-7.440781847638546775e-01,-6.735889500336562641e-01,-5.963559676579255342e-01,-5.131524684668709035e-01,-4.248114581114040278e-01,-3.322173772887170862e-01,-2.362972470173510808e-01
-8.620771340944586303e-01,-8.071179571678932518e-01,-7.440781847638546775e-01,-6.735889500336562641e-01,-5.963559676579255342e-01,-5.131524684668709035e-01,-4.248114581114040278e-01,-3.322173772887170862e-01,-2.362972470173510808e-01,-1.380113876123058025e-01
-8.071179571678932518e-01,-7.440781847638546775e-01,-6.735889500336562641e-01,-5.963559676579255342e-01,-5.131524684668709035e-01,-4.248114581114040278e-01,-3.322173772887170862e-01,-2.362972470173510808e-01,-1.380113876123058025e-01,-3.834380427871237479e-02
-7.440781847638546775e-01,-6.735889500336562641e-01,-5.963559676579255342e-01,-5.131524684668709035e-01,-4.248114581114040278e-01,-3.322173772887170862e-01,-2.362972470173510808e-01,-1.380113876123058025e-01,-3.834380427871237479e-02,6.170766441970541166e-02
-6.735889500336562641e-01,-5.963559676579255342e-01,-5.131524684668709035e-01,-4.248114581114040278e-01,-3.322173772887170862e-01,-2.362972470173510808e-01,-1.380113876123058025e-01,-3.834380427871237479e-02,6.170766441970541166e-02,1.611413365871366132e-01
-5.963559676579255342e-01,-5.131524684668709035e-01,-4.248114581114040278e-01,-3.322173772887170862e-01,-2.362972470173510808e-01,-1.380113876123058025e-01,-3.834380427871237479e-02,6.170766441970541166e-02,1.611413365871366132e-01,2.589617155003463012e-01
-5.131524684668709035e-01,-4.248114581114040278e-01,-3.322173772887170862e-01,-2.362972470173510808e-01,-1.380113876123058025e-01,-3.834380427871237479e-02,6.170766441970541166e-02,1.611413365871366132e-01,2.589617155003463012e-01,3.541894561894562421e-01
-4.248114581114040278e-01,-3.322173772887170862e-01,-2.362972470173510808e-01,-1.380113876123058025e-01,-3.834380427871237479e-02,6.170766441970541166e-02,1.611413365871366132e-01,2.589617155003463012e-01,3.541894561894562421e-01,4.458711703127641313e-01
-3.322173772887170862e-01,-2.362972470173510808e-01,-1.380113876123058025e-01,-3.834380427871237479e-02,6.170766441970541166e-02,1.611413365871366132e-01,2.589617155003463012e-01,3.541894561894562421e-01,4.458711703127641313e-01,5.330889711624691163e-01
-2.362972470173510808e-01,-1.380113876123058025e-01,-3.834380427871237479e-02,6.170766441970541166e-02,1.611413365871366132e-01,2.589617155003463012e-01,3.541894561894562421e-01,4.458711703127641313e-01,5.330889711624691163e-01,6.149696632398931051e-01
-1.380113876123058025e-01,-3.834380427871237479e-02,6.170766441970541166e-02,1.611413365871366132e-01,2.589617155003463012e-01,3.541894561894562421e-01,4.458711703127641313e-01,5.330889711624691163e-01,6.149696632398931051e-01,6.906934843972394322e-01
-3.834380427871237479e-02,6.170766441970541166e-02,1.611413365871366132e-01,2.589617155003463012e-01,3.541894561894562421e-01,4.458711703127641313e-01,5.330889711624691163e-01,6.149696632398931051e-01,6.906934843972394322e-01,7.595023130224848318e-01
6.170766441970541166e-02,1.611413365871366132e-01,2.589617155003463012e-01,3.541894561894562421e-01,4.458711703127641313e-01,5.330889711624691163e-01,6.149696632398931051e-01,6.906934843972394322e-01,7.595023130224848318e-01,8.207072580998100442e-01
1.611413365871366132e-01,2.589617155003463012e-01,3.541894561894562421e-01,4.458711703127641313e-01,5.330889711624691163e-01,6.149696632398931051e-01,6.906934843972394322e-01,7.595023130224848318e-01,8.207072580998100442e-01,8.736955561564181405e-01
2.589617155003463012e-01,3.541894561894562421e-01,4.458711703127641313e-01,5.330889711624691163e-01,6.149696632398931051e-01,6.906934843972394322e-01,7.595023130224848318e-01,8.207072580998100442e-01,8.736955561564181405e-01,9.179367060458131222e-01
3.541894561894562421e-01,4.458711703127641313e-01,5.330889711624691163e-01,6.149696632398931051e-01,6.906934843972394322e-01,7.595023130224848318e-01,8.207072580998100442e-01,8.736955561564181405e-01,9.179367060458131222e-01,9.529877801481352328e-01
4.458711703127641313e-01,5.330889711624691163e-01,6.149696632398931051e-01,6.906934843972394322e-01,7.595023130224848318e-01,8.207072580998100442e-01,8.736955561564181405e-01,9.179367060458131222e-01,9.529877801481352328e-01,9.784978588135903044e-01
5.330889711624691163e-01,6.149696632398931051e-01,6.906934843972394322e-01,7.595023130224848318e-01,8.207072580998100442e-01,8.736955561564181405e-01,9.179367060458131222e-01,9.529877801481352328e-01,9.784978588135903044e-01,9.942115436528061734e-01
6.149696632398931051e-01,6.906934843972394322e-01,7.595023130224848318e-01,8.207072580998100442e-01,8.736955561564181405e-01,9.179367060458131222e-01,9.529877801481352328e-01,9.784978588135903044e-01,9.942115436528061734e-01,9.999715145002252559e-01
6.906934843972394322e-01,7.595023130224848318e-01,8.207072580998100442e-01,8.736955561564181405e-01,9.179367060458131222e-01,9.529877801481352328e-01,9.784978588135903044e-01,9.942115436528061734e-01,9.999715145002252559e-01,9.957201044510702870e-01
7.595023130224848318e-01,8.207072580998100442e-01,8.736955561564181405e-01,9.179367060458131222e-01,9.529877801481352328e-01,9.784978588135903044e-01,9.942115436528061734e-01,9.999715145002252559e-01,9.957201044510702870e-01,9.814998772031390262e-01
8.207072580998100442e-01,8.736955561564181405e-01,9.179367060458131222e-01,9.529877801481352328e-01,9.784978588135903044e-01,9.942115436528061734e-01,9.999715145002252559e-01,9.957201044510702870e-01,9.814998772031390262e-01,9.574532009232747942e-01
8.736955561564181405e-01,9.179367060458131222e-01,9.529877801481352328e-01,9.784978588135903044e-01,9.942115436528061734e-01,9.999715145002252559e-01,9.957201044510702870e-01,9.814998772031390262e-01,9.574532009232747942e-01,9.238208229048188169e-01
9.179367060458131222e-01,9.529877801481352328e-01,9.784978588135903044e-01,9.942115436528061734e-01,9.999715145002252559e-01,9.957201044510702870e-01,9.814998772031390262e-01,9.574532009232747942e-01,9.238208229048188169e-01,8.809394592860989581e-01
9.529877801481352328e-01,9.784978588135903044e-01,9.942115436528061734e-01,9.999715145002252559e-01,9.957201044510702870e-01,9.814998772031390262e-01,9.574532009232747942e-01,9.238208229048188169e-01,8.809394592860989581e-01,8.292384239608875385e-01
9.784978588135903044e-01,9.942115436528061734e-01,9.999715145002252559e-01,9.957201044510702870e-01,9.814998772031390262e-01,9.574532009232747942e-01,9.238208229048188169e-01,8.809394592860989581e-01,8.292384239608875385e-01,7.692353304310517448e-01
9.942115436528061734e-01,9.999715145002252559e-01,9.957201044510702870e-01,9.814998772031390262e-01,9.574532009232747942e-01,9.238208229048188169e-01,8.809394592860989581e-01,8.292384239608875385e-01,7.692353304310517448e-01,7.015309096330125671e-01
9.999715145002252559e-01,9.957201044510702870e-01,9.814998772031390262e-01,9.574532009232747942e-01,9.238208229048188169e-01,8.809394592860989581e-01,8.292384239608875385e-01,7.692353304310517448e-01,7.015309096330125671e-01,6.268029956202026964e-01
9.957201044510702870e-01,9.814998772031390262e-01,9.574532009232747942e-01,9.238208229048188169e-01,8.809394592860989581e-01,8.292384239608875385e-01,7.692353304310517448e-01,7.015309096330125671e-01,6.268029956202026964e-01,5.457997393148639187e-01
9.814998772031390262e-01,9.574532009232747942e-01,9.238208229048188169e-01,8.809394592860989581e-01,8.292384239608875385e-01,7.692353304310517448e-01,7.015309096330125671e-01,6.268029956202026964e-01,5.457997393148639187e-01,4.593321182708327011e-01
9.574532009232747942e-01,9.238208229048188169e-01,8.809394592860989581e-01,8.292384239608875385e-01,7.692353304310517448e-01,7.015309096330125671e-01,6.268029956202026964e-01,5.457997393148639187e-01,4.593321182708327011e-01,3.682658174370698201e-01
9.238208229048188169e-01,8.809394592860989581e-01,8.292384239608875385e-01,7.692353304310517448e-01,7.015309096330125671e-01,6.268029956202026964e-01,5.457997393148639187e-01,4.593321182708327011e-01,3.682658174370698201e-01,2.735125622090176511e-01
8.809394592860989581e-01,8.292384239608875385e-01,7.692353304310517448e-01,7.015309096330125671e-01,6.268029956202026964e-01,5.457997393148639187e-01,4.593321182708327011e-01,3.682658174370698201e-01,2.735125622090176511e-01,1.760209905383806894e-01
8.292384239608875385e-01,7.692353304310517448e-01,7.015309096330125671e-01,6.268029956202026964e-01,5.457997393148639187e-01,4.593321182708327011e-01,3.682658174370698201e-01,2.735125622090176511e-01,1.760209905383806894e-01,7.676715548671857181e-02
7.692353304310517448e-01,7.015309096330125671e-01,6.268029956202026964e-01,5.457997393148639187e-01,4.593321182708327011e-01,3.682658174370698201e-01,2.735125622090176511e-01,1.760209905383806894e-01,7.676715548671857181e-02,-2.325524669188632973e-02
7.015309096330125671e-01,6.268029956202026964e-01,5.457997393148639187e-01,4.593321182708327011e-01,3.682658174370698201e-01,2.735125622090176511e-01,1.760209905383806894e-01,7.676715548671857181e-02,-2.325524669188632973e-02,-1.230448251059136633e-01
6.268029956202026964e-01,5.457997393148639187e-01,4.593321182708327011e-01,3.682658174370698201e-01,2.735125622090176511e-01,1.760209905383806894e-01,7.676715548671857181e-02,-2.325524669188632973e-02,-1.230448251059136633e-01,-2.216025198176304334e-01
5.457997393148639187e-01,4.593321182708327011e-01,3.682658174370698201e-01,2.735125622090176511e-01,1.760209905383806894e-01,7.676715548671857181e-02,-2.325524669188632973e-02,-1.230448251059136633e-01,-2.216025198176304334e-01,-3.179416040975853175e-01
4.593321182708327011e-01,3.682658174370698201e-01,2.735125622090176511e-01,1.760209905383806894e-01,7.676715548671857181e-02,-2.325524669188632973e-02,-1.230448251059136633e-01,-2.216025198176304334e-01,-3.179416040975853175e-01,-4.110975632031401150e-01
3.682658174370698201e-01,2.735125622090176511e-01,1.760209905383806894e-01,7.676715548671857181e-02,-2.325524669188632973e-02,-1.230448251059136633e-01,-2.216025198176304334e-01,-3.179416040975853175e-01,-4.110975632031401150e-01,-5.001377507780058185e-01
2.735125622090176511e-01,1.760209905383806894e-01,7.676715548671857181e-02,-2.325524669188632973e-02,-1.230448251059136633e-01,-2.216025198176304334e-01,-3.179416040975853175e-01,-4.110975632031401150e-01,-5.001377507780058185e-01,-5.841707261961363029e-01
1.760209905383806894e-01,7.676715548671857181e-02,-2.325524669188632973e-02,-1.230448251059136633e-01,-2.216025198176304334e-01,-3.179416040975853175e-01,-4.110975632031401150e-01,-5.001377507780058185e-01,-5.841707261961363029e-01,-6.623551793676097921e-01
7.676715548671857181e-02,-2.325524669188632973e-02,-1.230448251059136633e-01,-2.216025198176304334e-01,-3.179416040975853175e-01,-4.110975632031401150e-01,-5.001377507780058185e-01,-5.841707261961363029e-01,-6.623551793676097921e-01,-7.339083536543223873e-01
-2.325524669188632973e-02,-1.230448251059136633e-01,-2.216025198176304334e-01,-3.179416040975853175e-01,-4.110975632031401150e-01,-5.001377507780058185e-01,-5.841707261961363029e-01,-6.623551793676097921e-01,-7.339083536543223873e-01,-7.981138825680732518e-01
-1.230448251059136633e-01,-2.216025198176304334e-01,-3.179416040975853175e-01,-4.110975632031401150e-01,-5.001377507780058185e-01,-5.841707261961363029e-01,-6.623551793676097921e-01,-7.339083536543223873e-01,-7.981138825680732518e-01,-8.543289617926387303e-01
-2.216025198176304334e-01,-3.179416040975853175e-01,-4.110975632031401150e-01,-5.001377507780058185e-01,-5.841707261961363029e-01,-6.623551793676097921e-01,-7.339083536543223873e-01,-7.981138825680732518e-01,-8.543289617926387303e-01,-9.019907847259432954e-01
-3.179416040975853175e-01,-4.110975632031401150e-01,-5.001377507780058185e-01,-5.841707261961363029e-01,-6.623551793676097921e-01,-7.339083536543223873e-01,-7.981138825680732518e-01,-8.543289617926387303e-01,-9.019907847259432954e-01,-9.406221771118293828e-01
-4.110975632031401150e-01,-5.001377507780058185e-01,-5.841707261961363029e-01,-6.623551793676097921e-01,-7.339083536543223873e-01,-7.981138825680732518e-01,-8.543289617926387303e-01,-9.019907847259432954e-01,-9.406221771118293828e-01,-9.698363743493738642e-01
-5.001377507780058185e-01,-5.841707261961363029e-01,-6.623551793676097921e-01,-7.339083536543223873e-01,-7.981138825680732518e-01,-8.543289617926387303e-01,-9.019907847259432954e-01,-9.406221771118293828e-01,-9.698363743493738642e-01,-9.893408936509257012e-01
-5.841707261961363029e-01,-6.623551793676097921e-01,-7.339083536543223873e-01,-7.981138825680732518e-01,-8.543289617926387303e-01,-9.019907847259432954e-01,-9.406221771118293828e-01,-9.698363743493738642e-01,-9.893408936509257012e-01,-9.989404622821109747e-01
-6.623551793676097921e-01,-7.339083536543223873e-01,-7.981138825680732518e-01,-8.543289617926387303e-01,-9.019907847259432954e-01,-9.406221771118293828e-01,-9.698363743493738642e-01,-9.893408936509257012e-01,-9.989404622821109747e-01,-9.985389725672449979e-01
-7.339083536543223873e-01,-7.981138825680732518e-01,-8.543289617926387303e-01,-9.019907847259432954e-01,-9.406221771118293828e-01,-9.698363743493738642e-01,-9.893408936509257012e-01,-9.989404622821109747e-01,-9.985389725672449979e-01,-9.881404440872890715e-01
-7.981138825680732518e-01,-8.543289617926387303e-01,-9.019907847259432954e-01,-9.406221771118293828e-01,-9.698363743493738642e-01,-9.893408936509257012e-01,-9.989404622821109747e-01,-9.985389725672449979e-01,-9.881404440872890715e-01,-9.678489834371484246e-01
-8.543289617926387303e-01,-9.019907847259432954e-01,-9.406221771118293828e-01,-9.698363743493738642e-01,-9.893408936509257012e-01,-9.989404622821109747e-01,-9.985389725672449979e-01,-9.881404440872890715e-01,-9.678489834371484246e-01,-9.378677419452063901e-01
-9.019907847259432954e-01,-9.406221771118293828e-01,-9.698363743493738642e-01,-9.893408936509257012e-01,-9.989404622821109747e-01,-9.985389725672449979e-01,-9.881404440872890715e-01,-9.678489834371484246e-01,-9.378677419452063901e-01,-8.984968817900607085e-01
-9.406221771118293828e-01,-9.698363743493738642e-01,-9.893408936509257012e-01,-9.989404622821109747e-01,-9.985389725672449979e-01,-9.881404440872890715e-01,-9.678489834371484246e-01,-9.378677419452063901e-01,-8.984968817900607085e-01,-8.501305708770201530e-01
-9.698363743493738642e-01,-9.893408936509257012e-01,-9.989404622821109747e-01,-9.985389725672449979e-01,-9.881404440872890715e-01,-9.678489834371484246e-01,-9.378677419452063901e-01,-8.984968817900607085e-01,-8.501305708770201530e-01,-7.932530365606553779e-01
-9.893408936509257012e-01,-9.989404622821109747e-01,-9.985389725672449979e-01,-9.881404440872890715e-01,-9.678489834371484246e-01,-9.378677419452063901e-01,-8.984968817900607085e-01,-8.501305708770201530e-01,-7.932530365606553779e-01,-7.284337177222166559e-01
-9.989404622821109747e-01,-9.985389725672449979e-01,-9.881404440872890715e-01,-9.678489834371484246e-01,-9.378677419452063901e-01,-8.984968817900607085e-01,-8.501305708770201530e-01,-7.932530365606553779e-01,-7.284337177222166559e-01,-6.563215637376994538e-01
-9.985389725672449979e-01,-9.881404440872890715e-01,-9.678489834371484246e-01,-9.378677419452063901e-01,-8.984968817900607085e-01,-8.501305708770201530e-01,-7.932530365606553779e-01,-7.284337177222166559e-01,-6.563215637376994538e-01,-5.776385374133863326e-01
-9.881404440872890715e-01,-9.678489834371484246e-01,-9.378677419452063901e-01,-8.984968817900607085e-01,-8.501305708770201530e-01,-7.932530365606553779e-01,-7.284337177222166559e-01,-6.563215637376994538e-01,-5.776385374133863326e-01,-4.931723869353061840e-01
-9.678489834371484246e-01,-9.378677419452063901e-01,-8.984968817900607085e-01,-8.501305708770201530e-01,-7.932530365606553779e-01,-7.284337177222166559e-01,-6.563215637376994538e-01,-5.776385374133863326e-01,-4.931723869353061840e-01,-4.037687591974366552e-01
-9.378677419452063901e-01,-8.984968817900607085e-01,-8.501305708770201530e-01,-7.932530365606553779e-01,-7.284337177222166559e-01,-6.563215637376994538e-01,-5.776385374133863326e-01,-4.931723869353061840e-01,-4.037687591974366552e-01,-3.103227334673773763e-01
-8.984968817900607085e-01,-8.501305708770201530e-01,-7.932530365606553779e-01,-7.284337177222166559e-01,-6.563215637376994538e-01,-5.776385374133863326e-01,-4.931723869353061840e-01,-4.037687591974366552e-01,-3.103227334673773763e-01,-2.137698601516108687e-01
-8.501305708770201530e-01,-7.932530365606553779e-01,-7.284337177222166559e-01,-6.563215637376994538e-01,-5.776385374133863326e-01,-4.931723869353061840e-01,-4.037687591974366552e-01,-3.103227334673773763e-01,-2.137698601516108687e-01,-1.150767943772006696e-01
-7.932530365606553779e-01,-7.284337177222166559e-01,-6.563215637376994538e-01,-5.776385374133863326e-01,-4.931723869353061840e-01,-4.037687591974366552e-01,-3.103227334673773763e-01,-2.137698601516108687e-01,-1.150767943772006696e-01,-1.523161816348192650e-02
-7.284337177222166559e-01,-6.563215637376994538e-01,-5.776385374133863326e-01,-4.931723869353061840e-01,-4.037687591974366552e-01,-3.103227334673773763e-01,-2.137698601516108687e-01,-1.150767943772006696e-01,-1.523161816348192650e-02,8.476605192520685061e-02
-6.563215637376994538e-01,-5.776385374133863326e-01,-4.931723869353061840e-01,-4.037687591974366552e-01,-3.103227334673773763e-01,-2.137698601516108687e-01,-1.150767943772006696e-01,-1.523161816348192650e-02,8.476605192520685061e-02,1.839150726067711183e-01
-5.776385374133863326e-01,-4.931723869353061840e-01,-4.037687591974366552e-01,-3.103227334673773763e-01,-2.137698601516108687e-01,-1.150767943772006696e-01,-1.523161816348192650e-02,8.476605192520685061e-02,1.839150726067711183e-01,2.812227969936027527e-01
-4.931723869353061840e-01,-4.037687591974366552e-01,-3.103227334673773763e-01,-2.137698601516108687e-01,-1.150767943772006696e-01,-1.523161816348192650e-02,8.476605192520685061e-02,1.839150726067711183e-01,2.812227969936027527e-01,3.757150126417578839e-01
-4.037687591974366552e-01,-3.103227334673773763e-01,-2.137698601516108687e-01,-1.150767943772006696e-01,-1.523161816348192650e-02,8.476605192520685061e-02,1.839150726067711183e-01,2.812227969936027527e-01,3.757150126417578839e-01,4.664456950406407620e-01
-3.103227334673773763e-01,-2.137698601516108687e-01,-1.150767943772006696e-01,-1.523161816348192650e-02,8.476605192520685061e-02,1.839150726067711183e-01,2.812227969936027527e-01,3.757150126417578839e-01,4.664456950406407620e-01,5.525064788945105443e-01
-2.137698601516108687e-01,-1.150767943772006696e-01,-1.523161816348192650e-02,8.476605192520685061e-02,1.839150726067711183e-01,2.812227969936027527e-01,3.757150126417578839e-01,4.664456950406407620e-01,5.525064788945105443e-01,6.330357523725049784e-01
-1.150767943772006696e-01,-1.523161816348192650e-02,8.476605192520685061e-02,1.839150726067711183e-01,2.812227969936027527e-01,3.757150126417578839e-01,4.664456950406407620e-01,5.525064788945105443e-01,6.330357523725049784e-01,7.072272832785841956e-01
-1.523161816348192650e-02,8.476605192520685061e-02,1.839150726067711183e-01,2.812227969936027527e-01,3.757150126417578839e-01,4.664456950406407620e-01,5.525064788945105443e-01,6.330357523725049784e-01,7.072272832785841956e-01,7.743382907790643532e-01
8.476605192520685061e-02,1.839150726067711183e-01,2.812227969936027527e-01,3.757150126417578839e-01,4.664456950406407620e-01,5.525064788945105443e-01,6.330357523725049784e-01,7.072272832785841956e-01,7.743382907790643532e-01,8.336968818762974243e-01
1.839150726067711183e-01,2.812227969936027527e-01,3.757150126417578839e-01,4.664456950406407620e-01,5.525064788945105443e-01,6.330357523725049784e-01,7.072272832785841956e-01,7.743382907790643532e-01,8.336968818762974243e-01,8.847087781770079928e-01
2.812227969936027527e-01,3.757150126417578839e-01,4.664456950406407620e-01,5.525064788945105443e-01,6.330357523725049784e-01,7.072272832785841956e-01,7.743382907790643532e-01,8.336968818762974243e-01,8.847087781770079928e-01,9.268632656091275734e-01
3.757150126417578839e-01,4.664456950406407620e-01,5.525064788945105443e-01,6.330357523725049784e-01,7.072272832785841956e-01,7.743382907790643532e-01,8.336968818762974243e-01,8.847087781770079928e-01,9.268632656091275734e-01,9.597383075205483394e-01
4.664456950406407620e-01,5.525064788945105443e-01,6.330357523725049784e-01,7.072272832785841956e-01,7.743382907790643532e-01,8.336968818762974243e-01,8.847087781770079928e-01,9.268632656091275734e-01,9.597383075205483394e-01,9.830047699691594199e-01
5.525064788945105443e-01,6.330357523725049784e-01,7.072272832785841956e-01,7.743382907790643532e-01,8.336968818762974243e-01,8.847087781770079928e-01,9.268632656091275734e-01,9.597383075205483394e-01,9.830047699691594199e-01,9.964297169019720180e-01
6.330357523725049784e-01,7.072272832785841956e-01,7.743382907790643532e-01,8.336968818762974243e-01,8.847087781770079928e-01,9.268632656091275734e-01,9.597383075205483394e-01,9.830047699691594199e-01,9.964297169019720180e-01,9.998787422331010255e-01
7.072272832785841956e-01,7.743382907790643532e-01,8.336968818762974243e-01,8.847087781770079928e-01,9.268632656091275734e-01,9.597383075205483394e-01,9.830047699691594199e-01,9.964297169019720180e-01,9.998787422331010255e-01,9.933173154726161469e-01
7.743382907790643532e-01,8.336968818762974243e-01,8.847087781770079928e-01,9.268632656091275734e-01,9.597383075205483394e-01,9.830047699691594199e-01,9.964297169019720180e-01,9.998787422331010255e-01,9.933173154726161469e-01,9.768111274342773376e-01
8.336968818762974243e-01,8.847087781770079928e-01,9.268632656091275734e-01,9.597383075205483394e-01,9.830047699691594199e-01,9.964297169019720180e-01,9.998787422331010255e-01,9.933173154726161469e-01,9.768111274342773376e-01,9.505254325610423827e-01
8.847087781770079928e-01,9.268632656091275734e-01,9.597383075205483394e-01,9.830047699691594199e-01,9.964297169019720180e-01,9.998787422331010255e-01,9.933173154726161469e-01,9.768111274342773376e-01,9.505254325610423827e-01,9.147233944527647376e-01
9.268632656091275734e-01,9.597383075205483394e-01,9.830047699691594199e-01,9.964297169019720180e-01,9.998787422331010255e-01,9.933173154726161469e-01,9.768111274342773376e-01,9.505254325610423827e-01,9.147233944527647376e-01,8.697634511601073370e-01
9.597383075205483394e-01,9.830047699691594199e-01,9.964297169019720180e-01,9.998787422331010255e-01,9.933173154726161469e-01,9.768111274342773376e-01,9.505254325610423827e-01,9.147233944527647376e-01,8.697634511601073370e-01,8.160957266224665441e-01
9.830047699691594199e-01,9.964297169019720180e-01,9.998787422331010255e-01,9.933173154726161469e-01,9.768111274342773376e-01,9.505254325610423827e-01,9.147233944527647376e-01,8.697634511601073370e-01,8.160957266224665441e-01,7.542575241773952222e-01
9.964297169019720180e-01,9.998787422331010255e-01,9.933173154726161469e-01,9.768111274342773376e-01,9.505254325610423827e-01,9.147233944527647376e-01,8.697634511601073370e-01,8.160957266224665441e-01,7.542575241773952222e-01,6.848679472590012418e-01
9.998787422331010255e-01,9.933173154726161469e-01,9.768111274342773376e-01,9.505254325610423827e-01,9.147233944527647376e-01,8.697634511601073370e-01,8.160957266224665441e-01,7.542575241773952222e-01,6.848679472590012418e-01,6.086217011410937072e-01
9.933173154726161469e-01,9.768111274342773376e-01,9.505254325610423827e-01,9.147233944527647376e-01,8.697634511601073370e-01,8.160957266224665441e-01,7.542575241773952222e-01,6.848679472590012418e-01,6.086217011410937072e-01,5.262821377799546951e-01
9.768111274342773376e-01,9.505254325610423827e-01,9.147233944527647376e-01,8.697634511601073370e-01,8.160957266224665441e-01,7.542575241773952222e-01,6.848679472590012418e-01,6.086217011410937072e-01,5.262821377799546951e-01,4.386736133894491574e-01
9.505254325610423827e-01,9.147233944527647376e-01,8.697634511601073370e-01,8.160957266224665441e-01,7.542575241773952222e-01,6.848679472590012418e-01,6.086217011410937072e-01,5.262821377799546951e-01,4.386736133894491574e-01,3.466732352618767110e-01
9.147233944527647376e-01,8.697634511601073370e-01,8.160957266224665441e-01,7.542575241773952222e-01,6.848679472590012418e-01,6.086217011410937072e-01,5.262821377799546951e-01,4.386736133894491574e-01,3.466732352618767110e-01,2.512020804626418635e-01
8.697634511601073370e-01,8.160957266224665441e-01,7.542575241773952222e-01,6.848679472590012418e-01,6.086217011410937072e-01,5.262821377799546951e-01,4.386736133894491574e-01,3.466732352618767110e-01,2.512020804626418635e-01,1.532159743142375852e-01
8.160957266224665441e-01,7.542575241773952222e-01,6.848679472590012418e-01,6.086217011410937072e-01,5.262821377799546951e-01,4.386736133894491574e-01,3.466732352618767110e-01,2.512020804626418635e-01,1.532159743142375852e-01,5.369592099228188281e-02
7.542575241773952222e-01,6.848679472590012418e-01,6.086217011410937072e-01,5.262821377799546951e-01,4.386736133894491574e-01,3.466732352618767110e-01,2.512020804626418635e-01,1.532159743142375852e-01,5.369592099228188281e-02,-4.636171796071527490e-02
6.848679472590012418e-01,6.086217011410937072e-01,5.262821377799546951e-01,4.386736133894491574e-01,3.466732352618767110e-01,2.512020804626418635e-01,1.532159743142375852e-01,5.369592099228188281e-02,-4.636171796071527490e-02,-1.459551988744144380e-01
6.086217011410937072e-01,5.262821377799546951e-01,4.386736133894491574e-01,3.466732352618767110e-01,2.512020804626418635e-01,1.532159743142375852e-01,5.369592099228188281e-02,-4.636171796071527490e-02,-1.459551988744144380e-01,-2.440874250737757878e-01
5.262821377799546951e-01,4.386736133894491574e-01,3.466732352618767110e-01,2.512020804626418635e-01,1.532159743142375852e-01,5.369592099228188281e-02,-4.636171796071527490e-02,-1.459551988744144380e-01,-2.440874250737757878e-01,-3.397759294780229311e-01
4.386736133894491574e-01,3.466732352618767110e-01,2.512020804626418635e-01,1.532159743142375852e-01,5.369592099228188281e-02,-4.636171796071527490e-02,-1.459551988744144380e-01,-2.440874250737757878e-01,-3.397759294780229311e-01,-4.320627107329941263e-01
3.466732352618767110e-01,2.512020804626418635e-01,1.532159743142375852e-01,5.369592099228188281e-02,-4.636171796071527490e-02,-1.459551988744144380e-01,-2.440874250737757878e-01,-3.397759294780229311e-01,-4.320627107329941263e-01,-5.200238244008078548e-01
2.512020804626418635e-01,1.532159743142375852e-01,5.369592099228188281e-02,-4.636171796071527490e-02,-1.459551988744144380e-01,-2.440874250737757878e-01,-3.397759294780229311e-01,-4.320627107329941263e-01,-5.200238244008078548e-01,-6.027786331830553568e-01
1.532159743142375852e-01,5.369592099228188281e-02,-4.636171796071527490e-02,-1.459551988744144380e-01,-2.440874250737757878e-01,-3.397759294780229311e-01,-4.320627107329941263e-01,-5.200238244008078548e-01,-6.027786331830553568e-01,-6.794986235673728947e-01
5.369592099228188281e-02,-4.636171796071527490e-02,-1.459551988744144380e-01,-2.440874250737757878e-01,-3.397759294780229311e-01,-4.320627107329941263e-01,-5.200238244008078548e-01,-6.027786331830553568e-01,-6.794986235673728947e-01,-7.494157006280736111e-01
-4.636171796071527490e-02,-1.459551988744144380e-01,-2.440874250737757878e-01,-3.397759294780229311e-01,-4.320627107329941263e-01,-5.200238244008078548e-01,-6.027786331830553568e-01,-6.794986235673728947e-01,-7.494157006280736111e-01,-8.118298779360645367e-01
-1.459551988744144380e-01,-2.440874250737757878e-01,-3.397759294780229311e-01,-4.320627107329941263e-01,-5.200238244008078548e-01,-6.027786331830553568e-01,-6.794986235673728947e-01,-7.494157006280736111e-01,-8.118298779360645367e-01,-8.661162855892376999e-01
-2.440874250737757878e-01,-3.397759294780229311e-01,-4.320627107329941263e-01,-5.200238244008078548e-01,-6.027786331830553568e-01,-6.794986235673728947e-01,-7.494157006280736111e-01,-8.118298779360645367e-01,-8.661162855892376999e-01,-9.117314262012755632e-01
-3.397759294780229311e-01,-4.320627107329941263e-01,-5.200238244008078548e-01,-6.027786331830553568e-01,-6.794986235673728947e-01,-7.494157006280736111e-01,-8.118298779360645367e-01,-8.661162855892376999e-01,-9.117314262012755632e-01,-9.482186162160011200e-01
-4.320627107329941263e-01,-5.200238244008078548e-01,-6.027786331830553568e-01,-6.794986235673728947e-01,-7.494157006280736111e-01,-8.118298779360645367e-01,-8.661162855892376999e-01,-9.117314262012755632e-01,-9.482186162160011200e-01,-9.752125580706475505e-01
-5.200238244008078548e-01,-6.027786331830553568e-01,-6.794986235673728947e-01,-7.494157006280736111e-01,-8.118298779360645367e-01,-8.661162855892376999e-01,-9.117314262012755632e-01,-9.482186162160011200e-01,-9.752125580706475505e-01,-9.924429974330783999e-01
-6.027786331830553568e-01,-6.794986235673728947e-01,-7.494157006280736111e-01,-8.118298779360645367e-01,-8.661162855892376999e-01,-9.117314262012755632e-01,-9.482186162160011200e-01,-9.752125580706475505e-01,-9.924429974330783999e-01,-9.997374288979181678e-01
-6.794986235673728947e-01,-7.494157006280736111e-01,-8.118298779360645367e-01,-8.661162855892376999e-01,-9.117314262012755632e-01,-9.482186162160011200e-01,-9.752125580706475505e-01,-9.924429974330783999e-01,-9.997374288979181678e-01,-9.970228230530692182e-01
-7.494157006280736111e-01,-8.118298779360645367e-01,-8.661162855892376999e-01,-9.117314262012755632e-01,-9.482186162160011200e-01,-9.752125580706475505e-01,-9.924429974330783999e-01,-9.997374288979181678e-01,-9.970228230530692182e-01,-9.843263576257995640e-01
-8.118298779360645367e-01,-8.661162855892376999e-01,-9.117314262012755632e-01,-9.482186162160011200e-01,-9.752125580706475505e-01,-9.924429974330783999e-01,-9.997374288979181678e-01,-9.970228230530692182e-01,-9.843263576257995640e-01,-9.617751453884124668e-01
-8.661162855892376999e-01,-9.117314262012755632e-01,-9.482186162160011200e-01,-9.752125580706475505e-01,-9.924429974330783999e-01,-9.997374288979181678e-01,-9.970228230530692182e-01,-9.843263576257995640e-01,-9.617751453884124668e-01,-9.295949615476156724e-01
-9.117314262012755632e-01,-9.482186162160011200e-01,-9.752125580706475505e-01,-9.924429974330783999e-01,-9.997374288979181678e-01,-9.970228230530692182e-01,-9.843263576257995640e-01,-9.617751453884124668e-01,-9.295949615476156724e-01,-8.881079833585413530e-01
-9.482186162160011200e-01,-9.752125580706475505e-01,-9.924429974330783999e-01,-9.997374288979181678e-01,-9.970228230530692182e-01,-9.843263576257995640e-01,-9.617751453884124668e-01,-9.295949615476156724e-01,-8.881079833585413530e-01,-8.377295645936476687e-01
-9.752125580706475505e-01,-9.924429974330783999e-01,-9.997374288979181678e-01,-9.970228230530692182e-01,-9.843263576257995640e-01,-9.617751453884124668e-01,-9.295949615476156724e-01,-8.881079833585413530e-01,-8.377295645936476687e-01,-7.789640771594432689e-01
-9.924429974330783999e-01,-9.997374288979181678e-01,-9.970228230530692182e-01,-9.843263576257995640e-01,-9.617751453884124668e-01,-9.295949615476156724e-01,-8.881079833585413530e-01,-8.377295645936476687e-01,-7.789640771594432689e-01,-7.123998614933760853e-01
-9.997374288979181678e-01,-9.970228230530692182e-01,-9.843263576257995640e-01,-9.617751453884124668e-01,-9.295949615476156724e-01,-8.881079833585413530e-01,-8.377295645936476687e-01,-7.789640771594432689e-01,-7.123998614933760853e-01,-6.387033362958304261e-01
-9.970228230530692182e-01,-9.843263576257995640e-01,-9.617751453884124668e-01,-9.295949615476156724e-01,-8.881079833585413530e-01,-8.377295645936476687e-01,-7.789640771594432689e-01,-7.123998614933760853e-01,-6.387033362958304261e-01,-5.586123265686270267e-01
-9.843263576257995640e-01,-9.617751453884124668e-01,-9.295949615476156724e-01,-8.881079833585413530e-01,-8.377295645936476687e-01,-7.789640771594432689e-01,-7.123998614933760853e-01,-6.387033362958304261e-01,-5.586123265686270267e-01,-4.729286767574757411e-01
-9.617751453884124668e-01,-9.295949615476156724e-01,-8.881079833585413530e-01,-8.377295645936476687e-01,-7.789640771594432689e-01,-7.123998614933760853e-01,-6.387033362958304261e-01,-5.586123265686270267e-01,-4.729286767574757411e-01,-3.825102229531345266e-01
-9.295949615476156724e-01,-8.881079833585413530e-01,-8.377295645936476687e-01,-7.789640771594432689e-01,-7.123998614933760853e-01,-6.387033362958304261e-01,-5.586123265686270267e-01,-4.729286767574757411e-01,-3.825102229531345266e-01,-2.882622045229137342e-01
-8.881079833585413530e-01,-8.377295645936476687e-01,-7.789640771594432689e-01,-7.123998614933760853e-01,-6.387033362958304261e-01,-5.586123265686270267e-01,-4.729286767574757411e-01,-3.825102229531345266e-01,-2.882622045229137342e-01,-1.911282011564046646e-01
-8.377295645936476687e-01,-7.789640771594432689e-01,-7.123998614933760853e-01,-6.387033362958304261e-01,-5.586123265686270267e-01,-4.729286767574757411e-01,-3.825102229531345266e-01,-2.882622045229137342e-01,-1.911282011564046646e-01,-9.208068606070385353e-02
-7.789640771594432689e-01,-7.123998614933760853e-01,-6.387033362958304261e-01,-5.586123265686270267e-01,-4.729286767574757411e-01,-3.825102229531345266e-01,-2.882622045229137342e-01,-1.911282011564046646e-01,-9.208068606070385353e-02,7.888710116611859224e-03
-7.123998614933760853e-01,-6.387033362958304261e-01,-5.586123265686270267e-01,-4.729286767574757411e-01,-3.825102229531345266e-01,-2.882622045229137342e-01,-1.911282011564046646e-01,-9.208068606070385353e-02,7.888710116611859224e-03,1.077791271624074787e-01
-6.387033362958304261e-01,-5.586123265686270267e-01,-4.729286767574757411e-01,-3.825102229531345266e-01,-2.882622045229137342e-01,-1.911282011564046646e-01,-9.208068606070385353e-02,7.888710116611859224e-03,1.077791271624074787e-01,2.065904955762403739e-01
-5.586123265686270267e-01,-4.729286767574757411e-01,-3.825102229531345266e-01,-2.882622045229137342e-01,-1.911282011564046646e-01,-9.208068606070385353e-02,7.888710116611859224e-03,1.077791271624074787e-01,2.065904955762403739e-01,3.033335489322594447e-01
-4.729286767574757411e-01,-3.825102229531345266e-01,-2.882622045229137342e-01,-1.911282011564046646e-01,-9.208068606070385353e-02,7.888710116611859224e-03,1.077791271624074787e-01,2.065904955762403739e-01,3.033335489322594447e-01,3.970397280843285803e-01
-3.825102229531345266e-01,-2.882622045229137342e-01,-1.911282011564046646e-01,-9.208068606070385353e-02,7.888710116611859224e-03,1.077791271624074787e-01,2.065904955762403739e-01,3.033335489322594447e-01,3.970397280843285803e-01,4.867708780567804872e-01
-2.882622045229137342e-01,-1.911282011564046646e-01,-9.208068606070385353e-02,7.888710116611859224e-03,1.077791271624074787e-01,2.065904955762403739e-01,3.033335489322594447e-01,3.970397280843285803e-01,4.867708780567804872e-01,5.716286405387679403e-01
-1.911282011564046646e-01,-9.208068606070385353e-02,7.888710116611859224e-03,1.077791271624074787e-01,2.065904955762403739e-01,3.033335489322594447e-01,3.970397280843285803e-01,4.867708780567804872e-01,5.716286405387679403e-01,6.507634479476954725e-01
-9.208068606070385353e-02,7.888710116611859224e-03,1.077791271624074787e-01,2.065904955762403739e-01,3.033335489322594447e-01,3.970397280843285803e-01,4.867708780567804872e-01,5.716286405387679403e-01,6.507634479476954725e-01,7.233830290161772369e-01
7.888710116611859224e-03,1.077791271624074787e-01,2.065904955762403739e-01,3.033335489322594447e-01,3.970397280843285803e-01,4.867708780567804872e-01,5.716286405387679403e-01,6.507634479476954725e-01,7.233830290161772369e-01,7.887603407473935402e-01
1.077791271624074787e-01,2.065904955762403739e-01,3.033335489322594447e-01,3.970397280843285803e-01,4.867708780567804872e-01,5.716286405387679403e-01,6.507634479476954725e-01,7.233830290161772369e-01,7.887603407473935402e-01,8.462408473268347997e-01
2.065904955762403739e-01,3.033335489322594447e-01,3.970397280843285803e-01,4.867708780567804872e-01,5.716286405387679403e-01,6.507634479476954725e-01,7.233830290161772369e-01,7.887603407473935402e-01,8.462408473268347997e-01,8.952490731162948689e-01
3.033335489322594447e-01,3.970397280843285803e-01,4.867708780567804872e-01,5.716286405387679403e-01,6.507634479476954725e-01,7.233830290161772369e-01,7.887603407473935402e-01,8.462408473268347997e-01,8.952490731162948689e-01,9.352943641238061767e-01
3.970397280843285803e-01,4.867708780567804872e-01,5.716286405387679403e-01,6.507634479476954725e-01,7.233830290161772369e-01,7.887603407473935402e-01,8.462408473268347997e-01,8.952490731162948689e-01,9.352943641238061767e-01,9.659758002675693511e-01
4.867708780567804872e-01,5.716286405387679403e-01,6.507634479476954725e-01,7.233830290161772369e-01,7.887603407473935402e-01,8.462408473268347997e-01,8.952490731162948689e-01,9.352943641238061767e-01,9.659758002675693511e-01,9.869862092539390952e-01
5.716286405387679403e-01,6.507634479476954725e-01,7.233830290161772369e-01,7.887603407473935402e-01,8.462408473268347997e-01,8.952490731162948689e-01,9.352943641238061767e-01,9.659758002675693511e-01,9.869862092539390952e-01,9.981152418838578066e-01
6.507634479476954725e-01,7.233830290161772369e-01,7.887603407473935402e-01,8.462408473268347997e-01,8.952490731162948689e-01,9.352943641238061767e-01,9.659758002675693511e-01,9.869862092539390952e-01,9.981152418838578066e-01,9.992514779987982099e-01
7.233830290161772369e-01,7.887603407473935402e-01,8.462408473268347997e-01,8.952490731162948689e-01,9.352943641238061767e-01,9.659758002675693511e-01,9.869862092539390952e-01,9.981152418838578066e-01,9.992514779987982099e-01,9.903835419821850339e-01
7.887603407473935402e-01,8.462408473268347997e-01,8.952490731162948689e-01,9.352943641238061767e-01,9.659758002675693511e-01,9.869862092539390952e-01,9.981152418838578066e-01,9.992514779987982099e-01,9.903835419821850339e-01,9.716002166482697877e-01
8.462408473268347997e-01,8.952490731162948689e-01,9.352943641238061767e-01,9.659758002675693511e-01,9.869862092539390952e-01,9.981152418838578066e-01,9.992514779987982099e-01,9.903835419821850339e-01,9.716002166482697877e-01,9.430895543782408241e-01
8.952490731162948689e-01,9.352943641238061767e-01,9.659758002675693511e-01,9.869862092539390952e-01,9.981152418838578066e-01,9.992514779987982099e-01,9.903835419821850339e-01,9.716002166482697877e-01,9.430895543782408241e-01,9.051369944025758896e-01
9.352943641238061767e-01,9.659758002675693511e-01,9.869862092539390952e-01,9.981152418838578066e-01,9.992514779987982099e-01,9.903835419821850339e-01,9.716002166482697877e-01,9.430895543782408241e-01,9.051369944025758896e-01,8.581225050787801845e-01
9.659758002675693511e-01,9.869862092539390952e-01,9.981152418838578066e-01,9.992514779987982099e-01,9.903835419821850339e-01,9.716002166482697877e-01,9.430895543782408241e-01,9.051369944025758896e-01,8.581225050787801845e-01,8.025167797750678567e-01
9.869862092539390952e-01,9.981152418838578066e-01,9.992514779987982099e-01,9.903835419821850339e-01,9.716002166482697877e-01,9.430895543782408241e-01,9.051369944025758896e-01,8.581225050787801845e-01,8.025167797750678567e-01,7.388765244455320902e-01
9.981152418838578066e-01,9.992514779987982099e-01,9.903835419821850339e-01,9.716002166482697877e-01,9.430895543782408241e-01,9.051369944025758896e-01,8.581225050787801845e-01,8.025167797750678567e-01,7.388765244455320902e-01,6.678388840760253187e-01
9.992514779987982099e-01,9.903835419821850339e-01,9.716002166482697877e-01,9.430895543782408241e-01,9.051369944025758896e-01,8.581225050787801845e-01,8.025167797750678567e-01,7.388765244455320902e-01,6.678388840760253187e-01,5.901150638013142880e-01
9.903835419821850339e-01,9.716002166482697877e-01,9.430895543782408241e-01,9.051369944025758896e-01,8.581225050787801845e-01,8.025167797750678567e-01,7.388765244455320902e-01,6.678388840760253187e-01,5.901150638013142880e-01,5.064832085567533282e-01
9.716002166482697877e-01,9.430895543782408241e-01,9.051369944025758896e-01,8.581225050787801845e-01,8.025167797750678567e-01,7.388765244455320902e-01,6.678388840760253187e-01,5.901150638013142880e-01,5.064832085567533282e-01,4.177806125510270530e-01
9.430895543782408241e-01,9.051369944025758896e-01,8.581225050787801845e-01,8.025167797750678567e-01,7.388765244455320902e-01,6.678388840760253187e-01,5.901150638013142880e-01,5.064832085567533282e-01,4.177806125510270530e-01,3.248953365561184081e-01
9.051369944025758896e-01,8.581225050787801845e-01,8.025167797750678567e-01,7.388765244455320902e-01,6.678388840760253187e-01,5.901150638013142880e-01,5.064832085567533282e-01,4.177806125510270530e-01,3.248953365561184081e-01,2.287573169393981865e-01
8.581225050787801845e-01,8.025167797750678567e-01,7.388765244455320902e-01,6.678388840760253187e-01,5.901150638013142880e-01,5.064832085567533282e-01,4.177806125510270530e-01,3.248953365561184081e-01,2.287573169393981865e-01,1.303290554512349930e-01
8.025167797750678567e-01,7.388765244455320902e-01,6.678388840760253187e-01,5.901150638013142880e-01,5.064832085567533282e-01,4.177806125510270530e-01,3.248953365561184081e-01,2.287573169393981865e-01,1.303290554512349930e-01,3.059598297886577736e-02
7.388765244455320902e-01,6.678388840760253187e-01,5.901150638013142880e-01,5.064832085567533282e-01,4.177806125510270530e-01,3.248953365561184081e-01,2.287573169393981865e-01,1.303290554512349930e-01,3.059598297886577736e-02,-6.944340625859611593e-02
6.678388840760253187e-01,5.901150638013142880e-01,5.064832085567533282e-01,4.177806125510270530e-01,3.248953365561184081e-01,2.287573169393981865e-01,1.303290554512349930e-01,3.059598297886577736e-02,-6.944340625859611593e-02,-1.687875513008692818e-01
5.901150638013142880e-01,5.064832085567533282e-01,4.177806125510270530e-01,3.248953365561184081e-01,2.287573169393981865e-01,1.303290554512349930e-01,3.059598297886577736e-02,-6.944340625859611593e-02,-1.687875513008692818e-01,-2.664418517404013587e-01
5.064832085567533282e-01,4.177806125510270530e-01,3.248953365561184081e-01,2.287573169393981865e-01,1.303290554512349930e-01,3.059598297886577736e-02,-6.944340625859611593e-02,-1.687875513008692818e-01,-2.664418517404013587e-01,-3.614286253295362905e-01
4.177806125510270530e-01,3.248953365561184081e-01,2.287573169393981865e-01,1.303290554512349930e-01,3.059598297886577736e-02,-6.944340625859611593e-02,-1.687875513008692818e-01,-2.664418517404013587e-01,-3.614286253295362905e-01,-4.527968962087139393e-01
3.248953365561184081e-01,2.287573169393981865e-01,1.303290554512349930e-01,3.059598297886577736e-02,-6.944340625859611593e-02,-1.687875513008692818e-01,-2.664418517404013587e-01,-3.614286253295362905e-01,-4.527968962087139393e-01,-5.396319157592298632e-01
2.287573169393981865e-01,1.303290554512349930e-01,3.059598297886577736e-02,-6.944340625859611593e-02,-1.687875513008692818e-01,-2.664418517404013587e-01,-3.614286253295362905e-01,-4.527968962087139393e-01,-5.396319157592298632e-01,-6.210643207609567451e-01
1.303290554512349930e-01,3.059598297886577736e-02,-6.944340625859611593e-02,-1.687875513008692818e-01,-2.664418517404013587e-01,-3.614286253295362905e-01,-4.527968962087139393e-01,-5.396319157592298632e-01,-6.210643207609567451e-01,-6.962788371666093212e-01
3.059598297886577736e-02,-6.944340625859611593e-02,-1.687875513008692818e-01,-2.664418517404013587e-01,-3.614286253295362905e-01,-4.527968962087139393e-01,-5.396319157592298632e-01,-6.210643207609567451e-01,-6.962788371666093212e-01,-7.645224423532733793e-01
-6.944340625859611593e-02,-1.687875513008692818e-01,-2.664418517404013587e-01,-3.614286253295362905e-01,-4.527968962087139393e-01,-5.396319157592298632e-01,-6.210643207609567451e-01,-6.962788371666093212e-01,-7.645224423532733793e-01,-8.251119041334594728e-01
-1.687875513008692818e-01,-2.664418517404013587e-01,-3.614286253295362905e-01,-4.527968962087139393e-01,-5.396319157592298632e-01,-6.210643207609567451e-01,-6.962788371666093212e-01,-7.645224423532733793e-01,-8.251119041334594728e-01,-8.774406210476218826e-01
-2.664418517404013587e-01,-3.614286253295362905e-01,-4.527968962087139393e-01,-5.396319157592298632e-01,-6.210643207609567451e-01,-6.962788371666093212e-01,-7.645224423532733793e-01,-8.251119041334594728e-01,-8.774406210476218826e-01,-9.209846954554179455e-01
-3.614286253295362905e-01,-4.527968962087139393e-01,-5.396319157592298632e-01,-6.210643207609567451e-01,-6.962788371666093212e-01,-7.645224423532733793e-01,-8.251119041334594728e-01,-8.774406210476218826e-01,-9.209846954554179455e-01,-9.553081786239447926e-01
-4.527968962087139393e-01,-5.396319157592298632e-01,-6.210643207609567451e-01,-6.962788371666093212e-01,-7.645224423532733793e-01,-8.251119041334594728e-01,-8.774406210476218826e-01,-9.209846954554179455e-01,-9.553081786239447926e-01,-9.800674353008833606e-01
-5.396319157592298632e-01,-6.210643207609567451e-01,-6.962788371666093212e-01,-7.645224423532733793e-01,-8.251119041334594728e-01,-8.774406210476218826e-01,-9.209846954554179455e-01,-9.553081786239447926e-01,-9.800674353008833606e-01,-9.950145840758988225e-01
-6.210643207609567451e-01,-6.962788371666093212e-01,-7.645224423532733793e-01,-8.251119041334594728e-01,-8.774406210476218826e-01,-9.209846954554179455e-01,-9.553081786239447926e-01,-9.800674353008833606e-01,-9.950145840758988225e-01,-9.999999790865496951e-01
-6.962788371666093212e-01,-7.645224423532733793e-01,-8.251119041334594728e-01,-8.774406210476218826e-01,-9.209846954554179455e-01,-9.553081786239447926e-01,-9.800674353008833606e-01,-9.950145840758988225e-01,-9.999999790865496951e-01,-9.949737082226929319e-01
-7.645224423532733793e-01,-8.251119041334594728e-01,-8.774406210476218826e-01,-9.209846954554179455e-01,-9.553081786239447926e-01,-9.800674353008833606e-01,-9.950145840758988225e-01,-9.999999790865496951e-01,-9.949737082226929319e-01,-9.799860928298647078e-01
-8.251119041334594728e-01,-8.774406210476218826e-01,-9.209846954554179455e-01,-9.553081786239447926e-01,-9.800674353008833606e-01,-9.950145840758988225e-01,-9.999999790865496951e-01,-9.949737082226929319e-01,-9.799860928298647078e-01,-9.551871839087717753e-01
-8.774406210476218826e-01,-9.209846954554179455e-01,-9.553081786239447926e-01,-9.800674353008833606e-01,-9.950145840758988225e-01,-9.999999790865496951e-01,-9.949737082226929319e-01,-9.799860928298647078e-01,-9.551871839087717753e-01,-9.208252598547765899e-01
-9.209846954554179455e-01,-9.553081786239447926e-01,-9.800674353008833606e-01,-9.950145840758988225e-01,-9.999999790865496951e-01,-9.949737082226929319e-01,-9.799860928298647078e-01,-9.551871839087717753e-01,-9.208252598547765899e-01,-8.772443407775079027e-01
-9.553081786239447926e-01,-9.800674353008833606e-01,-9.950145840758988225e-01,-9.999999790865496951e-01,-9.949737082226929319e-01,-9.799860928298647078e-01,-9.551871839087717753e-01,-9.208252598547765899e-01,-8.772443407775079027e-01,-8.248807442863960171e-01
-9.800674353008833606e-01,-9.950145840758988225e-01,-9.999999790865496951e-01,-9.949737082226929319e-01,-9.799860928298647078e-01,-9.551871839087717753e-01,-9.208252598547765899e-01,-8.772443407775079027e-01,-8.248807442863960171e-01,-7.642587172244612592e-01
-9.950145840758988225e-01,-9.999999790865496951e-01,-9.949737082226929319e-01,-9.799860928298647078e-01,-9.551871839087717753e-01,-9.208252598547765899e-01,-8.772443407775079027e-01,-8.248807442863960171e-01,-7.642587172244612592e-01,-6.959851870839761645e-01
-9.999999790865496951e-01,-9.949737082226929319e-01,-9.799860928298647078e-01,-9.551871839087717753e-01,-9.208252598547765899e-01,-8.772443407775079027e-01,-8.248807442863960171e-01,-7.642587172244612592e-01,-6.959851870839761645e-01,-6.207436856510752943e-01
-9.949737082226929319e-01,-9.799860928298647078e-01,-9.551871839087717753e-01,-9.208252598547765899e-01,-8.772443407775079027e-01,-8.248807442863960171e-01,-7.642587172244612592e-01,-6.959851870839761645e-01,-6.207436856510752943e-01,-5.392875057137550554e-01
-9.799860928298647078e-01,-9.551871839087717753e-01,-9.208252598547765899e-01,-8.772443407775079027e-01,-8.248807442863960171e-01,-7.642587172244612592e-01,-6.959851870839761645e-01,-6.207436856510752943e-01,-5.392875057137550554e-01,-4.524321593460169932e-01
-9.551871839087717753e-01,-9.208252598547765899e-01,-8.772443407775079027e-01,-8.248807442863960171e-01,-7.642587172244612592e-01,-6.959851870839761645e-01,-6.207436856510752943e-01,-5.392875057137550554e-01,-4.524321593460169932e-01,-3.610472132732950867e-01
-9.208252598547765899e-01,-8.772443407775079027e-01,-8.248807442863960171e-01,-7.642587172244612592e-01,-6.959851870839761645e-01,-6.207436856510752943e-01,-5.392875057137550554e-01,-4.524321593460169932e-01,-3.610472132732950867e-01,-2.660475830607633152e-01
-8.772443407775079027e-01,-8.248807442863960171e-01,-7.642587172244612592e-01,-6.959851870839761645e-01,-6.207436856510752943e-01,-5.392875057137550554e-01,-4.524321593460169932e-01,-3.610472132732950867e-01,-2.660475830607633152e-01,-1.683843732842022489e-01
-8.248807442863960171e-01,-7.642587172244612592e-01,-6.959851870839761645e-01,-6.207436856510752943e-01,-5.392875057137550554e-01,-4.524321593460169932e-01,-3.610472132732950867e-01,-2.660475830607633152e-01,-1.683843732842022489e-01,-6.903535538857530351e-02
-7.642587172244612592e-01,-6.959851870839761645e-01,-6.207436856510752943e-01,-5.392875057137550554e-01,-4.524321593460169932e-01,-3.610472132732950867e-01,-2.660475830607633152e-01,-1.683843732842022489e-01,-6.903535538857530351e-02,3.100482143318444156e-02
-6.959851870839761645e-01,-6.207436856510752943e-01,-5.392875057137550554e-01,-4.524321593460169932e-01,-3.610472132732950867e-01,-2.660475830607633152e-01,-1.683843732842022489e-01,-6.903535538857530351e-02,3.100482143318444156e-02,1.307345883357646232e-01
-6.207436856510752943e-01,-5.392875057137550554e-01,-4.524321593460169932e-01,-3.610472132732950867e-01,-2.660475830607633152e-01,-1.683843732842022489e-01,-6.903535538857530351e-02,3.100482143318444156e-02,1.307345883357646232e-01,2.291554841943128362e-01
-5.392875057137550554e-01,-4.524321593460169932e-01,-3.610472132732950867e-01,-2.660475830607633152e-01,-1.683843732842022489e-01,-6.903535538857530351e-02,3.100482143318444156e-02,1.307345883357646232e-01,2.291554841943128362e-01,3.252821518638163711e-01
-4.524321593460169932e-01,-3.610472132732950867e-01,-2.660475830607633152e-01,-1.683843732842022489e-01,-6.903535538857530351e-02,3.100482143318444156e-02,1.307345883357646232e-01,2.291554841943128362e-01,3.252821518638163711e-01,4.181522032458114269e-01
-3.610472132732950867e-01,-2.660475830607633152e-01,-1.683843732842022489e-01,-6.903535538857530351e-02,3.100482143318444156e-02,1.307345883357646232e-01,2.291554841943128362e-01,3.252821518638163711e-01,4.181522032458114269e-01,5.068358543966682284e-01
-2.660475830607633152e-01,-1.683843732842022489e-01,-6.903535538857530351e-02,3.100482143318444156e-02,1.307345883357646232e-01,2.291554841943128362e-01,3.252821518638163711e-01,4.181522032458114269e-01,5.068358543966682284e-01,5.904452342139644427e-01
-1.683843732842022489e-01,-6.903535538857530351e-02,3.100482143318444156e-02,1.307345883357646232e-01,2.291554841943128362e-01,3.252821518638163711e-01,4.181522032458114269e-01,5.068358543966682284e-01,5.904452342139644427e-01,6.681432735054885219e-01
-6.903535538857530351e-02,3.100482143318444156e-02,1.307345883357646232e-01,2.291554841943128362e-01,3.252821518638163711e-01,4.181522032458114269e-01,5.068358543966682284e-01,5.904452342139644427e-01,6.681432735054885219e-01,7.391520854464810331e-01
3.100482143318444156e-02,1.307345883357646232e-01,2.291554841943128362e-01,3.252821518638163711e-01,4.181522032458114269e-01,5.068358543966682284e-01,5.904452342139644427e-01,6.681432735054885219e-01,7.391520854464810331e-01,8.027607535227755386e-01
1.307345883357646232e-01,2.291554841943128362e-01,3.252821518638163711e-01,4.181522032458114269e-01,5.068358543966682284e-01,5.904452342139644427e-01,6.681432735054885219e-01,7.391520854464810331e-01,8.027607535227755386e-01,8.583324489895510778e-01
2.291554841943128362e-01,3.252821518638163711e-01,4.181522032458114269e-01,5.068358543966682284e-01,5.904452342139644427e-01,6.681432735054885219e-01,7.391520854464810331e-01,8.027607535227755386e-01,8.583324489895510778e-01,9.053108065880791644e-01
3.252821518638163711e-01,4.181522032458114269e-01,5.068358543966682284e-01,5.904452342139644427e-01,6.681432735054885219e-01,7.391520854464810331e-01,8.027607535227755386e-01,8.583324489895510778e-01,9.053108065880791644e-01,9.432254946889113700e-01
4.181522032458114269e-01,5.068358543966682284e-01,5.904452342139644427e-01,6.681432735054885219e-01,7.391520854464810331e-01,8.027607535227755386e-01,8.583324489895510778e-01,9.053108065880791644e-01,9.432254946889113700e-01,9.716969240951147668e-01
5.068358543966682284e-01,5.904452342139644427e-01,6.681432735054885219e-01,7.391520854464810331e-01,8.027607535227755386e-01,8.583324489895510778e-01,9.053108065880791644e-01,9.432254946889113700e-01,9.716969240951147668e-01,9.904400483625352969e-01
5.904452342139644427e-01,6.681432735054885219e-01,7.391520854464810331e-01,8.027607535227755386e-01,8.583324489895510778e-01,9.053108065880791644e-01,9.432254946889113700e-01,9.716969240951147668e-01,9.904400483625352969e-01,9.992672175896440967e-01
6.681432735054885219e-01,7.391520854464810331e-01,8.027607535227755386e-01,8.583324489895510778e-01,9.053108065880791644e-01,9.432254946889113700e-01,9.716969240951147668e-01,9.904400483625352969e-01,9.992672175896440967e-01,9.980900571056710024e-01
7.391520854464810331e-01,8.027607535227755386e-01,8.583324489895510778e-01,9.053108065880791644e-01,9.432254946889113700e-01,9.716969240951147668e-01,9.904400483625352969e-01,9.992672175896440967e-01,9.980900571056710024e-01,9.869203522483082081e-01
8.027607535227755386e-01,8.583324489895510778e-01,9.053108065880791644e-01,9.432254946889113700e-01,9.716969240951147668e-01,9.904400483625352969e-01,9.992672175896440967e-01,9.980900571056710024e-01,9.869203522483082081e-01,9.658699303728464081e-01
8.583324489895510778e-01,9.053108065880791644e-01,9.432254946889113700e-01,9.716969240951147668e-01,9.904400483625352969e-01,9.992672175896440967e-01,9.980900571056710024e-01,9.869203522483082081e-01,9.658699303728464081e-01,9.351495412740217228e-01
9.053108065880791644e-01,9.432254946889113700e-01,9.716969240951147668e-01,9.904400483625352969e-01,9.992672175896440967e-01,9.980900571056710024e-01,9.869203522483082081e-01,9.658699303728464081e-01,9.351495412740217228e-01,8.950667472294673299e-01
9.432254946889113700e-01,9.716969240951147668e-01,9.904400483625352969e-01,9.992672175896440967e-01,9.980900571056710024e-01,9.869203522483082081e-01,9.658699303728464081e-01,9.351495412740217228e-01,8.950667472294673299e-01,8.460228437888551722e-01
9.716969240951147668e-01,9.904400483625352969e-01,9.992672175896440967e-01,9.980900571056710024e-01,9.869203522483082081e-01,9.658699303728464081e-01,9.351495412740217228e-01,8.950667472294673299e-01,8.460228437888551722e-01,7.885088421368967593e-01
9.904400483625352969e-01,9.992672175896440967e-01,9.980900571056710024e-01,9.869203522483082081e-01,9.658699303728464081e-01,9.351495412740217228e-01,8.950667472294673299e-01,8.460228437888551722e-01,7.885088421368967593e-01,7.231005532532635005e-01
9.992672175896440967e-01,9.980900571056710024e-01,9.869203522483082081e-01,9.658699303728464081e-01,9.351495412740217228e-01,8.950667472294673299e-01,8.460228437888551722e-01,7.885088421368967593e-01,7.231005532532635005e-01,6.504528230853949822e-01
9.980900571056710024e-01,9.869203522483082081e-01,9.658699303728464081e-01,9.351495412740217228e-01,8.950667472294673299e-01,8.460228437888551722e-01,7.885088421368967593e-01,7.231005532532635005e-01,6.504528230853949822e-01,5.712929764494637519e-01
9.869203522483082081e-01,9.658699303728464081e-01,9.351495412740217228e-01,8.950667472294673299e-01,8.460228437888551722e-01,7.885088421368967593e-01,7.231005532532635005e-01,6.504528230853949822e-01,5.712929764494637519e-01,4.864135352972627224e-01
9.658699303728464081e-01,9.351495412740217228e-01,8.950667472294673299e-01,8.460228437888551722e-01,7.885088421368967593e-01,7.231005532532635005e-01,6.504528230853949822e-01,5.712929764494637519e-01,4.864135352972627224e-01,3.966642842509706668e-01
9.351495412740217228e-01,8.950667472294673299e-01,8.460228437888551722e-01,7.885088421368967593e-01,7.231005532532635005e-01,6.504528230853949822e-01,5.712929764494637519e-01,4.864135352972627224e-01,3.966642842509706668e-01,3.029437628433671592e-01
8.950667472294673299e-01,8.460228437888551722e-01,7.885088421368967593e-01,7.231005532532635005e-01,6.504528230853949822e-01,5.712929764494637519e-01,4.864135352972627224e-01,3.966642842509706668e-01,3.029437628433671592e-01,2.061902696399663948e-01
8.460228437888551722e-01,7.885088421368967593e-01,7.231005532532635005e-01,6.504528230853949822e-01,5.712929764494637519e-01,4.864135352972627224e-01,3.966642842509706668e-01,3.029437628433671592e-01,2.061902696399663948e-01,1.073724683071835689e-01
7.885088421368967593e-01,7.231005532532635005e-01,6.504528230853949822e-01,5.712929764494637519e-01,4.864135352972627224e-01,3.966642842509706668e-01,3.029437628433671592e-01,2.061902696399663948e-01,1.073724683071835689e-01,7.479689675120660200e-03
7.231005532532635005e-01,6.504528230853949822e-01,5.712929764494637519e-01,4.864135352972627224e-01,3.966642842509706668e-01,3.029437628433671592e-01,2.061902696399663948e-01,1.073724683071835689e-01,7.479689675120660200e-03,-9.248797311239478902e-02
6.504528230853949822e-01,5.712929764494637519e-01,4.864135352972627224e-01,3.966642842509706668e-01,3.029437628433671592e-01,2.061902696399663948e-01,1.073724683071835689e-01,7.479689675120660200e-03,-9.248797311239478902e-02,-1.915296771963194422e-01
5.712929764494637519e-01,4.864135352972627224e-01,3.966642842509706668e-01,3.029437628433671592e-01,2.061902696399663948e-01,1.073724683071835689e-01,7.479689675120660200e-03,-9.248797311239478902e-02,-1.915296771963194422e-01,-2.886538501070139429e-01
4.864135352972627224e-01,3.966642842509706668e-01,3.029437628433671592e-01,2.061902696399663948e-01,1.073724683071835689e-01,7.479689675120660200e-03,-9.248797311239478902e-02,-1.915296771963194422e-01,-2.886538501070139429e-01,-3.828881170565953673e-01
3.966642842509706668e-01,3.029437628433671592e-01,2.061902696399663948e-01,1.073724683071835689e-01,7.479689675120660200e-03,-9.248797311239478902e-02,-1.915296771963194422e-01,-2.886538501070139429e-01,-3.828881170565953673e-01,-4.732890360307313027e-01
3.029437628433671592e-01,2.061902696399663948e-01,1.073724683071835689e-01,7.479689675120660200e-03,-9.248797311239478902e-02,-1.915296771963194422e-01,-2.886538501070139429e-01,-3.828881170565953673e-01,-4.732890360307313027e-01,-5.589515432149508856e-01
2.061902696399663948e-01,1.073724683071835689e-01,7.479689675120660200e-03,-9.248797311239478902e-02,-1.915296771963194422e-01,-2.886538501070139429e-01,-3.828881170565953673e-01,-4.732890360307313027e-01,-5.589515432149508856e-01,-6.390180141914412193e-01
1.073724683071835689e-01,7.479689675120660200e-03,-9.248797311239478902e-02,-1.915296771963194422e-01,-2.886538501070139429e-01,-3.828881170565953673e-01,-4.732890360307313027e-01,-5.589515432149508856e-01,-6.390180141914412193e-01,-7.126868501882479556e-01
7.479689675120660200e-03,-9.248797311239478902e-02,-1.915296771963194422e-01,-2.886538501070139429e-01,-3.828881170565953673e-01,-4.732890360307313027e-01,-5.589515432149508856e-01,-6.390180141914412193e-01,-7.126868501882479556e-01,-7.792205034186033830e-01
-9.248797311239478902e-02,-1.915296771963194422e-01,-2.886538501070139429e-01,-3.828881170565953673e-01,-4.732890360307313027e-01,-5.589515432149508856e-01,-6.390180141914412193e-01,-7.126868501882479556e-01,-7.792205034186033830e-01,-8.379528611630052692e-01
-1.915296771963194422e-01,-2.886538501070139429e-01,-3.828881170565953673e-01,-4.732890360307313027e-01,-5.589515432149508856e-01,-6.390180141914412193e-01,-7.126868501882479556e-01,-7.792205034186033830e-01,-8.379528611630052692e-01,-8.882959146674139772e-01
-2.886538501070139429e-01,-3.828881170565953673e-01,-4.732890360307313027e-01,-5.589515432149508856e-01,-6.390180141914412193e-01,-7.126868501882479556e-01,-7.792205034186033830e-01,-8.379528611630052692e-01,-8.882959146674139772e-01,-9.297456460904858222e-01
-3.828881170565953673e-01,-4.732890360307313027e-01,-5.589515432149508856e-01,-6.390180141914412193e-01,-7.126868501882479556e-01,-7.792205034186033830e-01,-8.379528611630052692e-01,-8.882959146674139772e-01,-9.297456460904858222e-01,-9.618870745619580997e-01
-4.732890360307313027e-01,-5.589515432149508856e-01,-6.390180141914412193e-01,-7.126868501882479556e-01,-7.792205034186033830e-01,-8.379528611630052692e-01,-8.882959146674139772e-01,-9.297456460904858222e-01,-9.618870745619580997e-01,-9.843984108325061211e-01
-5.589515432149508856e-01,-6.390180141914412193e-01,-7.126868501882479556e-01,-7.792205034186033830e-01,-8.379528611630052692e-01,-8.882959146674139772e-01,-9.297456460904858222e-01,-9.618870745619580997e-01,-9.843984108325061211e-01,-9.970542789202935241e-01
-6.390180141914412193e-01,-7.126868501882479556e-01,-7.792205034186033830e-01,-8.379528611630052692e-01,-8.882959146674139772e-01,-9.297456460904858222e-01,-9.618870745619580997e-01,-9.843984108325061211e-01,-9.970542789202935241e-01,-9.997279725000199901e-01
-7.126868501882479556e-01,-7.792205034186033830e-01,-8.379528611630052692e-01,-8.882959146674139772e-01,-9.297456460904858222e-01,-9.618870745619580997e-01,-9.843984108325061211e-01,-9.970542789202935241e-01,-9.997279725000199901e-01,-9.923927234443555845e-01
-7.792205034186033830e-01,-8.379528611630052692e-01,-8.882959146674139772e-01,-9.297456460904858222e-01,-9.618870745619580997e-01,-9.843984108325061211e-01,-9.970542789202935241e-01,-9.997279725000199901e-01,-9.923927234443555845e-01,-9.751219698174896644e-01
-8.379528611630052692e-01,-8.882959146674139772e-01,-9.297456460904858222e-01,-9.618870745619580997e-01,-9.843984108325061211e-01,-9.970542789202935241e-01,-9.997279725000199901e-01,-9.923927234443555845e-01,-9.751219698174896644e-01,-9.480886206377466818e-01
-8.882959146674139772e-01,-9.297456460904858222e-01,-9.618870745619580997e-01,-9.843984108325061211e-01,-9.970542789202935241e-01,-9.997279725000199901e-01,-9.923927234443555845e-01,-9.751219698174896644e-01,-9.480886206377466818e-01,-9.115633247702510378e-01
-9.297456460904858222e-01,-9.618870745619580997e-01,-9.843984108325061211e-01,-9.970542789202935241e-01,-9.997279725000199901e-01,-9.923927234443555845e-01,-9.751219698174896644e-01,-9.480886206377466818e-01,-9.115633247702510378e-01,-8.659117612808328035e-01
-9.618870745619580997e-01,-9.843984108325061211e-01,-9.970542789202935241e-01,-9.997279725000199901e-01,-9.923927234443555845e-01,-9.751219698174896644e-01,-9.480886206377466818e-01,-9.115633247702510378e-01,-8.659117612808328035e-01,-8.115909783793682220e-01
-9.843984108325061211e-01,-9.970542789202935241e-01,-9.997279725000199901e-01,-9.923927234443555845e-01,-9.751219698174896644e-01,-9.480886206377466818e-01,-9.115633247702510378e-01,-8.659117612808328035e-01,-8.115909783793682220e-01,-7.491448176056667574e-01
-9.970542789202935241e-01,-9.997279725000199901e-01,-9.923927234443555845e-01,-9.751219698174896644e-01,-9.480886206377466818e-01,-9.115633247702510378e-01,-8.659117612808328035e-01,-8.115909783793682220e-01,-7.491448176056667574e-01,-6.791984690696329929e-01
-9.997279725000199901e-01,-9.923927234443555845e-01,-9.751219698174896644e-01,-9.480886206377466818e-01,-9.115633247702510378e-01,-8.659117612808328035e-01,-8.115909783793682220e-01,-7.491448176056667574e-01,-6.791984690696329929e-01,-6.024522122565770799e-01
-9.923927234443555845e-01,-9.751219698174896644e-01,-9.480886206377466818e-01,-9.115633247702510378e-01,-8.659117612808328035e-01,-8.115909783793682220e-01,-7.491448176056667574e-01,-6.791984690696329929e-01,-6.024522122565770799e-01,-5.196744050629211742e-01
-9.751219698174896644e-01,-9.480886206377466818e-01,-9.115633247702510378e-01,-8.659117612808328035e-01,-8.115909783793682220e-01,-7.491448176056667574e-01,-6.791984690696329929e-01,-6.024522122565770799e-01,-5.196744050629211742e-01,-4.316937912534210553e-01
-9.480886206377466818e-01,-9.115633247702510378e-01,-8.659117612808328035e-01,-8.115909783793682220e-01,-7.491448176056667574e-01,-6.791984690696329929e-01,-6.024522122565770799e-01,-5.196744050629211742e-01,-4.316937912534210553e-01,-3.393912033554176144e-01
-9.115633247702510378e-01,-8.659117612808328035e-01,-8.115909783793682220e-01,-7.491448176056667574e-01,-6.791984690696329929e-01,-6.024522122565770799e-01,-5.196744050629211742e-01,-4.316937912534210553e-01,-3.393912033554176144e-01,-2.436907440575981909e-01
-8.659117612808328035e-01,-8.115909783793682220e-01,-7.491448176056667574e-01,-6.791984690696329929e-01,-6.024522122565770799e-01,-5.196744050629211742e-01,-4.316937912534210553e-01,-3.393912033554176144e-01,-2.436907440575981909e-01,-1.455505344025540271e-01
-8.115909783793682220e-01,-7.491448176056667574e-01,-6.791984690696329929e-01,-6.024522122565770799e-01,-5.196744050629211742e-01,-4.316937912534210553e-01,-3.393912033554176144e-01,-2.436907440575981909e-01,-1.455505344025540271e-01,-4.595312139872635010e-02
-7.491448176056667574e-01,-6.791984690696329929e-01,-6.024522122565770799e-01,-5.196744050629211742e-01,-4.316937912534210553e-01,-3.393912033554176144e-01,-2.436907440575981909e-01,-1.455505344025540271e-01,-4.595312139872635010e-02,5.410435891204352921e-02
-6.791984690696329929e-01,-6.024522122565770799e-01,-5.196744050629211742e-01,-4.316937912534210553e-01,-3.393912033554176144e-01,-2.436907440575981909e-01,-1.455505344025540271e-01,-4.595312139872635010e-02,5.410435891204352921e-02,1.536201644477174222e-01
-6.024522122565770799e-01,-5.196744050629211742e-01,-4.316937912534210553e-01,-3.393912033554176144e-01,-2.436907440575981909e-01,-1.455505344025540271e-01,-4.595312139872635010e-02,5.410435891204352921e-02,1.536201644477174222e-01,2.515979761931751435e-01
-5.196744050629211742e-01,-4.316937912534210553e-01,-3.393912033554176144e-01,-2.436907440575981909e-01,-1.455505344025540271e-01,-4.595312139872635010e-02,5.410435891204352921e-02,1.536201644477174222e-01,2.515979761931751435e-01,3.470568730136189273e-01
-4.316937912534210553e-01,-3.393912033554176144e-01,-2.436907440575981909e-01,-1.455505344025540271e-01,-4.595312139872635010e-02,5.410435891204352921e-02,1.536201644477174222e-01,2.515979761931751435e-01,3.470568730136189273e-01,4.390411523093195045e-01
-3.393912033554176144e-01,-2.436907440575981909e-01,-1.455505344025540271e-01,-4.595312139872635010e-02,5.410435891204352921e-02,1.536201644477174222e-01,2.515979761931751435e-01,3.470568730136189273e-01,4.390411523093195045e-01,5.266298981910272348e-01
-2.436907440575981909e-01,-1.455505344025540271e-01,-4.595312139872635010e-02,5.410435891204352921e-02,1.536201644477174222e-01,2.515979761931751435e-01,3.470568730136189273e-01,4.390411523093195045e-01,5.266298981910272348e-01,6.089462013822435349e-01
-1.455505344025540271e-01,-4.595312139872635010e-02,5.410435891204352921e-02,1.536201644477174222e-01,2.515979761931751435e-01,3.470568730136189273e-01,4.390411523093195045e-01,5.266298981910272348e-01,6.089462013822435349e-01,6.851659385421812187e-01
-4.595312139872635010e-02,5.410435891204352921e-02,1.536201644477174222e-01,2.515979761931751435e-01,3.470568730136189273e-01,4.390411523093195045e-01,5.266298981910272348e-01,6.089462013822435349e-01,6.851659385421812187e-01,7.545260231133718021e-01
5.410435891204352921e-02,1.536201644477174222e-01,2.515979761931751435e-01,3.470568730136189273e-01,4.390411523093195045e-01,5.266298981910272348e-01,6.089462013822435349e-01,6.851659385421812187e-01,7.545260231133718021e-01,8.163320450895581448e-01
1.536201644477174222e-01,2.515979761931751435e-01,3.470568730136189273e-01,4.390411523093195045e-01,5.266298981910272348e-01,6.089462013822435349e-01,6.851659385421812187e-01,7.545260231133718021e-01,8.163320450895581448e-01,8.699652232167238708e-01
2.515979761931751435e-01,3.470568730136189273e-01,4.390411523093195045e-01,5.266298981910272348e-01,6.089462013822435349e-01,6.851659385421812187e-01,7.545260231133718021e-01,8.163320450895581448e-01,8.699652232167238708e-01,9.148886000244572658e-01
3.470568730136189273e-01,4.390411523093195045e-01,5.266298981910272348e-01,6.089462013822435349e-01,6.851659385421812187e-01,7.545260231133718021e-01,8.163320450895581448e-01,8.699652232167238708e-01,9.148886000244572658e-01,9.506524176647860314e-01
4.390411523093195045e-01,5.266298981910272348e-01,6.089462013822435349e-01,6.851659385421812187e-01,7.545260231133718021e-01,8.163320450895581448e-01,8.699652232167238708e-01,9.148886000244572658e-01,9.506524176647860314e-01,9.768986207376204600e-01
5.266298981910272348e-01,6.089462013822435349e-01,6.851659385421812187e-01,7.545260231133718021e-01,8.163320450895581448e-01,8.699652232167238708e-01,9.148886000244572658e-01,9.506524176647860314e-01,9.768986207376204600e-01,9.933644410218178677e-01
6.089462013822435349e-01,6.851659385421812187e-01,7.545260231133718021e-01,8.163320450895581448e-01,8.699652232167238708e-01,9.148886000244572658e-01,9.506524176647860314e-01,9.768986207376204600e-01,9.933644410218178677e-01,9.998850282229003739e-01
6.851659385421812187e-01,7.545260231133718021e-01,8.163320450895581448e-01,8.699652232167238708e-01,9.148886000244572658e-01,9.506524176647860314e-01,9.768986207376204600e-01,9.933644410218178677e-01,9.998850282229003739e-01,9.963951003991380340e-01
7.545260231133718021e-01,8.163320450895581448e-01,8.699652232167238708e-01,9.148886000244572658e-01,9.506524176647860314e-01,9.768986207376204600e-01,9.933644410218178677e-01,9.998850282229003739e-01,9.963951003991380340e-01,9.829295975425581533e-01
8.163320450895581448e-01,8.699652232167238708e-01,9.148886000244572658e-01,9.506524176647860314e-01,9.768986207376204600e-01,9.933644410218178677e-01,9.998850282229003739e-01,9.963951003991380340e-01,9.829295975425581533e-01,9.596233317714162325e-01
8.699652232167238708e-01,9.148886000244572658e-01,9.506524176647860314e-01,9.768986207376204600e-01,9.933644410218178677e-01,9.998850282229003739e-01,9.963951003991380340e-01,9.829295975425581533e-01,9.596233317714162325e-01,9.267096376362687904e-01
9.148886000244572658e-01,9.506524176647860314e-01,9.768986207376204600e-01,9.933644410218178677e-01,9.998850282229003739e-01,9.963951003991380340e-01,9.829295975425581533e-01,9.596233317714162325e-01,9.267096376362687904e-01,8.845180360523932084e-01
9.506524176647860314e-01,9.768986207376204600e-01,9.933644410218178677e-01,9.998850282229003739e-01,9.963951003991380340e-01,9.829295975425581533e-01,9.596233317714162325e-01,9.267096376362687904e-01,8.845180360523932084e-01,8.334709352463797183e-01
9.768986207376204600e-01,9.933644410218178677e-01,9.998850282229003739e-01,9.963951003991380340e-01,9.829295975425581533e-01,9.596233317714162325e-01,9.267096376362687904e-01,8.845180360523932084e-01,8.334709352463797183e-01,7.740794017460631560e-01
9.933644410218178677e-01,9.998850282229003739e-01,9.963951003991380340e-01,9.829295975425581533e-01,9.596233317714162325e-01,9.267096376362687904e-01,8.845180360523932084e-01,8.334709352463797183e-01,7.740794017460631560e-01,7.069380437530418115e-01
9.998850282229003739e-01,9.963951003991380340e-01,9.829295975425581533e-01,9.596233317714162325e-01,9.267096376362687904e-01,8.845180360523932084e-01,8.334709352463797183e-01,7.740794017460631560e-01,7.069380437530418115e-01,6.327190581239792166e-01
9.963951003991380340e-01,9.829295975425581533e-01,9.596233317714162325e-01,9.267096376362687904e-01,8.845180360523932084e-01,8.334709352463797183e-01,7.740794017460631560e-01,7.069380437530418115e-01,6.327190581239792166e-01,5.521655005600576427e-01
9.829295975425581533e-01,9.596233317714162325e-01,9.267096376362687904e-01,8.845180360523932084e-01,8.334709352463797183e-01,7.740794017460631560e-01,7.069380437530418115e-01,6.327190581239792166e-01,5.521655005600576427e-01,4.660838463814986898e-01
9.596233317714162325e-01,9.267096376362687904e-01,8.845180360523932084e-01,8.334709352463797183e-01,7.740794017460631560e-01,7.069380437530418115e-01,6.327190581239792166e-01,5.521655005600576427e-01,4.660838463814986898e-01,3.753359163658624431e-01
9.267096376362687904e-01,8.845180360523932084e-01,8.334709352463797183e-01,7.740794017460631560e-01,7.069380437530418115e-01,6.327190581239792166e-01,5.521655005600576427e-01,4.660838463814986898e-01,3.753359163658624431e-01,2.808302484862948423e-01
8.845180360523932084e-01,8.334709352463797183e-01,7.740794017460631560e-01,7.069380437530418115e-01,6.327190581239792166e-01,5.521655005600576427e-01,4.660838463814986898e-01,3.753359163658624431e-01,2.808302484862948423e-01,1.835130019326141892e-01
8.334709352463797183e-01,7.740794017460631560e-01,7.069380437530418115e-01,6.327190581239792166e-01,5.521655005600576427e-01,4.660838463814986898e-01,3.753359163658624431e-01,2.808302484862948423e-01,1.835130019326141892e-01,8.435848448154653623e-02
7.740794017460631560e-01,7.069380437530418115e-01,6.327190581239792166e-01,5.521655005600576427e-01,4.660838463814986898e-01,3.753359163658624431e-01,2.808302484862948423e-01,1.835130019326141892e-01,8.435848448154653623e-02,-1.564060194750711841e-02
7.069380437530418115e-01,6.327190581239792166e-01,5.521655005600576427e-01,4.660838463814986898e-01,3.753359163658624431e-01,2.808302484862948423e-01,1.835130019326141892e-01,8.435848448154653623e-02,-1.564060194750711841e-02,-1.154830998924972207e-01
6.327190581239792166e-01,5.521655005600576427e-01,4.660838463814986898e-01,3.753359163658624431e-01,2.808302484862948423e-01,1.835130019326141892e-01,8.435848448154653623e-02,-1.564060194750711841e-02,-1.154830998924972207e-01,-2.141694196030456132e-01
5.521655005600576427e-01,4.660838463814986898e-01,3.753359163658624431e-01,2.808302484862948423e-01,1.835130019326141892e-01,8.435848448154653623e-02,-1.564060194750711841e-02,-1.154830998924972207e-01,-2.141694196030456132e-01,-3.107115465991348580e-01
4.660838463814986898e-01,3.753359163658624431e-01,2.808302484862948423e-01,1.835130019326141892e-01,8.435848448154653623e-02,-1.564060194750711841e-02,-1.154830998924972207e-01,-2.141694196030456132e-01,-3.107115465991348580e-01,-4.041429333422791870e-01
3.753359163658624431e-01,2.808302484862948423e-01,1.835130019326141892e-01,8.435848448154653623e-02,-1.564060194750711841e-02,-1.154830998924972207e-01,-2.141694196030456132e-01,-3.107115465991348580e-01,-4.041429333422791870e-01,-4.935281759866254059e-01
2.808302484862948423e-01,1.835130019326141892e-01,8.435848448154653623e-02,-1.564060194750711841e-02,-1.154830998924972207e-01,-2.141694196030456132e-01,-3.107115465991348580e-01,-4.041429333422791870e-01,-4.935281759866254059e-01,-5.779723793300165502e-01
1.835130019326141892e-01,8.435848448154653623e-02,-1.564060194750711841e-02,-1.154830998924972207e-01,-2.141694196030456132e-01,-3.107115465991348580e-01,-4.041429333422791870e-01,-4.935281759866254059e-01,-5.779723793300165502e-01,-6.566301162058347796e-01
8.435848448154653623e-02,-1.564060194750711841e-02,-1.154830998924972207e-01,-2.141694196030456132e-01,-3.107115465991348580e-01,-4.041429333422791870e-01,-4.935281759866254059e-01,-5.779723793300165502e-01,-6.566301162058347796e-01,-7.287138916175877057e-01
-1.564060194750711841e-02,-1.154830998924972207e-01,-2.141694196030456132e-01,-3.107115465991348580e-01,-4.041429333422791870e-01,-4.935281759866254059e-01,-5.779723793300165502e-01,-6.566301162058347796e-01,-7.287138916175877057e-01,-7.935020268757664308e-01
-1.154830998924972207e-01,-2.141694196030456132e-01,-3.107115465991348580e-01,-4.041429333422791870e-01,-4.935281759866254059e-01,-5.779723793300165502e-01,-6.566301162058347796e-01,-7.287138916175877057e-01,-7.935020268757664308e-01,-8.503458848039867624e-01
-2.141694196030456132e-01,-3.107115465991348580e-01,-4.041429333422791870e-01,-4.935281759866254059e-01,-5.779723793300165502e-01,-6.566301162058347796e-01,-7.287138916175877057e-01,-7.935020268757664308e-01,-8.503458848039867624e-01,-8.986763636777356234e-01
-3.107115465991348580e-01,-4.041429333422791870e-01,-4.935281759866254059e-01,-5.779723793300165502e-01,-6.566301162058347796e-01,-7.287138916175877057e-01,-7.935020268757664308e-01,-8.503458848039867624e-01,-8.986763636777356234e-01,-9.380095948808681028e-01
-4.041429333422791870e-01,-4.935281759866254059e-01,-5.779723793300165502e-01,-6.566301162058347796e-01,-7.287138916175877057e-01,-7.935020268757664308e-01,-8.503458848039867624e-01,-8.986763636777356234e-01,-9.380095948808681028e-01,-9.679517872365672737e-01
-4.935281759866254059e-01,-5.779723793300165502e-01,-6.566301162058347796e-01,-7.287138916175877057e-01,-7.935020268757664308e-01,-8.503458848039867624e-01,-8.986763636777356234e-01,-9.380095948808681028e-01,-9.679517872365672737e-01,-9.882031695131566762e-01
-5.779723793300165502e-01,-6.566301162058347796e-01,-7.287138916175877057e-01,-7.935020268757664308e-01,-8.503458848039867624e-01,-8.986763636777356234e-01,-9.380095948808681028e-01,-9.679517872365672737e-01,-9.882031695131566762e-01,-9.985609916335403957e-01
-6.566301162058347796e-01,-7.287138916175877057e-01,-7.935020268757664308e-01,-8.503458848039867624e-01,-8.986763636777356234e-01,-9.380095948808681028e-01,-9.679517872365672737e-01,-9.882031695131566762e-01,-9.985609916335403957e-01,-9.989215545412957198e-01
-7.287138916175877057e-01,-7.935020268757664308e-01,-8.503458848039867624e-01,-8.986763636777356234e-01,-9.380095948808681028e-01,-9.679517872365672737e-01,-9.882031695131566762e-01,-9.985609916335403957e-01,-9.989215545412957198e-01,-9.892812484009878560e-01
-7.935020268757664308e-01,-8.503458848039867624e-01,-8.986763636777356234e-01,-9.380095948808681028e-01,-9.679517872365672737e-01,-9.882031695131566762e-01,-9.985609916335403957e-01,-9.989215545412957198e-01,-9.892812484009878560e-01,-9.697365887386373284e-01
-8.503458848039867624e-01,-8.986763636777356234e-01,-9.380095948808681028e-01,-9.679517872365672737e-01,-9.882031695131566762e-01,-9.985609916335403957e-01,-9.989215545412957198e-01,-9.892812484009878560e-01,-9.697365887386373284e-01,-9.404832501605121520e-01
-8.986763636777356234e-01,-9.380095948808681028e-01,-9.679517872365672737e-01,-9.882031695131566762e-01,-9.985609916335403957e-01,-9.989215545412957198e-01,-9.892812484009878560e-01,-9.697365887386373284e-01,-9.404832501605121520e-01,-9.018141073242873507e-01
-9.380095948808681028e-01,-9.679517872365672737e-01,-9.882031695131566762e-01,-9.985609916335403957e-01,-9.989215545412957198e-01,-9.892812484009878560e-01,-9.697365887386373284e-01,-9.404832501605121520e-01,-9.018141073242873507e-01,-8.541163027758000847e-01
-9.679517872365672737e-01,-9.882031695131566762e-01,-9.985609916335403957e-01,-9.989215545412957198e-01,-9.892812484009878560e-01,-9.697365887386373284e-01,-9.404832501605121520e-01,-9.018141073242873507e-01,-8.541163027758000847e-01,-7.978673710071108038e-01
-9.882031695131566762e-01,-9.985609916335403957e-01,-9.989215545412957198e-01,-9.892812484009878560e-01,-9.697365887386373284e-01,-9.404832501605121520e-01,-9.018141073242873507e-01,-8.541163027758000847e-01,-7.978673710071108038e-01,-7.336304575406787931e-01
-9.985609916335403957e-01,-9.989215545412957198e-01,-9.892812484009878560e-01,-9.697365887386373284e-01,-9.404832501605121520e-01,-9.018141073242873507e-01,-8.541163027758000847e-01,-7.978673710071108038e-01,-7.336304575406787931e-01,-6.620486809043713006e-01
-9.989215545412957198e-01,-9.892812484009878560e-01,-9.697365887386373284e-01,-9.404832501605121520e-01,-9.018141073242873507e-01,-8.541163027758000847e-01,-7.978673710071108038e-01,-7.336304575406787931e-01,-6.620486809043713006e-01,-5.838386939435826761e-01
-9.892812484009878560e-01,-9.697365887386373284e-01,-9.404832501605121520e-01,-9.018141073242873507e-01,-8.541163027758000847e-01,-7.978673710071108038e-01,-7.336304575406787931e-01,-6.620486809043713006e-01,-5.838386939435826761e-01,-4.997835089321672752e-01
-9.697365887386373284e-01,-9.404832501605121520e-01,-9.018141073242873507e-01,-8.541163027758000847e-01,-7.978673710071108038e-01,-7.336304575406787931e-01,-6.620486809043713006e-01,-5.838386939435826761e-01,-4.997835089321672752e-01,-4.107246583151023533e-01
-9.404832501605121520e-01,-9.018141073242873507e-01,-8.541163027758000847e-01,-7.978673710071108038e-01,-7.336304575406787931e-01,-6.620486809043713006e-01,-5.838386939435826761e-01,-4.997835089321672752e-01,-4.107246583151023533e-01,-3.175537695665555660e-01
-9.018141073242873507e-01,-8.541163027758000847e-01,-7.978673710071108038e-01,-7.336304575406787931e-01,-6.620486809043713006e-01,-5.838386939435826761e-01,-4.997835089321672752e-01,-4.107246583151023533e-01,-3.175537695665555660e-01,-2.212036385134424910e-01
-8.541163027758000847e-01,-7.978673710071108038e-01,-7.336304575406787931e-01,-6.620486809043713006e-01,-5.838386939435826761e-01,-4.997835089321672752e-01,-4.107246583151023533e-01,-3.175537695665555660e-01,-2.212036385134424910e-01,-1.226388904949784059e-01
-7.978673710071108038e-01,-7.336304575406787931e-01,-6.620486809043713006e-01,-5.838386939435826761e-01,-4.997835089321672752e-01,-4.107246583151023533e-01,-3.175537695665555660e-01,-2.212036385134424910e-01,-1.226388904949784059e-01,-2.284632285599436791e-02
-7.336304575406787931e-01,-6.620486809043713006e-01,-5.838386939435826761e-01,-4.997835089321672752e-01,-4.107246583151023533e-01,-3.175537695665555660e-01,-2.212036385134424910e-01,-1.226388904949784059e-01,-2.284632285599436791e-02,7.717497453868267521e-02
-6.620486809043713006e-01,-5.838386939435826761e-01,-4.997835089321672752e-01,-4.107246583151023533e-01,-3.175537695665555660e-01,-2.212036385134424910e-01,-1.226388904949784059e-01,-2.284632285599436791e-02,7.717497453868267521e-02,1.764236218582319049e-01
-5.838386939435826761e-01,-4.997835089321672752e-01,-4.107246583151023533e-01,-3.175537695665555660e-01,-2.212036385134424910e-01,-1.226388904949784059e-01,-2.284632285599436791e-02,7.717497453868267521e-02,1.764236218582319049e-01,2.739059747864406869e-01
-4.997835089321672752e-01,-4.107246583151023533e-01,-3.175537695665555660e-01,-2.212036385134424910e-01,-1.226388904949784059e-01,-2.284632285599436791e-02,7.717497453868267521e-02,1.764236218582319049e-01,2.739059747864406869e-01,3.686460725566926833e-01
-4.107246583151023533e-01,-3.175537695665555660e-01,-2.212036385134424910e-01,-1.226388904949784059e-01,-2.284632285599436791e-02,7.717497453868267521e-02,1.764236218582319049e-01,2.739059747864406869e-01,3.686460725566926833e-01,4.596954089453841874e-01
-3.175537695665555660e-01,-2.212036385134424910e-01,-1.226388904949784059e-01,-2.284632285599436791e-02,7.717497453868267521e-02,1.764236218582319049e-01,2.739059747864406869e-01,3.686460725566926833e-01,4.596954089453841874e-01,5.461424283994065210e-01
-2.212036385134424910e-01,-1.226388904949784059e-01,-2.284632285599436791e-02,7.717497453868267521e-02,1.764236218582319049e-01,2.739059747864406869e-01,3.686460725566926833e-01,4.596954089453841874e-01,5.461424283994065210e-01,6.271216522260630866e-01
-1.226388904949784059e-01,-2.284632285599436791e-02,7.717497453868267521e-02,1.764236218582319049e-01,2.739059747864406869e-01,3.686460725566926833e-01,4.596954089453841874e-01,5.461424283994065210e-01,6.271216522260630866e-01,7.018223434766465152e-01
-2.284632285599436791e-02,7.717497453868267521e-02,1.764236218582319049e-01,2.739059747864406869e-01,3.686460725566926833e-01,4.596954089453841874e-01,5.461424283994065210e-01,6.271216522260630866e-01,7.018223434766465152e-01,7.694966237741412973e-01
7.717497453868267521e-02,1.764236218582319049e-01,2.739059747864406869e-01,3.686460725566926833e-01,4.596954089453841874e-01,5.461424283994065210e-01,6.271216522260630866e-01,7.018223434766465152e-01,7.694966237741412973e-01,8.294669608217227763e-01
1.764236218582319049e-01,2.739059747864406869e-01,3.686460725566926833e-01,4.596954089453841874e-01,5.461424283994065210e-01,6.271216522260630866e-01,7.018223434766465152e-01,7.694966237741412973e-01,8.294669608217227763e-01,8.811329516299492015e-01
2.739059747864406869e-01,3.686460725566926833e-01,4.596954089453841874e-01,5.461424283994065210e-01,6.271216522260630866e-01,7.018223434766465152e-01,7.694966237741412973e-01,8.294669608217227763e-01,8.811329516299492015e-01,9.239773335509409158e-01
3.686460725566926833e-01,4.596954089453841874e-01,5.461424283994065210e-01,6.271216522260630866e-01,7.018223434766465152e-01,7.694966237741412973e-01,8.294669608217227763e-01,8.811329516299492015e-01,9.239773335509409158e-01,9.575711629393466318e-01
4.596954089453841874e-01,5.461424283994065210e-01,6.271216522260630866e-01,7.018223434766465152e-01,7.694966237741412973e-01,8.294669608217227763e-01,8.811329516299492015e-01,9.239773335509409158e-01,9.575711629393466318e-01,9.815781095928410860e-01
5.461424283994065210e-01,6.271216522260630866e-01,7.018223434766465152e-01,7.694966237741412973e-01,8.294669608217227763e-01,8.811329516299492015e-01,9.239773335509409158e-01,9.575711629393466318e-01,9.815781095928410860e-01,9.957578239778426266e-01
6.271216522260630866e-01,7.018223434766465152e-01,7.694966237741412973e-01,8.294669608217227763e-01,8.811329516299492015e-01,9.239773335509409158e-01,9.575711629393466318e-01,9.815781095928410860e-01,9.957578239778426266e-01,9.999683435287596289e-01
7.018223434766465152e-01,7.694966237741412973e-01,8.294669608217227763e-01,8.811329516299492015e-01,9.239773335509409158e-01,9.575711629393466318e-01,9.815781095928410860e-01,9.957578239778426266e-01,9.999683435287596289e-01,9.941675139298099539e-01
7.694966237741412973e-01,8.294669608217227763e-01,8.811329516299492015e-01,9.239773335509409158e-01,9.575711629393466318e-01,9.815781095928410860e-01,9.957578239778426266e-01,9.999683435287596289e-01,9.941675139298099539e-01,9.784134111499493969e-01
8.294669608217227763e-01,8.811329516299492015e-01,9.239773335509409158e-01,9.575711629393466318e-01,9.815781095928410860e-01,9.957578239778426266e-01,9.999683435287596289e-01,9.941675139298099539e-01,9.784134111499493969e-01,9.528637600056567569e-01
8.811329516299492015e-01,9.239773335509409158e-01,9.575711629393466318e-01,9.815781095928410860e-01,9.957578239778426266e-01,9.999683435287596289e-01,9.941675139298099539e-01,9.784134111499493969e-01,9.528637600056567569e-01,9.177743550727555100e-01
9.239773335509409158e-01,9.575711629393466318e-01,9.815781095928410860e-01,9.957578239778426266e-01,9.999683435287596289e-01,9.941675139298099539e-01,9.784134111499493969e-01,9.528637600056567569e-01,9.177743550727555100e-01,8.734964997565063394e-01
9.575711629393466318e-01,9.815781095928410860e-01,9.957578239778426266e-01,9.999683435287596289e-01,9.941675139298099539e-01,9.784134111499493969e-01,9.528637600056567569e-01,9.177743550727555100e-01,8.734964997565063394e-01,8.204734891592587731e-01
9.815781095928410860e-01,9.957578239778426266e-01,9.999683435287596289e-01,9.941675139298099539e-01,9.784134111499493969e-01,9.528637600056567569e-01,9.177743550727555100e-01,8.734964997565063394e-01,8.204734891592587731e-01,7.592361719578596402e-01
9.957578239778426266e-01,9.999683435287596289e-01,9.941675139298099539e-01,9.784134111499493969e-01,9.528637600056567569e-01,9.177743550727555100e-01,8.734964997565063394e-01,8.204734891592587731e-01,7.592361719578596402e-01,6.903976357240196871e-01
9.999683435287596289e-01,9.941675139298099539e-01,9.784134111499493969e-01,9.528637600056567569e-01,9.177743550727555100e-01,8.734964997565063394e-01,8.204734891592587731e-01,7.592361719578596402e-01,6.903976357240196871e-01,6.146470688961962470e-01
9.941675139298099539e-01,9.784134111499493969e-01,9.528637600056567569e-01,9.177743550727555100e-01,8.734964997565063394e-01,8.204734891592587731e-01,7.592361719578596402e-01,6.903976357240196871e-01,6.146470688961962470e-01,5.327428608551558753e-01
9.784134111499493969e-01,9.528637600056567569e-01,9.177743550727555100e-01,8.734964997565063394e-01,8.204734891592587731e-01,7.592361719578596402e-01,6.903976357240196871e-01,6.146470688961962470e-01,5.327428608551558753e-01,4.455050091826475711e-01
9.528637600056567569e-01,9.177743550727555100e-01,8.734964997565063394e-01,8.204734891592587731e-01,7.592361719578596402e-01,6.903976357240196871e-01,6.146470688961962470e-01,5.327428608551558753e-01,4.455050091826475711e-01,3.538069101195166488e-01
9.177743550727555100e-01,8.734964997565063394e-01,8.204734891592587731e-01,7.592361719578596402e-01,6.903976357240196871e-01,6.146470688961962470e-01,5.327428608551558753e-01,4.455050091826475711e-01,3.538069101195166488e-01,2.585666144140844613e-01
8.734964997565063394e-01,8.204734891592587731e-01,7.592361719578596402e-01,6.903976357240196871e-01,6.146470688961962470e-01,5.327428608551558753e-01,4.455050091826475711e-01,3.538069101195166488e-01,2.585666144140844613e-01,1.607376361047111457e-01
8.204734891592587731e-01,7.592361719578596402e-01,6.903976357240196871e-01,6.146470688961962470e-01,5.327428608551558753e-01,4.455050091826475711e-01,3.538069101195166488e-01,2.585666144140844613e-01,1.607376361047111457e-01,6.129940625553034067e-02
7.592361719578596402e-01,6.903976357240196871e-01,6.146470688961962470e-01,5.327428608551558753e-01,4.455050091826475711e-01,3.538069101195166488e-01,2.585666144140844613e-01,1.607376361047111457e-01,6.129940625553034067e-02,-3.875253278020720366e-02
6.903976357240196871e-01,6.146470688961962470e-01,5.327428608551558753e-01,4.455050091826475711e-01,3.538069101195166488e-01,2.585666144140844613e-01,1.607376361047111457e-01,6.129940625553034067e-02,-3.875253278020720366e-02,-1.384164943978585804e-01
6.146470688961962470e-01,5.327428608551558753e-01,4.455050091826475711e-01,3.538069101195166488e-01,2.585666144140844613e-01,1.607376361047111457e-01,6.129940625553034067e-02,-3.875253278020720366e-02,-1.384164943978585804e-01,-2.366946762930825232e-01
5.327428608551558753e-01,4.455050091826475711e-01,3.538069101195166488e-01,2.585666144140844613e-01,1.607376361047111457e-01,6.129940625553034067e-02,-3.875253278020720366e-02,-1.384164943978585804e-01,-2.366946762930825232e-01,-3.326031501254403389e-01
4.455050091826475711e-01,3.538069101195166488e-01,2.585666144140844613e-01,1.607376361047111457e-01,6.129940625553034067e-02,-3.875253278020720366e-02,-1.384164943978585804e-01,-2.366946762930825232e-01,-3.326031501254403389e-01,-4.251817122802802884e-01
3.538069101195166488e-01,2.585666144140844613e-01,1.607376361047111457e-01,6.129940625553034067e-02,-3.875253278020720366e-02,-1.384164943978585804e-01,-2.366946762930825232e-01,-3.326031501254403389e-01,-4.251817122802802884e-01,-5.135034971068079823e-01
2.585666144140844613e-01,1.607376361047111457e-01,6.129940625553034067e-02,-3.875253278020720366e-02,-1.384164943978585804e-01,-2.366946762930825232e-01,-3.326031501254403389e-01,-4.251817122802802884e-01,-5.135034971068079823e-01,-5.966842563873824279e-01
1.607376361047111457e-01,6.129940625553034067e-02,-3.875253278020720366e-02,-1.384164943978585804e-01,-2.366946762930825232e-01,-3.326031501254403389e-01,-4.251817122802802884e-01,-5.135034971068079823e-01,-5.966842563873824279e-01,-6.738912121355058460e-01
6.129940625553034067e-02,-3.875253278020720366e-02,-1.384164943978585804e-01,-2.366946762930825232e-01,-3.326031501254403389e-01,-4.251817122802802884e-01,-5.135034971068079823e-01,-5.966842563873824279e-01,-6.738912121355058460e-01,-7.443513940908529358e-01
-3.875253278020720366e-02,-1.384164943978585804e-01,-2.366946762930825232e-01,-3.326031501254403389e-01,-4.251817122802802884e-01,-5.135034971068079823e-01,-5.966842563873824279e-01,-6.738912121355058460e-01,-7.443513940908529358e-01,-8.073593784394966777e-01
-1.384164943978585804e-01,-2.366946762930825232e-01,-3.326031501254403389e-01,-4.251817122802802884e-01,-5.135034971068079823e-01,-5.966842563873824279e-01,-6.738912121355058460e-01,-7.443513940908529358e-01,-8.073593784394966777e-01,-8.622843502815021877e-01
-2.366946762930825232e-01,-3.326031501254403389e-01,-4.251817122802802884e-01,-5.135034971068079823e-01,-5.966842563873824279e-01,-6.738912121355058460e-01,-7.443513940908529358e-01,-8.073593784394966777e-01,-8.622843502815021877e-01,-9.085764191391356714e-01
-3.326031501254403389e-01,-4.251817122802802884e-01,-5.135034971068079823e-01,-5.966842563873824279e-01,-6.738912121355058460e-01,-7.443513940908529358e-01,-8.073593784394966777e-01,-8.622843502815021877e-01,-9.085764191391356714e-01,-9.457721242766493619e-01
-4.251817122802802884e-01,-5.135034971068079823e-01,-5.966842563873824279e-01,-6.738912121355058460e-01,-7.443513940908529358e-01,-8.073593784394966777e-01,-8.622843502815021877e-01,-9.085764191391356714e-01,-9.457721242766493619e-01,-9.734990747144622869e-01
-5.135034971068079823e-01,-5.966842563873824279e-01,-6.738912121355058460e-01,-7.443513940908529358e-01,-8.073593784394966777e-01,-8.622843502815021877e-01,-9.085764191391356714e-01,-9.457721242766493619e-01,-9.734990747144622869e-01,-9.914796774832587145e-01
-5.966842563873824279e-01,-6.738912121355058460e-01,-7.443513940908529358e-01,-8.073593784394966777e-01,-8.622843502815021877e-01,-9.085764191391356714e-01,-9.457721242766493619e-01,-9.734990747144622869e-01,-9.914796774832587145e-01,-9.995339167921354351e-01
-6.738912121355058460e-01,-7.443513940908529358e-01,-8.073593784394966777e-01,-8.622843502815021877e-01,-9.085764191391356714e-01,-9.457721242766493619e-01,-9.734990747144622869e-01,-9.914796774832587145e-01,-9.995339167921354351e-01,-9.975811562865701809e-01
-7.443513940908529358e-01,-8.073593784394966777e-01,-8.622843502815021877e-01,-9.085764191391356714e-01,-9.457721242766493619e-01,-9.734990747144622869e-01,-9.914796774832587145e-01,-9.995339167921354351e-01,-9.975811562865701809e-01,-9.856409463526859538e-01
-8.073593784394966777e-01,-8.622843502815021877e-01,-9.085764191391356714e-01,-9.457721242766493619e-01,-9.734990747144622869e-01,-9.914796774832587145e-01,-9.995339167921354351e-01,-9.975811562865701809e-01,-9.856409463526859538e-01,-9.638328283853153655e-01
-8.622843502815021877e-01,-9.085764191391356714e-01,-9.457721242766493619e-01,-9.734990747144622869e-01,-9.914796774832587145e-01,-9.995339167921354351e-01,-9.975811562865701809e-01,-9.856409463526859538e-01,-9.638328283853153655e-01,-9.323751379794599226e-01
-9.085764191391356714e-01,-9.457721242766493619e-01,-9.734990747144622869e-01,-9.914796774832587145e-01,-9.995339167921354351e-01,-9.975811562865701809e-01,-9.856409463526859538e-01,-9.638328283853153655e-01,-9.323751379794599226e-01,-8.915828190272420128e-01
-9.457721242766493619e-01,-9.734990747144622869e-01,-9.914796774832587145e-01,-9.995339167921354351e-01,-9.975811562865701809e-01,-9.856409463526859538e-01,-9.638328283853153655e-01,-9.323751379794599226e-01,-8.915828190272420128e-01,-8.418642706047870794e-01
-9.734990747144622869e-01,-9.914796774832587145e-01,-9.995339167921354351e-01,-9.975811562865701809e-01,-9.856409463526859538e-01,-9.638328283853153655e-01,-9.323751379794599226e-01,-8.915828190272420128e-01,-8.418642706047870794e-01,-7.837172582170903734e-01
-9.914796774832587145e-01,-9.995339167921354351e-01,-9.975811562865701809e-01,-9.856409463526859538e-01,-9.638328283853153655e-01,-9.323751379794599226e-01,-8.915828190272420128e-01,-8.418642706047870794e-01,-7.837172582170903734e-01,-7.177239303359366218e-01
-9.995339167921354351e-01,-9.975811562865701809e-01,-9.856409463526859538e-01,-9.638328283853153655e-01,-9.323751379794599226e-01,-8.915828190272420128e-01,-8.418642706047870794e-01,-7.837172582170903734e-01,-7.177239303359366218e-01,-6.445449901238551327e-01
-9.975811562865701809e-01,-9.856409463526859538e-01,-9.638328283853153655e-01,-9.323751379794599226e-01,-8.915828190272420128e-01,-8.418642706047870794e-01,-7.837172582170903734e-01,-7.177239303359366218e-01,-6.445449901238551327e-01,-5.649130806946009997e-01
-9.856409463526859538e-01,-9.638328283853153655e-01,-9.323751379794599226e-01,-8.915828190272420128e-01,-8.418642706047870794e-01,-7.837172582170903734e-01,-7.177239303359366218e-01,-6.445449901238551327e-01,-5.649130806946009997e-01,-4.796254501350249444e-01
-9.638328283853153655e-01,-9.323751379794599226e-01,-8.915828190272420128e-01,-8.418642706047870794e-01,-7.837172582170903734e-01,-7.177239303359366218e-01,-6.445449901238551327e-01,-5.649130806946009997e-01,-4.796254501350249444e-01,-3.895359697233509721e-01
-9.323751379794599226e-01,-8.915828190272420128e-01,-8.418642706047870794e-01,-7.837172582170903734e-01,-7.177239303359366218e-01,-6.445449901238551327e-01,-5.649130806946009997e-01,-4.796254501350249444e-01,-3.895359697233509721e-01,-2.955465852551571460e-01
-8.915828190272420128e-01,-8.418642706047870794e-01,-7.837172582170903734e-01,-7.177239303359366218e-01,-6.445449901238551327e-01,-5.649130806946009997e-01,-4.796254501350249444e-01,-3.895359697233509721e-01,-2.955465852551571460e-01,-1.985982870631423647e-01
-8.418642706047870794e-01,-7.837172582170903734e-01,-7.177239303359366218e-01,-6.445449901238551327e-01,-5.649130806946009997e-01,-4.796254501350249444e-01,-3.895359697233509721e-01,-2.955465852551571460e-01,-1.985982870631423647e-01,-9.966168913623352221e-02
-7.837172582170903734e-01,-7.177239303359366218e-01,-6.445449901238551327e-01,-5.649130806946009997e-01,-4.796254501350249444e-01,-3.895359697233509721e-01,-2.955465852551571460e-01,-1.985982870631423647e-01,-9.966168913623352221e-02,2.726883436774150743e-04
-7.177239303359366218e-01,-6.445449901238551327e-01,-5.649130806946009997e-01,-4.796254501350249444e-01,-3.895359697233509721e-01,-2.955465852551571460e-01,-1.985982870631423647e-01,-9.966168913623352221e-02,2.726883436774150743e-04,1.002043357589323391e-01
-6.445449901238551327e-01,-5.649130806946009997e-01,-4.796254501350249444e-01,-3.895359697233509721e-01,-2.955465852551571460e-01,-1.985982870631423647e-01,-9.966168913623352221e-02,2.726883436774150743e-04,1.002043357589323391e-01,1.991327708244252925e-01
-5.649130806946009997e-01,-4.796254501350249444e-01,-3.895359697233509721e-01,-2.955465852551571460e-01,-1.985982870631423647e-01,-9.966168913623352221e-02,2.726883436774150743e-04,1.002043357589323391e-01,1.991327708244252925e-01,2.960675550820512369e-01
-4.796254501350249444e-01,-3.895359697233509721e-01,-2.955465852551571460e-01,-1.985982870631423647e-01,-9.966168913623352221e-02,2.726883436774150743e-04,1.002043357589323391e-01,1.991327708244252925e-01,2.960675550820512369e-01,3.900382098399366448e-01
-3.895359697233509721e-01,-2.955465852551571460e-01,-1.985982870631423647e-01,-9.966168913623352221e-02,2.726883436774150743e-04,1.002043357589323391e-01,1.991327708244252925e-01,2.960675550820512369e-01,3.900382098399366448e-01,4.801039322809349530e-01
-2.955465852551571460e-01,-1.985982870631423647e-01,-9.966168913623352221e-02,2.726883436774150743e-04,1.002043357589323391e-01,1.991327708244252925e-01,2.960675550820512369e-01,3.900382098399366448e-01,4.801039322809349530e-01,5.653630144663882584e-01
-1.985982870631423647e-01,-9.966168913623352221e-02,2.726883436774150743e-04,1.002043357589323391e-01,1.991327708244252925e-01,2.960675550820512369e-01,3.900382098399366448e-01,4.801039322809349530e-01,5.653630144663882584e-01,6.449618709348131640e-01
-9.966168913623352221e-02,2.726883436774150743e-04,1.002043357589323391e-01,1.991327708244252925e-01,2.960675550820512369e-01,3.900382098399366448e-01,4.801039322809349530e-01,5.653630144663882584e-01,6.449618709348131640e-01,7.181035845146110930e-01
2.726883436774150743e-04,1.002043357589323391e-01,1.991327708244252925e-01,2.960675550820512369e-01,3.900382098399366448e-01,4.801039322809349530e-01,5.653630144663882584e-01,6.449618709348131640e-01,7.181035845146110930e-01,7.840558847925972463e-01
1.002043357589323391e-01,1.991327708244252925e-01,2.960675550820512369e-01,3.900382098399366448e-01,4.801039322809349530e-01,5.653630144663882584e-01,6.449618709348131640e-01,7.181035845146110930e-01,7.840558847925972463e-01,8.421584793609429020e-01
1.991327708244252925e-01,2.960675550820512369e-01,3.900382098399366448e-01,4.801039322809349530e-01,5.653630144663882584e-01,6.449618709348131640e-01,7.181035845146110930e-01,7.840558847925972463e-01,8.421584793609429020e-01,8.918296644442058607e-01
2.960675550820512369e-01,3.900382098399366448e-01,4.801039322809349530e-01,5.653630144663882584e-01,6.449618709348131640e-01,7.181035845146110930e-01,7.840558847925972463e-01,8.421584793609429020e-01,8.918296644442058607e-01,9.325721487233556983e-01
3.900382098399366448e-01,4.801039322809349530e-01,5.653630144663882584e-01,6.449618709348131640e-01,7.181035845146110930e-01,7.840558847925972463e-01,8.421584793609429020e-01,8.918296644442058607e-01,9.325721487233556983e-01,9.639780320503538169e-01
4.801039322809349530e-01,5.653630144663882584e-01,6.449618709348131640e-01,7.181035845146110930e-01,7.840558847925972463e-01,8.421584793609429020e-01,8.918296644442058607e-01,9.325721487233556983e-01,9.639780320503538169e-01,9.857328892082584115e-01
5.653630144663882584e-01,6.449618709348131640e-01,7.181035845146110930e-01,7.840558847925972463e-01,8.421584793609429020e-01,8.918296644442058607e-01,9.325721487233556983e-01,9.639780320503538169e-01,9.857328892082584115e-01,9.976189178315080230e-01
6.449618709348131640e-01,7.181035845146110930e-01,7.840558847925972463e-01,8.421584793609429020e-01,8.918296644442058607e-01,9.325721487233556983e-01,9.639780320503538169e-01,9.857328892082584115e-01,9.976189178315080230e-01,9.995171189704598058e-01
7.181035845146110930e-01,7.840558847925972463e-01,8.421584793609429020e-01,8.918296644442058607e-01,9.325721487233556983e-01,9.639780320503538169e-01,9.857328892082584115e-01,9.976189178315080230e-01,9.995171189704598058e-01,9.914084884691511945e-01
7.840558847925972463e-01,8.421584793609429020e-01,8.918296644442058607e-01,9.325721487233556983e-01,9.639780320503538169e-01,9.857328892082584115e-01,9.976189178315080230e-01,9.995171189704598058e-01,9.914084884691511945e-01,9.733742072285610503e-01
8.421584793609429020e-01,8.918296644442058607e-01,9.325721487233556983e-01,9.639780320503538169e-01,9.857328892082584115e-01,9.976189178315080230e-01,9.995171189704598058e-01,9.914084884691511945e-01,9.733742072285610503e-01,9.455948284505278911e-01
8.918296644442058607e-01,9.325721487233556983e-01,9.639780320503538169e-01,9.857328892082584115e-01,9.976189178315080230e-01,9.995171189704598058e-01,9.914084884691511945e-01,9.733742072285610503e-01,9.455948284505278911e-01,9.083484699994032185e-01
9.325721487233556983e-01,9.639780320503538169e-01,9.857328892082584115e-01,9.976189178315080230e-01,9.995171189704598058e-01,9.914084884691511945e-01,9.733742072285610503e-01,9.455948284505278911e-01,9.083484699994032185e-01,8.620080299788298595e-01
9.639780320503538169e-01,9.857328892082584115e-01,9.976189178315080230e-01,9.995171189704598058e-01,9.914084884691511945e-01,9.733742072285610503e-01,9.455948284505278911e-01,9.083484699994032185e-01,8.620080299788298595e-01,8.070374534004870481e-01
9.857328892082584115e-01,9.976189178315080230e-01,9.995171189704598058e-01,9.914084884691511945e-01,9.733742072285610503e-01,9.455948284505278911e-01,9.083484699994032185e-01,8.620080299788298595e-01,8.070374534004870481e-01,7.439870873215005398e-01
9.976189178315080230e-01,9.995171189704598058e-01,9.914084884691511945e-01,9.733742072285610503e-01,9.455948284505278911e-01,9.083484699994032185e-01,8.620080299788298595e-01,8.070374534004870481e-01,7.439870873215005398e-01,6.734881709535375238e-01
9.995171189704598058e-01,9.914084884691511945e-01,9.733742072285610503e-01,9.455948284505278911e-01,9.083484699994032185e-01,8.620080299788298595e-01,8.070374534004870481e-01,7.439870873215005398e-01,6.734881709535375238e-01,5.962465159065302167e-01
9.914084884691511945e-01,9.733742072285610503e-01,9.455948284505278911e-01,9.083484699994032185e-01,8.620080299788298595e-01,8.070374534004870481e-01,7.439870873215005398e-01,6.734881709535375238e-01,5.962465159065302167e-01,5.130354398385974513e-01
9.733742072285610503e-01,9.455948284505278911e-01,9.083484699994032185e-01,8.620080299788298595e-01,8.070374534004870481e-01,7.439870873215005398e-01,6.734881709535375238e-01,5.962465159065302167e-01,5.130354398385974513e-01,4.246880242577890097e-01
9.455948284505278911e-01,9.083484699994032185e-01,8.620080299788298595e-01,8.070374534004870481e-01,7.439870873215005398e-01,6.734881709535375238e-01,5.962465159065302167e-01,5.130354398385974513e-01,4.246880242577890097e-01,3.320887739882990575e-01
9.083484699994032185e-01,8.620080299788298595e-01,8.070374534004870481e-01,7.439870873215005398e-01,6.734881709535375238e-01,5.962465159065302167e-01,5.130354398385974513e-01,4.246880242577890097e-01,3.320887739882990575e-01,2.361647618034178053e-01
8.620080299788298595e-01,8.070374534004870481e-01,7.439870873215005398e-01,6.734881709535375238e-01,5.962465159065302167e-01,5.130354398385974513e-01,4.246880242577890097e-01,3.320887739882990575e-01,2.361647618034178053e-01,1.378763468825939809e-01
8.070374534004870481e-01,7.439870873215005398e-01,6.734881709535375238e-01,5.962465159065302167e-01,5.130354398385974513e-01,4.246880242577890097e-01,3.320887739882990575e-01,2.361647618034178053e-01,1.378763468825939809e-01,3.820756001590158019e-02
7.439870873215005398e-01,6.734881709535375238e-01,5.962465159065302167e-01,5.130354398385974513e-01,4.246880242577890097e-01,3.320887739882990575e-01,2.361647618034178053e-01,1.378763468825939809e-01,3.820756001590158019e-02,-6.184374818353594039e-02
6.734881709535375238e-01,5.962465159065302167e-01,5.130354398385974513e-01,4.246880242577890097e-01,3.320887739882990575e-01,2.361647618034178053e-01,1.378763468825939809e-01,3.820756001590158019e-02,-6.184374818353594039e-02,-1.612758974267980705e-01
5.962465159065302167e-01,5.130354398385974513e-01,4.246880242577890097e-01,3.320887739882990575e-01,2.361647618034178053e-01,1.378763468825939809e-01,3.820756001590158019e-02,-6.184374818353594039e-02,-1.612758974267980705e-01,-2.590934062376301084e-01
5.130354398385974513e-01,4.246880242577890097e-01,3.320887739882990575e-01,2.361647618034178053e-01,1.378763468825939809e-01,3.820756001590158019e-02,-6.184374818353594039e-02,-1.612758974267980705e-01,-2.590934062376301084e-01,-3.543169583806879963e-01
4.246880242577890097e-01,3.320887739882990575e-01,2.361647618034178053e-01,1.378763468825939809e-01,3.820756001590158019e-02,-6.184374818353594039e-02,-1.612758974267980705e-01,-2.590934062376301084e-01,-3.543169583806879963e-01,-4.459932074485670195e-01
3.320887739882990575e-01,2.361647618034178053e-01,1.378763468825939809e-01,3.820756001590158019e-02,-6.184374818353594039e-02,-1.612758974267980705e-01,-2.590934062376301084e-01,-3.543169583806879963e-01,-4.459932074485670195e-01,-5.332043214478023874e-01
2.361647618034178053e-01,1.378763468825939809e-01,3.820756001590158019e-02,-6.184374818353594039e-02,-1.612758974267980705e-01,-2.590934062376301084e-01,-3.543169583806879963e-01,-4.459932074485670195e-01,-5.332043214478023874e-01,-6.150771718262052490e-01
1.378763468825939809e-01,3.820756001590158019e-02,-6.184374818353594039e-02,-1.612758974267980705e-01,-2.590934062376301084e-01,-3.543169583806879963e-01,-4.459932074485670195e-01,-5.332043214478023874e-01,-6.150771718262052490e-01,-6.907920749444743658e-01
3.820756001590158019e-02,-6.184374818353594039e-02,-1.612758974267980705e-01,-2.590934062376301084e-01,-3.543169583806879963e-01,-4.459932074485670195e-01,-5.332043214478023874e-01,-6.150771718262052490e-01,-6.907920749444743658e-01,-7.595909984749943389e-01
-6.184374818353594039e-02,-1.612758974267980705e-01,-2.590934062376301084e-01,-3.543169583806879963e-01,-4.459932074485670195e-01,-5.332043214478023874e-01,-6.150771718262052490e-01,-6.907920749444743658e-01,-7.595909984749943389e-01,-8.207851505684662374e-01
-1.612758974267980705e-01,-2.590934062376301084e-01,-3.543169583806879963e-01,-4.459932074485670195e-01,-5.332043214478023874e-01,-6.150771718262052490e-01,-6.907920749444743658e-01,-7.595909984749943389e-01,-8.207851505684662374e-01,-8.737618758078264936e-01
-2.590934062376301084e-01,-3.543169583806879963e-01,-4.459932074485670195e-01,-5.332043214478023874e-01,-6.150771718262052490e-01,-6.907920749444743658e-01,-7.595909984749943389e-01,-8.207851505684662374e-01,-8.737618758078264936e-01,-9.179907889097757012e-01
-3.543169583806879963e-01,-4.459932074485670195e-01,-5.332043214478023874e-01,-6.150771718262052490e-01,-6.907920749444743658e-01,-7.595909984749943389e-01,-8.207851505684662374e-01,-8.737618758078264936e-01,-9.179907889097757012e-01,-9.530290847650715325e-01
-4.459932074485670195e-01,-5.332043214478023874e-01,-6.150771718262052490e-01,-6.907920749444743658e-01,-7.595909984749943389e-01,-8.207851505684662374e-01,-8.737618758078264936e-01,-9.179907889097757012e-01,-9.530290847650715325e-01,-9.785259716554721710e-01
-5.332043214478023874e-01,-6.150771718262052490e-01,-6.907920749444743658e-01,-7.595909984749943389e-01,-8.207851505684662374e-01,-8.737618758078264936e-01,-9.179907889097757012e-01,-9.530290847650715325e-01,-9.785259716554721710e-01,-9.942261832632450780e-01
-6.150771718262052490e-01,-6.907920749444743658e-01,-7.595909984749943389e-01,-8.207851505684662374e-01,-8.737618758078264936e-01,-9.179907889097757012e-01,-9.530290847650715325e-01,-9.785259716554721710e-01,-9.942261832632450780e-01,-9.999725343123314625e-01
-6.907920749444743658e-01,-7.595909984749943389e-01,-8.207851505684662374e-01,-8.737618758078264936e-01,-9.179907889097757012e-01,-9.530290847650715325e-01,-9.785259716554721710e-01,-9.942261832632450780e-01,-9.999725343123314625e-01,-9.957074942548254093e-01
-7.595909984749943389e-01,-8.207851505684662374e-01,-8.737618758078264936e-01,-9.179907889097757012e-01,-9.530290847650715325e-01,-9.785259716554721710e-01,-9.942261832632450780e-01,-9.999725343123314625e-01,-9.957074942548254093e-01,-9.814737632476157048e-01
-8.207851505684662374e-01,-8.737618758078264936e-01,-9.179907889097757012e-01,-9.530290847650715325e-01,-9.785259716554721710e-01,-9.942261832632450780e-01,-9.999725343123314625e-01,-9.957074942548254093e-01,-9.814737632476157048e-01,-9.574138446526786472e-01
-8.737618758078264936e-01,-9.179907889097757012e-01,-9.530290847650715325e-01,-9.785259716554721710e-01,-9.942261832632450780e-01,-9.999725343123314625e-01,-9.957074942548254093e-01,-9.814737632476157048e-01,-9.574138446526786472e-01,-9.237686183409853369e-01
-9.179907889097757012e-01,-9.530290847650715325e-01,-9.785259716554721710e-01,-9.942261832632450780e-01,-9.999725343123314625e-01,-9.957074942548254093e-01,-9.814737632476157048e-01,-9.574138446526786472e-01,-9.237686183409853369e-01,-8.808749290836945800e-01
-9.530290847650715325e-01,-9.785259716554721710e-01,-9.942261832632450780e-01,-9.999725343123314625e-01,-9.957074942548254093e-01,-9.814737632476157048e-01,-9.574138446526786472e-01,-9.237686183409853369e-01,-8.808749290836945800e-01,-8.291622141747444497e-01
-9.785259716554721710e-01,-9.942261832632450780e-01,-9.999725343123314625e-01,-9.957074942548254093e-01,-9.814737632476157048e-01,-9.574138446526786472e-01,-9.237686183409853369e-01,-8.808749290836945800e-01,-8.291622141747444497e-01,-7.691482040481090188e-01
-9.942261832632450780e-01,-9.999725343123314625e-01,-9.957074942548254093e-01,-9.814737632476157048e-01,-9.574138446526786472e-01,-9.237686183409853369e-01,-8.808749290836945800e-01,-8.291622141747444497e-01,-7.691482040481090188e-01,-7.014337389335142392e-01
-9.999725343123314625e-01,-9.957074942548254093e-01,-9.814737632476157048e-01,-9.574138446526786472e-01,-9.237686183409853369e-01,-8.808749290836945800e-01,-8.291622141747444497e-01,-7.691482040481090188e-01,-7.014337389335142392e-01,-6.266967534447555055e-01
-9.957074942548254093e-01,-9.814737632476157048e-01,-9.574138446526786472e-01,-9.237686183409853369e-01,-8.808749290836945800e-01,-8.291622141747444497e-01,-7.691482040481090188e-01,-7.014337389335142392e-01,-6.266967534447555055e-01,-5.456854893246413374e-01
-9.814737632476157048e-01,-9.574138446526786472e-01,-9.237686183409853369e-01,-8.808749290836945800e-01,-8.291622141747444497e-01,-7.691482040481090188e-01,-7.014337389335142392e-01,-6.266967534447555055e-01,-5.456854893246413374e-01,-4.592110042985987906e-01
-9.574138446526786472e-01,-9.237686183409853369e-01,-8.808749290836945800e-01,-8.291622141747444497e-01,-7.691482040481090188e-01,-7.014337389335142392e-01,-6.266967534447555055e-01,-5.456854893246413374e-01,-4.592110042985987906e-01,-3.681390520354601570e-01
-9.237686183409853369e-01,-8.808749290836945800e-01,-8.291622141747444497e-01,-7.691482040481090188e-01,-7.014337389335142392e-01,-6.266967534447555055e-01,-5.456854893246413374e-01,-4.592110042985987906e-01,-3.681390520354601570e-01,-2.733814145109172422e-01
-8.808749290836945800e-01,-8.291622141747444497e-01,-7.691482040481090188e-01,-7.014337389335142392e-01,-6.266967534447555055e-01,-5.456854893246413374e-01,-4.592110042985987906e-01,-3.681390520354601570e-01,-2.733814145109172422e-01,-1.758867735507369801e-01
-8.291622141747444497e-01,-7.691482040481090188e-01,-7.014337389335142392e-01,-6.266967534447555055e-01,-5.456854893246413374e-01,-4.592110042985987906e-01,-3.681390520354601570e-01,-2.733814145109172422e-01,-1.758867735507369801e-01,-7.663121294520856830e-02
-7.691482040481090188e-01,-7.014337389335142392e-01,-6.266967534447555055e-01,-5.456854893246413374e-01,-4.592110042985987906e-01,-3.681390520354601570e-01,-2.733814145109172422e-01,-1.758867735507369801e-01,-7.663121294520856830e-02,2.339155377594452981e-02
-7.014337389335142392e-01,-6.266967534447555055e-01,-5.456854893246413374e-01,-4.592110042985987906e-01,-3.681390520354601570e-01,-2.733814145109172422e-01,-1.758867735507369801e-01,-7.663121294520856830e-02,2.339155377594452981e-02,1.231801320714954739e-01
-6.266967534447555055e-01,-5.456854893246413374e-01,-4.592110042985987906e-01,-3.681390520354601570e-01,-2.733814145109172422e-01,-1.758867735507369801e-01,-7.663121294520856830e-02,2.339155377594452981e-02,1.231801320714954739e-01,2.217354720165916337e-01
-5.456854893246413374e-01,-4.592110042985987906e-01,-3.681390520354601570e-01,-2.733814145109172422e-01,-1.758867735507369801e-01,-7.663121294520856830e-02,2.339155377594452981e-02,1.231801320714954739e-01,2.217354720165916337e-01,3.180708704568910306e-01
-4.592110042985987906e-01,-3.681390520354601570e-01,-2.733814145109172422e-01,-1.758867735507369801e-01,-7.663121294520856830e-02,2.339155377594452981e-02,1.231801320714954739e-01,2.217354720165916337e-01,3.180708704568910306e-01,4.112218495511784644e-01
-3.681390520354601570e-01,-2.733814145109172422e-01,-1.758867735507369801e-01,-7.663121294520856830e-02,2.339155377594452981e-02,1.231801320714954739e-01,2.217354720165916337e-01,3.180708704568910306e-01,4.112218495511784644e-01,5.002558128013485650e-01
-2.733814145109172422e-01,-1.758867735507369801e-01,-7.663121294520856830e-02,2.339155377594452981e-02,1.231801320714954739e-01,2.217354720165916337e-01,3.180708704568910306e-01,4.112218495511784644e-01,5.002558128013485650e-01,5.842813818972408813e-01
-1.758867735507369801e-01,-7.663121294520856830e-02,2.339155377594452981e-02,1.231801320714954739e-01,2.217354720165916337e-01,3.180708704568910306e-01,4.112218495511784644e-01,5.002558128013485650e-01,5.842813818972408813e-01,6.624573208985349293e-01
-7.663121294520856830e-02,2.339155377594452981e-02,1.231801320714954739e-01,2.217354720165916337e-01,3.180708704568910306e-01,4.112218495511784644e-01,5.002558128013485650e-01,5.842813818972408813e-01,6.624573208985349293e-01,7.340009584081776950e-01
2.339155377594452981e-02,1.231801320714954739e-01,2.217354720165916337e-01,3.180708704568910306e-01,4.112218495511784644e-01,5.002558128013485650e-01,5.842813818972408813e-01,6.624573208985349293e-01,7.340009584081776950e-01,7.981960234169758195e-01
1.231801320714954739e-01,2.217354720165916337e-01,3.180708704568910306e-01,4.112218495511784644e-01,5.002558128013485650e-01,5.842813818972408813e-01,6.624573208985349293e-01,7.340009584081776950e-01,7.981960234169758195e-01,8.543998163698460768e-01
2.217354720165916337e-01,3.180708704568910306e-01,4.112218495511784644e-01,5.002558128013485650e-01,5.842813818972408813e-01,6.624573208985349293e-01,7.340009584081776950e-01,7.981960234169758195e-01,8.543998163698460768e-01,9.020496436590804690e-01
3.180708704568910306e-01,4.112218495511784644e-01,5.002558128013485650e-01,5.842813818972408813e-01,6.624573208985349293e-01,7.340009584081776950e-01,7.981960234169758195e-01,8.543998163698460768e-01,9.020496436590804690e-01,9.406684511249178149e-01
4.112218495511784644e-01,5.002558128013485650e-01,5.842813818972408813e-01,6.624573208985349293e-01,7.340009584081776950e-01,7.981960234169758195e-01,8.543998163698460768e-01,9.020496436590804690e-01,9.406684511249178149e-01,9.698696001624413920e-01
5.002558128013485650e-01,5.842813818972408813e-01,6.624573208985349293e-01,7.340009584081776950e-01,7.981960234169758195e-01,8.543998163698460768e-01,9.020496436590804690e-01,9.406684511249178149e-01,9.698696001624413920e-01,9.893607386182300401e-01
5.842813818972408813e-01,6.624573208985349293e-01,7.340009584081776950e-01,7.981960234169758195e-01,8.543998163698460768e-01,9.020496436590804690e-01,9.406684511249178149e-01,9.698696001624413920e-01,9.893607386182300401e-01,9.989467277224639563e-01
6.624573208985349293e-01,7.340009584081776950e-01,7.981960234169758195e-01,8.543998163698460768e-01,9.020496436590804690e-01,9.406684511249178149e-01,9.698696001624413920e-01,9.893607386182300401e-01,9.989467277224639563e-01,9.985315957531505360e-01
7.340009584081776950e-01,7.981960234169758195e-01,8.543998163698460768e-01,9.020496436590804690e-01,9.406684511249178149e-01,9.698696001624413920e-01,9.893607386182300401e-01,9.989467277224639563e-01,9.985315957531505360e-01,9.881194988729474771e-01
7.981960234169758195e-01,8.543998163698460768e-01,9.020496436590804690e-01,9.406684511249178149e-01,9.698696001624413920e-01,9.893607386182300401e-01,9.989467277224639563e-01,9.985315957531505360e-01,9.881194988729474771e-01,9.678146795190495366e-01
8.543998163698460768e-01,9.020496436590804690e-01,9.406684511249178149e-01,9.698696001624413920e-01,9.893607386182300401e-01,9.989467277224639563e-01,9.985315957531505360e-01,9.881194988729474771e-01,9.678146795190495366e-01,9.378204227627270351e-01
9.020496436590804690e-01,9.406684511249178149e-01,9.698696001624413920e-01,9.893607386182300401e-01,9.989467277224639563e-01,9.985315957531505360e-01,9.881194988729474771e-01,9.678146795190495366e-01,9.378204227627270351e-01,8.984370210870504803e-01
9.406684511249178149e-01,9.698696001624413920e-01,9.893607386182300401e-01,9.989467277224639563e-01,9.985315957531505360e-01,9.881194988729474771e-01,9.678146795190495366e-01,9.378204227627270351e-01,8.984370210870504803e-01,8.500587679588552659e-01
9.698696001624413920e-01,9.893607386182300401e-01,9.989467277224639563e-01,9.985315957531505360e-01,9.881194988729474771e-01,9.678146795190495366e-01,9.378204227627270351e-01,8.984370210870504803e-01,8.500587679588552659e-01,7.931700102941688924e-01
9.893607386182300401e-01,9.989467277224639563e-01,9.985315957531505360e-01,9.881194988729474771e-01,9.678146795190495366e-01,9.378204227627270351e-01,8.984370210870504803e-01,8.500587679588552659e-01,7.931700102941688924e-01,7.283402993386735025e-01
9.989467277224639563e-01,9.985315957531505360e-01,9.881194988729474771e-01,9.678146795190495366e-01,9.378204227627270351e-01,8.984370210870504803e-01,8.500587679588552659e-01,7.931700102941688924e-01,7.283402993386735025e-01,6.562186885107520462e-01
9.985315957531505360e-01,9.881194988729474771e-01,9.678146795190495366e-01,9.378204227627270351e-01,8.984370210870504803e-01,8.500587679588552659e-01,7.931700102941688924e-01,7.283402993386735025e-01,6.562186885107520462e-01,5.775272352954659016e-01
9.881194988729474771e-01,9.678146795190495366e-01,9.378204227627270351e-01,8.984370210870504803e-01,8.500587679588552659e-01,7.931700102941688924e-01,7.283402993386735025e-01,6.562186885107520462e-01,5.775272352954659016e-01,4.930537722460400785e-01
9.678146795190495366e-01,9.378204227627270351e-01,8.984370210870504803e-01,8.500587679588552659e-01,7.931700102941688924e-01,7.283402993386735025e-01,6.562186885107520462e-01,5.775272352954659016e-01,4.930537722460400785e-01,4.036440194674988380e-01
9.378204227627270351e-01,8.984370210870504803e-01,8.500587679588552659e-01,7.931700102941688924e-01,7.283402993386735025e-01,6.562186885107520462e-01,5.775272352954659016e-01,4.930537722460400785e-01,4.036440194674988380e-01,3.101931175492784187e-01
8.984370210870504803e-01,8.500587679588552659e-01,7.931700102941688924e-01,7.283402993386735025e-01,6.562186885107520462e-01,5.775272352954659016e-01,4.930537722460400785e-01,4.036440194674988380e-01,3.101931175492784187e-01,2.136366657166484939e-01
8.500587679588552659e-01,7.931700102941688924e-01,7.283402993386735025e-01,6.562186885107520462e-01,5.775272352954659016e-01,4.930537722460400785e-01,4.036440194674988380e-01,3.101931175492784187e-01,2.136366657166484939e-01,1.149413549235748649e-01
7.931700102941688924e-01,7.283402993386735025e-01,6.562186885107520462e-01,5.775272352954659016e-01,4.930537722460400785e-01,4.036440194674988380e-01,3.101931175492784187e-01,2.136366657166484939e-01,1.149413549235748649e-01,1.509528966579100871e-02
7.283402993386735025e-01,6.562186885107520462e-01,5.775272352954659016e-01,4.930537722460400785e-01,4.036440194674988380e-01,3.101931175492784187e-01,2.136366657166484939e-01,1.149413549235748649e-01,1.509528966579100871e-02,-8.490190459158040992e-02
6.562186885107520462e-01,5.775272352954659016e-01,4.930537722460400785e-01,4.036440194674988380e-01,3.101931175492784187e-01,2.136366657166484939e-01,1.149413549235748649e-01,1.509528966579100871e-02,-8.490190459158040992e-02,-1.840490893302808850e-01
5.775272352954659016e-01,4.930537722460400785e-01,4.036440194674988380e-01,3.101931175492784187e-01,2.136366657166484939e-01,1.149413549235748649e-01,1.509528966579100871e-02,-8.490190459158040992e-02,-1.840490893302808850e-01,-2.813536360435771599e-01
4.930537722460400785e-01,4.036440194674988380e-01,3.101931175492784187e-01,2.136366657166484939e-01,1.149413549235748649e-01,1.509528966579100871e-02,-8.490190459158040992e-02,-1.840490893302808850e-01,-2.813536360435771599e-01,-3.758413641013044204e-01
4.036440194674988380e-01,3.101931175492784187e-01,2.136366657166484939e-01,1.149413549235748649e-01,1.509528966579100871e-02,-8.490190459158040992e-02,-1.840490893302808850e-01,-2.813536360435771599e-01,-3.758413641013044204e-01,-4.665662939211502325e-01
3.101931175492784187e-01,2.136366657166484939e-01,1.149413549235748649e-01,1.509528966579100871e-02,-8.490190459158040992e-02,-1.840490893302808850e-01,-2.813536360435771599e-01,-3.758413641013044204e-01,-4.665662939211502325e-01,-5.526201178002486669e-01
2.136366657166484939e-01,1.149413549235748649e-01,1.509528966579100871e-02,-8.490190459158040992e-02,-1.840490893302808850e-01,-2.813536360435771599e-01,-3.758413641013044204e-01,-4.665662939211502325e-01,-5.526201178002486669e-01,-6.331412935887051896e-01
1.149413549235748649e-01,1.509528966579100871e-02,-8.490190459158040992e-02,-1.840490893302808850e-01,-2.813536360435771599e-01,-3.758413641013044204e-01,-4.665662939211502325e-01,-5.526201178002486669e-01,-6.331412935887051896e-01,-7.073236701618208500e-01
1.509528966579100871e-02,-8.490190459158040992e-02,-1.840490893302808850e-01,-2.813536360435771599e-01,-3.758413641013044204e-01,-4.665662939211502325e-01,-5.526201178002486669e-01,-6.331412935887051896e-01,-7.073236701618208500e-01,-7.744245583360576113e-01
-8.490190459158040992e-02,-1.840490893302808850e-01,-2.813536360435771599e-01,-3.758413641013044204e-01,-4.665662939211502325e-01,-5.526201178002486669e-01,-6.331412935887051896e-01,-7.073236701618208500e-01,-7.744245583360576113e-01,-8.337721664250639098e-01
-1.840490893302808850e-01,-2.813536360435771599e-01,-3.758413641013044204e-01,-4.665662939211502325e-01,-5.526201178002486669e-01,-6.331412935887051896e-01,-7.073236701618208500e-01,-7.744245583360576113e-01,-8.337721664250639098e-01,-8.847723259937919638e-01
-2.813536360435771599e-01,-3.758413641013044204e-01,-4.665662939211502325e-01,-5.526201178002486669e-01,-6.331412935887051896e-01,-7.073236701618208500e-01,-7.744245583360576113e-01,-8.337721664250639098e-01,-8.847723259937919638e-01,-9.269144404744003030e-01
-3.758413641013044204e-01,-4.665662939211502325e-01,-5.526201178002486669e-01,-6.331412935887051896e-01,-7.073236701618208500e-01,-7.744245583360576113e-01,-8.337721664250639098e-01,-8.847723259937919638e-01,-9.269144404744003030e-01,-9.597765970886522613e-01
-4.665662939211502325e-01,-5.526201178002486669e-01,-6.331412935887051896e-01,-7.073236701618208500e-01,-7.744245583360576113e-01,-8.337721664250639098e-01,-8.847723259937919638e-01,-9.269144404744003030e-01,-9.597765970886522613e-01,-9.830297908977202459e-01
-5.526201178002486669e-01,-6.331412935887051896e-01,-7.073236701618208500e-01,-7.744245583360576113e-01,-8.337721664250639098e-01,-8.847723259937919638e-01,-9.269144404744003030e-01,-9.597765970886522613e-01,-9.830297908977202459e-01,-9.964412186898105039e-01
-6.331412935887051896e-01,-7.073236701618208500e-01,-7.744245583360576113e-01,-8.337721664250639098e-01,-8.847723259937919638e-01,-9.269144404744003030e-01,-9.597765970886522613e-01,-9.830297908977202459e-01,-9.964412186898105039e-01,-9.998766097281566179e-01
-7.073236701618208500e-01,-7.744245583360576113e-01,-8.337721664250639098e-01,-8.847723259937919638e-01,-9.269144404744003030e-01,-9.597765970886522613e-01,-9.830297908977202459e-01,-9.964412186898105039e-01,-9.998766097281566179e-01,-9.933015700248162272e-01
-7.744245583360576113e-01,-8.337721664250639098e-01,-8.847723259937919638e-01,-9.269144404744003030e-01,-9.597765970886522613e-01,-9.830297908977202459e-01,-9.964412186898105039e-01,-9.998766097281566179e-01,-9.933015700248162272e-01,-9.767819266817892032e-01
-8.337721664250639098e-01,-8.847723259937919638e-01,-9.269144404744003030e-01,-9.597765970886522613e-01,-9.830297908977202459e-01,-9.964412186898105039e-01,-9.998766097281566179e-01,-9.933015700248162272e-01,-9.767819266817892032e-01,-9.504830688520461424e-01
-8.847723259937919638e-01,-9.269144404744003030e-01,-9.597765970886522613e-01,-9.830297908977202459e-01,-9.964412186898105039e-01,-9.998766097281566179e-01,-9.933015700248162272e-01,-9.767819266817892032e-01,-9.504830688520461424e-01,-9.146682919185735727e-01
-9.269144404744003030e-01,-9.597765970886522613e-01,-9.830297908977202459e-01,-9.964412186898105039e-01,-9.998766097281566179e-01,-9.933015700248162272e-01,-9.767819266817892032e-01,-9.504830688520461424e-01,-9.146682919185735727e-01,-8.696961614688880626e-01
-9.597765970886522613e-01,-9.830297908977202459e-01,-9.964412186898105039e-01,-9.998766097281566179e-01,-9.933015700248162272e-01,-9.767819266817892032e-01,-9.504830688520461424e-01,-9.146682919185735727e-01,-8.696961614688880626e-01,-8.160169234561455154e-01
-9.830297908977202459e-01,-9.964412186898105039e-01,-9.998766097281566179e-01,-9.933015700248162272e-01,-9.767819266817892032e-01,-9.504830688520461424e-01,-9.146682919185735727e-01,-8.696961614688880626e-01,-8.160169234561455154e-01,-7.541679964869519859e-01
-9.964412186898105039e-01,-9.998766097281566179e-01,-9.933015700248162272e-01,-9.767819266817892032e-01,-9.504830688520461424e-01,-9.146682919185735727e-01,-8.696961614688880626e-01,-8.160169234561455154e-01,-7.541679964869519859e-01,-6.847685913657869383e-01
-9.998766097281566179e-01,-9.933015700248162272e-01,-9.767819266817892032e-01,-9.504830688520461424e-01,-9.146682919185735727e-01,-8.696961614688880626e-01,-8.160169234561455154e-01,-7.541679964869519859e-01,-6.847685913657869383e-01,-6.085135117631242929e-01
-9.933015700248162272e-01,-9.767819266817892032e-01,-9.504830688520461424e-01,-9.146682919185735727e-01,-8.696961614688880626e-01,-8.160169234561455154e-01,-7.541679964869519859e-01,-6.847685913657869383e-01,-6.085135117631242929e-01,-5.261661980731676680e-01
-9.767819266817892032e-01,-9.504830688520461424e-01,-9.146682919185735727e-01,-8.696961614688880626e-01,-8.160169234561455154e-01,-7.541679964869519859e-01,-6.847685913657869383e-01,-6.085135117631242929e-01,-5.261661980731676680e-01,-4.385510841034624963e-01
-9.504830688520461424e-01,-9.146682919185735727e-01,-8.696961614688880626e-01,-8.160169234561455154e-01,-7.541679964869519859e-01,-6.847685913657869383e-01,-6.085135117631242929e-01,-5.261661980731676680e-01,-4.385510841034624963e-01,-3.465453431189999822e-01
-9.146682919185735727e-01,-8.696961614688880626e-01,-8.160169234561455154e-01,-7.541679964869519859e-01,-6.847685913657869383e-01,-6.085135117631242929e-01,-5.261661980731676680e-01,-4.385510841034624963e-01,-3.465453431189999822e-01,-2.510701058762910831e-01
-8.696961614688880626e-01,-8.160169234561455154e-01,-7.541679964869519859e-01,-6.847685913657869383e-01,-6.085135117631242929e-01,-5.261661980731676680e-01,-4.385510841034624963e-01,-3.465453431189999822e-01,-2.510701058762910831e-01,-1.530812385699164835e-01
-8.160169234561455154e-01,-7.541679964869519859e-01,-6.847685913657869383e-01,-6.085135117631242929e-01,-5.261661980731676680e-01,-4.385510841034624963e-01,-3.465453431189999822e-01,-2.510701058762910831e-01,-1.530812385699164835e-01,-5.355977301925822498e-02
-7.541679964869519859e-01,-6.847685913657869383e-01,-6.085135117631242929e-01,-5.261661980731676680e-01,-4.385510841034624963e-01,-3.465453431189999822e-01,-2.510701058762910831e-01,-1.530812385699164835e-01,-5.355977301925822498e-02,4.649791509438346016e-02
-6.847685913657869383e-01,-6.085135117631242929e-01,-5.261661980731676680e-01,-4.385510841034624963e-01,-3.465453431189999822e-01,-2.510701058762910831e-01,-1.530812385699164835e-01,-5.355977301925822498e-02,4.649791509438346016e-02,1.460900816085174136e-01
-6.085135117631242929e-01,-5.261661980731676680e-01,-4.385510841034624963e-01,-3.465453431189999822e-01,-2.510701058762910831e-01,-1.530812385699164835e-01,-5.355977301925822498e-02,4.649791509438346016e-02,1.460900816085174136e-01,2.442196430074052571e-01
-5.261661980731676680e-01,-4.385510841034624963e-01,-3.465453431189999822e-01,-2.510701058762910831e-01,-1.530812385699164835e-01,-5.355977301925822498e-02,4.649791509438346016e-02,1.460900816085174136e-01,2.442196430074052571e-01,3.399041588893907950e-01
-4.385510841034624963e-01,-3.465453431189999822e-01,-2.510701058762910831e-01,-1.530812385699164835e-01,-5.355977301925822498e-02,4.649791509438346016e-02,1.460900816085174136e-01,2.442196430074052571e-01,3.399041588893907950e-01,4.321856678320382672e-01
-3.465453431189999822e-01,-2.510701058762910831e-01,-1.530812385699164835e-01,-5.355977301925822498e-02,4.649791509438346016e-02,1.460900816085174136e-01,2.442196430074052571e-01,3.399041588893907950e-01,4.321856678320382672e-01,5.201402781821229393e-01
-2.510701058762910831e-01,-1.530812385699164835e-01,-5.355977301925822498e-02,4.649791509438346016e-02,1.460900816085174136e-01,2.442196430074052571e-01,3.399041588893907950e-01,4.321856678320382672e-01,5.201402781821229393e-01,6.028874177502563381e-01
-1.530812385699164835e-01,-5.355977301925822498e-02,4.649791509438346016e-02,1.460900816085174136e-01,2.442196430074052571e-01,3.399041588893907950e-01,4.321856678320382672e-01,5.201402781821229393e-01,6.028874177502563381e-01,6.795986498057092762e-01
-5.355977301925822498e-02,4.649791509438346016e-02,1.460900816085174136e-01,2.442196430074052571e-01,3.399041588893907950e-01,4.321856678320382672e-01,5.201402781821229393e-01,6.028874177502563381e-01,6.795986498057092762e-01,7.495059671082371366e-01
4.649791509438346016e-02,1.460900816085174136e-01,2.442196430074052571e-01,3.399041588893907950e-01,4.321856678320382672e-01,5.201402781821229393e-01,6.028874177502563381e-01,6.795986498057092762e-01,7.495059671082371366e-01,8.119094809402066515e-01
1.460900816085174136e-01,2.442196430074052571e-01,3.399041588893907950e-01,4.321856678320382672e-01,5.201402781821229393e-01,6.028874177502563381e-01,6.795986498057092762e-01,7.495059671082371366e-01,8.119094809402066515e-01,8.661844281586533745e-01
2.442196430074052571e-01,3.399041588893907950e-01,4.321856678320382672e-01,5.201402781821229393e-01,6.028874177502563381e-01,6.795986498057092762e-01,7.495059671082371366e-01,8.119094809402066515e-01,8.661844281586533745e-01,9.117874261153208204e-01
3.399041588893907950e-01,4.321856678320382672e-01,5.201402781821229393e-01,6.028874177502563381e-01,6.795986498057092762e-01,7.495059671082371366e-01,8.119094809402066515e-01,8.661844281586533745e-01,9.117874261153208204e-01,9.482619128222300464e-01
4.321856678320382672e-01,5.201402781821229393e-01,6.028874177502563381e-01,6.795986498057092762e-01,7.495059671082371366e-01,8.119094809402066515e-01,8.661844281586533745e-01,9.117874261153208204e-01,9.482619128222300464e-01,9.752427178979004019e-01
5.201402781821229393e-01,6.028874177502563381e-01,6.795986498057092762e-01,7.495059671082371366e-01,8.119094809402066515e-01,8.661844281586533745e-01,9.117874261153208204e-01,9.482619128222300464e-01,9.752427178979004019e-01,9.924597185312323822e-01
6.028874177502563381e-01,6.795986498057092762e-01,7.495059671082371366e-01,8.119094809402066515e-01,8.661844281586533745e-01,9.117874261153208204e-01,9.482619128222300464e-01,9.752427178979004019e-01,9.924597185312323822e-01,9.997405438609239248e-01
6.795986498057092762e-01,7.495059671082371366e-01,8.119094809402066515e-01,8.661844281586533745e-01,9.117874261153208204e-01,9.482619128222300464e-01,9.752427178979004019e-01,9.924597185312323822e-01,9.997405438609239248e-01,9.970123006949568323e-01
7.495059671082371366e-01,8.119094809402066515e-01,8.661844281586533745e-01,9.117874261153208204e-01,9.482619128222300464e-01,9.752427178979004019e-01,9.924597185312323822e-01,9.997405438609239248e-01,9.970123006949568323e-01,9.843023032929036908e-01
8.119094809402066515e-01,8.661844281586533745e-01,9.117874261153208204e-01,9.482619128222300464e-01,9.752427178979004019e-01,9.924597185312323822e-01,9.997405438609239248e-01,9.970123006949568323e-01,9.843023032929036908e-01,9.617377999046846648e-01
8.661844281586533745e-01,9.117874261153208204e-01,9.482619128222300464e-01,9.752427178979004019e-01,9.924597185312323822e-01,9.997405438609239248e-01,9.970123006949568323e-01,9.843023032929036908e-01,9.617377999046846648e-01,9.295446988035648284e-01
9.117874261153208204e-01,9.482619128222300464e-01,9.752427178979004019e-01,9.924597185312323822e-01,9.997405438609239248e-01,9.970123006949568323e-01,9.843023032929036908e-01,9.617377999046846648e-01,9.295446988035648284e-01,8.880453065679824176e-01
9.482619128222300464e-01,9.752427178979004019e-01,9.924597185312323822e-01,9.997405438609239248e-01,9.970123006949568323e-01,9.843023032929036908e-01,9.617377999046846648e-01,9.295446988035648284e-01,8.880453065679824176e-01,8.376551012556725517e-01
9.752427178979004019e-01,9.924597185312323822e-01,9.997405438609239248e-01,9.970123006949568323e-01,9.843023032929036908e-01,9.617377999046846648e-01,9.295446988035648284e-01,8.880453065679824176e-01,8.376551012556725517e-01,7.788785727761349253e-01
9.924597185312323822e-01,9.997405438609239248e-01,9.970123006949568323e-01,9.843023032929036908e-01,9.617377999046846648e-01,9.295446988035648284e-01,8.880453065679824176e-01,8.376551012556725517e-01,7.788785727761349253e-01,7.123041721060600073e-01
9.997405438609239248e-01,9.970123006949568323e-01,9.843023032929036908e-01,9.617377999046846648e-01,9.295446988035648284e-01,8.880453065679824176e-01,8.376551012556725517e-01,7.788785727761349253e-01,7.123041721060600073e-01,6.385984199147103357e-01
9.970123006949568323e-01,9.843023032929036908e-01,9.617377999046846648e-01,9.295446988035648284e-01,8.880453065679824176e-01,8.376551012556725517e-01,7.788785727761349253e-01,7.123041721060600073e-01,6.385984199147103357e-01,5.584992335814662479e-01
9.843023032929036908e-01,9.617377999046846648e-01,9.295446988035648284e-01,8.880453065679824176e-01,8.376551012556725517e-01,7.788785727761349253e-01,7.123041721060600073e-01,6.385984199147103357e-01,5.584992335814662479e-01,4.728085394135100872e-01
9.617377999046846648e-01,9.295446988035648284e-01,8.880453065679824176e-01,8.376551012556725517e-01,7.788785727761349253e-01,7.123041721060600073e-01,6.385984199147103357e-01,5.584992335814662479e-01,4.728085394135100872e-01,3.823842440273235166e-01
9.295446988035648284e-01,8.880453065679824176e-01,8.376551012556725517e-01,7.788785727761349253e-01,7.123041721060600073e-01,6.385984199147103357e-01,5.584992335814662479e-01,4.728085394135100872e-01,3.823842440273235166e-01,2.881316452742092027e-01
8.880453065679824176e-01,8.376551012556725517e-01,7.788785727761349253e-01,7.123041721060600073e-01,6.385984199147103357e-01,5.584992335814662479e-01,4.728085394135100872e-01,3.823842440273235166e-01,2.881316452742092027e-01,1.909943687003952950e-01
8.376551012556725517e-01,7.788785727761349253e-01,7.123041721060600073e-01,6.385984199147103357e-01,5.584992335814662479e-01,4.728085394135100872e-01,3.823842440273235166e-01,2.881316452742092027e-01,1.909943687003952950e-01,9.194492028326427258e-02
7.788785727761349253e-01,7.123041721060600073e-01,6.385984199147103357e-01,5.584992335814662479e-01,4.728085394135100872e-01,3.823842440273235166e-01,2.881316452742092027e-01,1.909943687003952950e-01,9.194492028326427258e-02,-8.025049973866393155e-03
7.123041721060600073e-01,6.385984199147103357e-01,5.584992335814662479e-01,4.728085394135100872e-01,3.823842440273235166e-01,2.881316452742092027e-01,1.909943687003952950e-01,9.194492028326427258e-02,-8.025049973866393155e-03,-1.079146761103380731e-01
6.385984199147103357e-01,5.584992335814662479e-01,4.728085394135100872e-01,3.823842440273235166e-01,2.881316452742092027e-01,1.909943687003952950e-01,9.194492028326427258e-02,-8.025049973866393155e-03,-1.079146761103380731e-01,-2.067238965440564014e-01
5.584992335814662479e-01,4.728085394135100872e-01,3.823842440273235166e-01,2.881316452742092027e-01,1.909943687003952950e-01,9.194492028326427258e-02,-8.025049973866393155e-03,-1.079146761103380731e-01,-2.067238965440564014e-01,-3.034634663540019539e-01
4.728085394135100872e-01,3.823842440273235166e-01,2.881316452742092027e-01,1.909943687003952950e-01,9.194492028326427258e-02,-8.025049973866393155e-03,-1.079146761103380731e-01,-2.067238965440564014e-01,-3.034634663540019539e-01,-3.971648612701661474e-01
3.823842440273235166e-01,2.881316452742092027e-01,1.909943687003952950e-01,9.194492028326427258e-02,-8.025049973866393155e-03,-1.079146761103380731e-01,-2.067238965440564014e-01,-3.034634663540019539e-01,-3.971648612701661474e-01,-4.868899742150275545e-01
2.881316452742092027e-01,1.909943687003952950e-01,9.194492028326427258e-02,-8.025049973866393155e-03,-1.079146761103380731e-01,-2.067238965440564014e-01,-3.034634663540019539e-01,-3.971648612701661474e-01,-4.868899742150275545e-01,-5.717405073184684827e-01
1.909943687003952950e-01,9.194492028326427258e-02,-8.025049973866393155e-03,-1.079146761103380731e-01,-2.067238965440564014e-01,-3.034634663540019539e-01,-3.971648612701661474e-01,-4.868899742150275545e-01,-5.717405073184684827e-01,-6.508669653759937557e-01
9.194492028326427258e-02,-8.025049973866393155e-03,-1.079146761103380731e-01,-2.067238965440564014e-01,-3.034634663540019539e-01,-3.971648612701661474e-01,-4.868899742150275545e-01,-5.717405073184684827e-01,-6.508669653759937557e-01,-7.234771607111530889e-01
-8.025049973866393155e-03,-1.079146761103380731e-01,-2.067238965440564014e-01,-3.034634663540019539e-01,-3.971648612701661474e-01,-4.868899742150275545e-01,-5.717405073184684827e-01,-6.508669653759937557e-01,-7.234771607111530889e-01,-7.888441442939445603e-01
-1.079146761103380731e-01,-2.067238965440564014e-01,-3.034634663540019539e-01,-3.971648612701661474e-01,-4.868899742150275545e-01,-5.717405073184684827e-01,-6.508669653759937557e-01,-7.234771607111530889e-01,-7.888441442939445603e-01,-8.463134837118450049e-01
-2.067238965440564014e-01,-3.034634663540019539e-01,-3.971648612701661474e-01,-4.868899742150275545e-01,-5.717405073184684827e-01,-6.508669653759937557e-01,-7.234771607111530889e-01,-7.888441442939445603e-01,-8.463134837118450049e-01,-8.953098151285244777e-01
-3.034634663540019539e-01,-3.971648612701661474e-01,-4.868899742150275545e-01,-5.717405073184684827e-01,-6.508669653759937557e-01,-7.234771607111530889e-01,-7.888441442939445603e-01,-8.463134837118450049e-01,-8.953098151285244777e-01,-9.353426036345177108e-01
-3.971648612701661474e-01,-4.868899742150275545e-01,-5.717405073184684827e-01,-6.508669653759937557e-01,-7.234771607111530889e-01,-7.888441442939445603e-01,-8.463134837118450049e-01,-8.953098151285244777e-01,-9.353426036345177108e-01,-9.660110543188845655e-01
-4.868899742150275545e-01,-5.717405073184684827e-01,-6.508669653759937557e-01,-7.234771607111530889e-01,-7.888441442939445603e-01,-8.463134837118450049e-01,-8.953098151285244777e-01,-9.353426036345177108e-01,-9.660110543188845655e-01,-9.870081248940717478e-01
-5.717405073184684827e-01,-6.508669653759937557e-01,-7.234771607111530889e-01,-7.888441442939445603e-01,-8.463134837118450049e-01,-8.953098151285244777e-01,-9.353426036345177108e-01,-9.660110543188845655e-01,-9.870081248940717478e-01,-9.981235997007346095e-01
-6.508669653759937557e-01,-7.234771607111530889e-01,-7.888441442939445603e-01,-8.463134837118450049e-01,-8.953098151285244777e-01,-9.353426036345177108e-01,-9.660110543188845655e-01,-9.870081248940717478e-01,-9.981235997007346095e-01,-9.992461943167482152e-01
-7.234771607111530889e-01,-7.888441442939445603e-01,-8.463134837118450049e-01,-8.953098151285244777e-01,-9.353426036345177108e-01,-9.660110543188845655e-01,-9.870081248940717478e-01,-9.981235997007346095e-01,-9.992461943167482152e-01,-9.903646696996691867e-01
-7.888441442939445603e-01,-8.463134837118450049e-01,-8.953098151285244777e-01,-9.353426036345177108e-01,-9.660110543188845655e-01,-9.870081248940717478e-01,-9.981235997007346095e-01,-9.992461943167482152e-01,-9.903646696996691867e-01,-9.715679447082770093e-01
-8.463134837118450049e-01,-8.953098151285244777e-01,-9.353426036345177108e-01,-9.660110543188845655e-01,-9.870081248940717478e-01,-9.981235997007346095e-01,-9.992461943167482152e-01,-9.903646696996691867e-01,-9.715679447082770093e-01,-9.430442058766614899e-01
-8.953098151285244777e-01,-9.353426036345177108e-01,-9.660110543188845655e-01,-9.870081248940717478e-01,-9.981235997007346095e-01,-9.992461943167482152e-01,-9.903646696996691867e-01,-9.715679447082770093e-01,-9.430442058766614899e-01,-9.050790233534605767e-01
-9.353426036345177108e-01,-9.660110543188845655e-01,-9.870081248940717478e-01,-9.981235997007346095e-01,-9.992461943167482152e-01,-9.903646696996691867e-01,-9.715679447082770093e-01,-9.430442058766614899e-01,-9.050790233534605767e-01,-8.580524918689210745e-01
-9.660110543188845655e-01,-9.870081248940717478e-01,-9.981235997007346095e-01,-9.992461943167482152e-01,-9.903646696996691867e-01,-9.715679447082770093e-01,-9.430442058766614899e-01,-9.050790233534605767e-01,-8.580524918689210745e-01,-8.024354253533363401e-01
-9.870081248940717478e-01,-9.981235997007346095e-01,-9.992461943167482152e-01,-9.903646696996691867e-01,-9.715679447082770093e-01,-9.430442058766614899e-01,-9.050790233534605767e-01,-8.580524918689210745e-01,-8.024354253533363401e-01,-7.387846433052412953e-01
-9.981235997007346095e-01,-9.992461943167482152e-01,-9.903646696996691867e-01,-9.715679447082770093e-01,-9.430442058766614899e-01,-9.050790233534605767e-01,-8.580524918689210745e-01,-8.024354253533363401e-01,-7.387846433052412953e-01,-6.677373961004617886e-01
-9.992461943167482152e-01,-9.903646696996691867e-01,-9.715679447082770093e-01,-9.430442058766614899e-01,-9.050790233534605767e-01,-8.580524918689210745e-01,-8.024354253533363401e-01,-7.387846433052412953e-01,-6.677373961004617886e-01,-5.900049850542115060e-01
