0.000000000000000000e+00,-4.000000000000003553e-02,-8.000000000000007105e-02,-1.200000000000001066e-01,-1.599999999999999201e-01,-1.999999999999999556e-01,-2.399999999999999911e-01,-2.800000000000000266e-01,-3.200000000000000622e-01,-3.599999999999998757e-01,-3.999999999999999112e-01,-4.399999999999999467e-01,-4.799999999999999822e-01,-5.200000000000000178e-01,-5.600000000000000533e-01,-6.000000000000000888e-01,-6.400000000000001243e-01,-6.800000000000001599e-01,-7.199999999999999734e-01,-7.600000000000000089e-01,-8.000000000000000444e-01,-8.399999999999998579e-01,-8.799999999999998934e-01,-9.199999999999999289e-01,-9.599999999999999645e-01,-1.000000000000000000e+00,-1.040000000000000036e+00,-1.080000000000000071e+00,-1.120000000000000107e+00,-1.160000000000000142e+00,-1.200000000000000178e+00,-1.240000000000000213e+00,-1.280000000000000249e+00,-1.320000000000000284e+00,-1.360000000000000320e+00,-1.400000000000000355e+00,-1.439999999999999947e+00,-1.479999999999999982e+00,-1.520000000000000018e+00,-1.560000000000000053e+00,-1.600000000000000089e+00,-1.640000000000000124e+00,-1.679999999999999716e+00,-1.719999999999999751e+00,-1.759999999999999787e+00,-1.799999999999999822e+00,-1.839999999999999858e+00,-1.879999999999999893e+00,-1.919999999999999929e+00,-1.959999999999999964e+00,-2.000000000000000000e+00,-2.040000000000000036e+00,-2.080000000000000071e+00,-2.120000000000000107e+00,-2.160000000000000142e+00,-2.200000000000000178e+00,-2.239999999999999769e+00,-2.279999999999999805e+00,-2.319999999999999840e+00,-2.359999999999999876e+00,-2.399999999999999911e+00,-2.439999999999999947e+00,-2.479999999999999982e+00,-2.520000000000000018e+00,-2.560000000000000053e+00,-2.600000000000000089e+00,-2.640000000000000124e+00,-2.680000000000000160e+00,-2.719999999999999751e+00,-2.759999999999999787e+00,-2.799999999999999822e+00,-2.839999999999999858e+00,-2.879999999999999893e+00,-2.919999999999999929e+00,-2.959999999999999964e+00,-3.000000000000000000e+00,-3.040000000000000036e+00,-3.080000000000000071e+00,-3.120000000000000107e+00,-3.160000000000000142e+00,-3.200000000000000178e+00,-3.240000000000000213e+00,-3.279999999999999361e+00,-3.320000000000000284e+00,-3.359999999999999432e+00,-3.400000000000000355e+00,-3.439999999999999503e+00,-3.480000000000000426e+00,-3.519999999999999574e+00,-3.560000000000000497e+00,-3.599999999999999645e+00,-3.640000000000000568e+00,-3.679999999999999716e+00,-3.720000000000000639e+00,-3.759999999999999787e+00,-3.799999999999999822e+00,-3.839999999999999858e+00,-3.879999999999999893e+00,-3.919999999999999929e+00,-3.959999999999999964e+00,-4.000000000000000000e+00
0.000000000000000000e+00,-4.087716990114165228e-02,-8.350714075049570084e-02,-1.278852986855222307e-01,-1.740039629294949375e-01,-2.218523992661942668e-01,-2.714168388713688040e-01,-3.226805024679327838e-01,-3.756236297625189513e-01,-4.302235141117484174e-01,-4.864545423573990446e-01,-5.442882397605870448e-01,-6.036933199561363983e-01,-6.646357398394933114e-01,-7.270787592899006224e-01,-7.909830056250526376e-01,-8.563065426741602870e-01,-9.230049443482437610e-01,-9.910313725785884209e-01,-1.060336659486634581e+00,-1.130869393641141585e+00,-1.202576010251310112e+00,-1.275400885137624840e+00,-1.349286432315567996e+00,-1.424173205021003197e+00,-1.500000000000000000e+00,-1.576703964880138198e+00,-1.654220708434927412e+00,-1.732484413547897173e+00,-1.811427952678184905e+00,-1.890983005625052504e+00,-1.971080179384734343e+00,-2.051649129889344447e+00,-2.132618685414275461e+00,-2.213916971437588810e+00,-2.295471536732347051e+00,-2.377209480470686476e+00,-2.459057580116642772e+00,-2.540942419883356784e+00,-2.622790519529313080e+00,-2.704528463267653393e+00,-2.786083028562411634e+00,-2.867381314585724095e+00,-2.948350870110655109e+00,-3.028919820615265213e+00,-3.109016994374947274e+00,-3.188572047321814651e+00,-3.267515586452102827e+00,-3.345779291565072366e+00,-3.423296035119861358e+00,-3.500000000000000000e+00,-3.575826794978996581e+00,-3.650713567684431560e+00,-3.724599114862375160e+00,-3.797423989748689888e+00,-3.869130606358858415e+00,-3.939663340513364975e+00,-4.008968627421411135e+00,-4.076995055651756239e+00,-4.143693457325839269e+00,-4.209016994374946918e+00,-4.272921240710099156e+00,-4.335364260160506689e+00,-4.396306680043863935e+00,-4.455711760239412733e+00,-4.513545457642600844e+00,-4.569776485888251472e+00,-4.624376370237481382e+00,-4.677319497532066883e+00,-4.728583161128630863e+00,-4.778147600733805511e+00,-4.825996037070504840e+00,-4.872114701314477436e+00,-4.916492859249504299e+00,-4.959122830098857904e+00,-5.000000000000000000e+00,-5.039122830098857975e+00,-5.076492859249504441e+00,-5.112114701314477649e+00,-5.145996037070505125e+00,-5.178147600733805866e+00,-5.208583161128631289e+00,-5.237319497532066492e+00,-5.264376370237481950e+00,-5.289776485888251223e+00,-5.313545457642601555e+00,-5.335711760239412627e+00,-5.356306680043863899e+00,-5.375364260160505836e+00,-5.392921240710100150e+00,-5.409016994374947096e+00,-5.423693457325840406e+00,-5.436995055651756559e+00,-5.448968627421412414e+00,-5.459663340513365881e+00,-5.469130606358858948e+00,-5.477423989748690047e+00,-5.484599114862374947e+00,-5.490713567684432306e+00,-5.495826794978997398e+00,-5.500000000000000000e+00
0.000000000000000000e+00,-4.350714075049566532e-02,-9.400396292949508847e-02,-1.514168388713690305e-01,-2.156236297625189202e-01,-2.864545423573990890e-01,-3.636933199561364072e-01,-4.470787592899005958e-01,-5.363065426741603359e-01,-6.310313725785883232e-01,-7.308693936411417846e-01,-8.354008851376251155e-01,-9.441732050210033256e-01,-1.056703964880138402e+00,-1.172484413547897342e+00,-1.290983005625052860e+00,-1.411649129889344545e+00,-1.533916971437588650e+00,-1.657209480470686724e+00,-1.780942419883357219e+00,-1.904528463267653793e+00,-2.027381314585724681e+00,-2.148919820615265763e+00,-2.268572047321815166e+00,-2.385779291565072846e+00,-2.500000000000000000e+00,-2.610713567684431968e+00,-2.717423989748690261e+00,-2.819663340513365757e+00,-2.916995055651756985e+00,-3.009016994374947629e+00,-3.095364260160506920e+00,-3.175711760239413373e+00,-3.249776485888251631e+00,-3.317319497532067452e+00,-3.378147600733806044e+00,-3.432114701314477934e+00,-3.479122830098858365e+00,-3.519122830098858401e+00,-3.552114701314478040e+00,-3.578147600733805334e+00,-3.597319497532067256e+00,-3.609776485888251063e+00,-3.615711760239412431e+00,-3.615364260160506049e+00,-3.609016994374947274e+00,-3.596995055651755813e+00,-3.579663340513365100e+00,-3.557423989748689674e+00,-3.530713567684431453e+00,-3.499999999999999556e+00,-3.465779291565072029e+00,-3.428572047321814864e+00,-3.388919820615265088e+00,-3.347381314585724077e+00,-3.304528463267652594e+00,-3.260942419883356536e+00,-3.217209480470685889e+00,-3.173916971437587886e+00,-3.131649129889343630e+00,-3.090983005625052016e+00,-3.052484413547896125e+00,-3.016703964880137256e+00,-2.984173205021003472e+00,-2.955400885137625000e+00,-2.930869393641141407e+00,-2.911031372578588350e+00,-2.896306542674159878e+00,-2.887078759289900098e+00,-2.883693319956136314e+00,-2.886454542357398623e+00,-2.895623629762518636e+00,-2.911416838871368817e+00,-2.934003962929494946e+00,-2.963507140750495594e+00,-3.000000000000000000e+00,-3.043507140750495665e+00,-3.094003962929495088e+00,-3.151416838871369031e+00,-3.215623629762519364e+00,-3.286454542357399866e+00,-3.363693319956136740e+00,-3.447078759289900152e+00,-3.536306542674160891e+00,-3.631031372578588545e+00,-3.730869393641143006e+00,-3.835400885137625338e+00,-3.944173205021004769e+00,-4.056703964880138180e+00,-4.172484413547898008e+00,-4.290983005625053082e+00,-4.411649129889345211e+00,-4.533916971437588650e+00,-4.657209480470688057e+00,-4.780942419883356997e+00,-4.904528463267653571e+00,-5.027381314585724681e+00,-5.148919820615265763e+00,-5.268572047321815610e+00,-5.385779291565073734e+00,-5.500000000000000888e+00
0.000000000000000000e+00,-4.788529868552215962e-02,-1.114168388713689950e-01,-1.902235141117486483e-01,-2.836933199561363361e-01,-3.909830056250525043e-01,-5.110313725785884387e-01,-6.425760102513103922e-01,-7.841732050210034055e-01,-9.342207084349272161e-01,-1.090983005625052460e+00,-1.252618685414275124e+00,-1.417209480470686511e+00,-1.582790519529313489e+00,-1.747381314585724876e+00,-1.909016994374947540e+00,-2.065779291565073006e+00,-2.215826794978997150e+00,-2.357423989748689497e+00,-2.488968627421411561e+00,-2.609016994374947274e+00,-2.716306680043863331e+00,-2.809776485888251241e+00,-2.888583161128631005e+00,-2.952114701314477507e+00,-3.000000000000000000e+00,-3.032114701314478022e+00,-3.048583161128631147e+00,-3.049776485888251454e+00,-3.036306680043863615e+00,-3.009016994374947629e+00,-2.968968627421411988e+00,-2.917423989748689994e+00,-2.855826794978996830e+00,-2.785779291565072313e+00,-2.709016994374947807e+00,-2.627381314585724770e+00,-2.542790519529313009e+00,-2.457209480470686991e+00,-2.372618685414275674e+00,-2.290983005625053082e+00,-2.214220708434927687e+00,-2.144173205021003614e+00,-2.082576010251310450e+00,-2.031031372578588456e+00,-1.990983005625052371e+00,-1.963693319956136385e+00,-1.950223514111748546e+00,-1.951416838871368853e+00,-1.967885298685522200e+00,-2.000000000000000000e+00,-2.047885298685522049e+00,-2.111416838871368995e+00,-2.190223514111748759e+00,-2.283693319956136669e+00,-2.390983005625053170e+00,-2.511031372578587550e+00,-2.642576010251309171e+00,-2.784173205021002850e+00,-2.934220708434926550e+00,-3.090983005625052016e+00,-3.252618685414275124e+00,-3.417209480470686511e+00,-3.582790519529312601e+00,-3.747381314585724876e+00,-3.909016994374947096e+00,-4.065779291565073450e+00,-4.215826794978997150e+00,-4.357423989748689053e+00,-4.488968627421410673e+00,-4.609016994374947274e+00,-4.716306680043863331e+00,-4.809776485888251685e+00,-4.888583161128631005e+00,-4.952114701314477507e+00,-5.000000000000000000e+00,-5.032114701314478467e+00,-5.048583161128631147e+00,-5.049776485888251898e+00,-5.036306680043863615e+00,-5.009016994374947629e+00,-4.968968627421412876e+00,-4.917423989748690438e+00,-4.855826794978997718e+00,-4.785779291565073201e+00,-4.709016994374947807e+00,-4.627381314585725214e+00,-4.542790519529313897e+00,-4.457209480470686991e+00,-4.372618685414275674e+00,-4.290983005625053082e+00,-4.214220708434927687e+00,-4.144173205021003170e+00,-4.082576010251310450e+00,-4.031031372578588901e+00,-3.990983005625052371e+00,-3.963693319956136829e+00,-3.950223514111748546e+00,-3.951416838871368853e+00,-3.967885298685521978e+00,-4.000000000000000000e+00
0.000000000000000000e+00,-4.444444444444473064e-03,-8.888888888888946127e-03,-1.333333333333341919e-02,-1.777777777777789225e-02,-2.222222222222214327e-02,-2.666666666666661634e-02,-3.111111111111108940e-02,-3.555555555555556246e-02,-4.000000000000003553e-02,-4.444444444444450859e-02,-4.888888888888898165e-02,-5.333333333333323267e-02,-5.777777777777770574e-02,-6.222222222222217880e-02,-6.666666666666665186e-02,-7.111111111111112493e-02,-7.555555555555559799e-02,-8.000000000000007105e-02,-8.444444444444454412e-02,-8.888888888888901718e-02,-9.333333333333326820e-02,-9.777777777777774126e-02,-1.022222222222222143e-01,-1.066666666666666874e-01,-1.111111111111111605e-01,-1.155555555555556335e-01,-1.200000000000001066e-01,-1.244444444444445796e-01,-1.288888888888888307e-01,-1.333333333333333037e-01,-1.377777777777777768e-01,-1.422222222222222499e-01,-1.466666666666667229e-01,-1.511111111111111960e-01,-1.555555555555556690e-01,-1.600000000000001421e-01,-1.644444444444443931e-01,-1.688888888888888662e-01,-1.733333333333333393e-01,-1.777777777777778123e-01,-1.822222222222222854e-01,-1.866666666666667584e-01,-1.911111111111112315e-01,-1.955555555555554825e-01,-1.999999999999999556e-01,-2.044444444444444287e-01,-2.088888888888889017e-01,-2.133333333333333748e-01,-2.177777777777778478e-01,-2.222222222222223209e-01,-2.266666666666667940e-01,-2.311111111111112670e-01,-2.355555555555555181e-01,-2.399999999999999911e-01,-2.444444444444444642e-01,-2.488888888888889372e-01,-2.533333333333334103e-01,-2.577777777777778834e-01,-2.622222222222223564e-01,-2.666666666666666075e-01,-2.711111111111110805e-01,-2.755555555555555536e-01,-2.800000000000000266e-01,-2.844444444444444997e-01,-2.888888888888889728e-01,-2.933333333333334458e-01,-2.977777777777779189e-01,-3.022222222222223920e-01,-3.066666666666666430e-01,-3.111111111111111160e-01,-3.155555555555555891e-01,-3.200000000000000622e-01,-3.244444444444445352e-01,-3.288888888888890083e-01,-3.333333333333334814e-01,-3.377777777777777324e-01,-3.422222222222224275e-01,-3.466666666666666785e-01,-3.511111111111111516e-01,-3.555555555555556246e-01,-3.600000000000000977e-01,-3.644444444444445708e-01,-3.688888888888888218e-01,-3.733333333333335169e-01,-3.777777777777777679e-01,-3.822222222222222410e-01,-3.866666666666667140e-01,-3.911111111111111871e-01,-3.955555555555556602e-01,-4.000000000000001332e-01,-4.044444444444446063e-01,-4.088888888888888573e-01,-4.133333333333335524e-01,-4.177777777777778034e-01,-4.222222222222222765e-01,-4.266666666666667496e-01,-4.311111111111112226e-01,-4.355555555555556957e-01,-4.399999999999999467e-01,-4.444444444444446418e-01
0.000000000000000000e+00,-5.321614345586089811e-03,-1.239602963938457592e-02,-2.121863201885554329e-02,-3.178174070727290967e-02,-4.407462148841645444e-02,-5.808350553803542926e-02,-7.379161357904384655e-02,-9.117918531807445159e-02,-1.102235141117485773e-01,-1.308989868018436420e-01,-1.531771286494760798e-01,-1.770266532894696487e-01,-2.024135176172709993e-01,-2.293009815121227479e-01,-2.576496722917192006e-01,-2.874176537852712876e-01,-3.185604999037991991e-01,-3.510313725785885186e-01,-3.847811039310790049e-01,-4.197582825300306686e-01,-4.559093435846434117e-01,-4.931786629154027990e-01,-5.315086545377903926e-01,-5.708398716876699197e-01,-6.111111111111110494e-01,-6.522595204356937959e-01,-6.942207084349274471e-01,-7.369288579923416460e-01,-7.803168415670735936e-01,-8.243163389583856304e-01,-8.688579571625119069e-01,-9.138713521115663374e-01,-9.592853520809420109e-01,-1.005028082548699464e+00,-1.051027092287902143e+00,-1.097209480470686671e+00,-1.143502024561087405e+00,-1.189831308772245633e+00,-1.236123852862646588e+00,-1.282306241045431117e+00,-1.328305250784633795e+00,-1.374047981252391137e+00,-1.419461981221766811e+00,-1.464475376170821130e+00,-1.509016994374947185e+00,-1.553016491766259444e+00,-1.596404475340991613e+00,-1.639112624898405812e+00,-1.681073812897639463e+00,-1.722222222222222099e+00,-1.762493461645663118e+00,-1.801824678795542756e+00,-1.840154670417930349e+00,-1.877423989748689515e+00,-1.913575050803302702e+00,-1.948552229402253921e+00,-1.982301960754744741e+00,-2.014772833429534060e+00,-2.045915679548061750e+00,-2.075683661041613615e+00,-2.104032351821210511e+00,-2.130919815716061816e+00,-2.156306680043863722e+00,-2.180156204683857180e+00,-2.202434346531489950e+00,-2.223109819221584793e+00,-2.242154148015258919e+00,-2.259541719754289524e+00,-2.275249827795297719e+00,-2.289258711844916583e+00,-2.301551592626060572e+00,-2.312114701314477827e+00,-2.320937303693948905e+00,-2.328011718987747614e+00,-2.333333333333333481e+00,-2.336900607876636116e+00,-2.338715081471726798e+00,-2.338781367981144665e+00,-2.337107148181615912e+00,-2.333703156289361313e+00,-2.328583161128631396e+00,-2.321763941976512147e+00,-2.313265259126370044e+00,-2.303109819221584864e+00,-2.291323235420378968e+00,-2.277933982461635143e+00,-2.262973346710530187e+00,-2.246475371271618116e+00,-2.228476796265655313e+00,-2.209016994374947807e+00,-2.188137901770284444e+00,-2.165883944540645700e+00,-2.142301960754745327e+00,-2.117441118291143898e+00,-2.091352828581081180e+00,-2.064090656415356939e+00,-2.035710225973486498e+00,-2.006269123239987628e+00,-1.975826794978996936e+00,-1.944444444444445086e+00
0.000000000000000000e+00,-7.951585194940102852e-03,-2.289285181838396355e-02,-4.475017220470234314e-02,-7.340140754029689241e-02,-1.086767645796212767e-01,-1.503599866228030324e-01,-1.981898704010116585e-01,-2.518620982297158362e-01,-3.110313725785884831e-01,-3.753138380855863820e-01,-4.442897740265141504e-01,-5.175065383543365760e-01,-5.944817426579160902e-01,-6.747066357701194672e-01,-7.576496722917194226e-01,-8.427602410004554345e-01,-9.294725269931441991e-01,-1.017209480470686822e+00,-1.105386864327801755e+00,-1.193417352156542766e+00,-1.280714647919058091e+00,-1.366697598393043611e+00,-1.450794269544037673e+00,-1.532445958231739347e+00,-1.611111111111111160e+00,-1.686269123239987566e+00,-1.757423989748690296e+00,-1.824107784957810452e+00,-1.885883944540645452e+00,-1.942350327708280977e+00,-1.993142037938284705e+00,-2.037933982461635374e+00,-2.076443152554918292e+00,-2.108430608643178772e+00,-2.133703156289361580e+00,-2.152114701314478129e+00,-2.163567274543302776e+00,-2.168011718987747471e+00,-2.165448034647811326e+00,-2.155925378511583279e+00,-2.139541719754289417e+00,-2.116443152554917884e+00,-2.086822871350523911e+00,-2.050919815716062189e+00,-2.009016994374947185e+00,-1.961439500096200605e+00,-1.908552229402253886e+00,-1.850757323082023120e+00,-1.788491345462209337e+00,-1.722222222222221877e+00,-1.652445958231739009e+00,-1.579683158432925838e+00,-1.504475376170820500e+00,-1.427381314585723704e+00,-1.348972907712096880e+00,-1.269831308772245704e+00,-1.190542813804019717e+00,-1.111694749215365707e+00,-1.033871352111566111e+00,-9.576496722917184901e-01,-8.835955246590073697e-01,-8.122595204356930498e-01,-7.441732050210033700e-01,-6.798453295820694464e-01,-6.197582825300305132e-01,-5.643647059119215603e-01,-5.140843204519377485e-01,-4.693009815121229611e-01,-4.303599866228030590e-01,-3.975656534685101384e-01,-3.711791853180744782e-01,-3.514168388713688751e-01,-3.384484073739395527e-01,-3.323960296393846381e-01,-3.333333333333334814e-01,-3.412849185282734732e-01,-3.562261851517176670e-01,-3.780835055380358245e-01,-4.067347408736304848e-01,-4.420100979129552021e-01,-4.836933199561367358e-01,-5.315232037343453619e-01,-5.851954315630494285e-01,-6.443647059119225196e-01,-7.086471714189201965e-01,-7.776231073598481869e-01,-8.508398716876710566e-01,-9.278150759912497936e-01,-1.008039969103453171e+00,-1.090983005625053348e+00,-1.176093574333789471e+00,-1.262805860326478014e+00,-1.350542813804021192e+00,-1.438720197661135014e+00,-1.526750685489876025e+00,-1.614047981252391795e+00,-1.700030931726377315e+00,-1.784127602877371377e+00,-1.865779291565073272e+00,-1.944444444444445308e+00
0.000000000000000000e+00,-1.232974312996659716e-02,-4.030572776025787007e-02,-8.355684744508196093e-02,-1.414710977339143083e-01,-2.132052278472746920e-01,-2.976980392452550639e-01,-3.936871213624214549e-01,-4.997287605765589058e-01,-6.142207084349273760e-01,-7.354274500694970573e-01,-8.615075743031642697e-01,-9.905428138040197616e-01,-1.120568297307091177e+00,-1.249603536807947002e+00,-1.375683661041613881e+00,-1.496890402676184006e+00,-1.611382350534552366e+00,-1.717423989748689817e+00,-1.813413071865855875e+00,-1.897905883263836468e+00,-1.969640013377196741e+00,-2.027554263666028866e+00,-2.070805383350853290e+00,-2.098781367981144452e+00,-2.111111111111111160e+00,-2.107670256870033398e+00,-2.088583161128631183e+00,-2.054220930332695705e+00,-2.005195568932752526e+00,-1.942350327708280755e+00,-1.866746405199189329e+00,-1.779646211970911995e+00,-1.682493461645663047e+00,-1.576890402676183411e+00,-1.464572549930503342e+00,-1.347381314585724743e+00,-1.227234963973757642e+00,-1.106098369359576061e+00,-9.859520187476090713e-01,-8.687607834028305831e-01,-7.564429306571496259e-01,-6.508398716876707679e-01,-5.536871213624219301e-01,-4.665869281341441521e-01,-3.909830056250526154e-01,-3.281377644005808447e-01,-2.791124030006374435e-01,-2.447501722047024098e-01,-2.256630764633000830e-01,-2.222222222222223209e-01,-2.345519653521889181e-01,-2.625279499824801910e-01,-3.057790696673041708e-01,-3.636933199561366292e-01,-4.354274500694974570e-01,-5.199202614674767187e-01,-6.159093435846429987e-01,-7.219509827987806716e-01,-8.364429306571492528e-01,-9.576496722917189341e-01,-1.083729796525386257e+00,-1.212765036026242305e+00,-1.342790519529312832e+00,-1.471825759030169545e+00,-1.597905883263836202e+00,-1.719112624898406771e+00,-1.833604572756774687e+00,-1.939646211970911693e+00,-2.035635294088077085e+00,-2.120128105486058345e+00,-2.191862235599418618e+00,-2.249776485888251187e+00,-2.293027605573075611e+00,-2.321003590203366773e+00,-2.333333333333333481e+00,-2.329892479092255719e+00,-2.310805383350853504e+00,-2.276443152554918470e+00,-2.227417791154974402e+00,-2.164572549930503520e+00,-2.088968627421412538e+00,-2.001868434193135649e+00,-1.904715683867886256e+00,-1.799112624898407509e+00,-1.686794772152725663e+00,-1.569603536807947952e+00,-1.449457186195980185e+00,-1.328320591581798604e+00,-1.208174240969830837e+00,-1.090983005625053126e+00,-9.786651528793713917e-01,-8.730620939098923117e-01,-7.759093435846431408e-01,-6.888091503563672502e-01,-6.132052278472750473e-01,-5.503599866228037207e-01,-5.013346252228598754e-01,-4.669723944269247307e-01,-4.478852986855220708e-01,-4.444444444444446418e-01
0.000000000000000000e+00,-4.444444444444473064e-03,-8.888888888888946127e-03,-1.333333333333341919e-02,-1.777777777777789225e-02,-2.222222222222214327e-02,-2.666666666666661634e-02,-3.111111111111108940e-02,-3.555555555555556246e-02,-4.000000000000003553e-02,-4.444444444444450859e-02,-4.888888888888898165e-02,-5.333333333333323267e-02,-5.777777777777770574e-02,-6.222222222222217880e-02,-6.666666666666665186e-02,-7.111111111111112493e-02,-7.555555555555559799e-02,-8.000000000000007105e-02,-8.444444444444454412e-02,-8.888888888888901718e-02,-9.333333333333326820e-02,-9.777777777777774126e-02,-1.022222222222222143e-01,-1.066666666666666874e-01,-1.111111111111111605e-01,-1.155555555555556335e-01,-1.200000000000001066e-01,-1.244444444444445796e-01,-1.288888888888888307e-01,-1.333333333333333037e-01,-1.377777777777777768e-01,-1.422222222222222499e-01,-1.466666666666667229e-01,-1.511111111111111960e-01,-1.555555555555556690e-01,-1.600000000000001421e-01,-1.644444444444443931e-01,-1.688888888888888662e-01,-1.733333333333333393e-01,-1.777777777777778123e-01,-1.822222222222222854e-01,-1.866666666666667584e-01,-1.911111111111112315e-01,-1.955555555555554825e-01,-1.999999999999999556e-01,-2.044444444444444287e-01,-2.088888888888889017e-01,-2.133333333333333748e-01,-2.177777777777778478e-01,-2.222222222222223209e-01,-2.266666666666667940e-01,-2.311111111111112670e-01,-2.355555555555555181e-01,-2.399999999999999911e-01,-2.444444444444444642e-01,-2.488888888888889372e-01,-2.533333333333334103e-01,-2.577777777777778834e-01,-2.622222222222223564e-01,-2.666666666666666075e-01,-2.711111111111110805e-01,-2.755555555555555536e-01,-2.800000000000000266e-01,-2.844444444444444997e-01,-2.888888888888889728e-01,-2.933333333333334458e-01,-2.977777777777779189e-01,-3.022222222222223920e-01,-3.066666666666666430e-01,-3.111111111111111160e-01,-3.155555555555555891e-01,-3.200000000000000622e-01,-3.244444444444445352e-01,-3.288888888888890083e-01,-3.333333333333334814e-01,-3.377777777777777324e-01,-3.422222222222224275e-01,-3.466666666666666785e-01,-3.511111111111111516e-01,-3.555555555555556246e-01,-3.600000000000000977e-01,-3.644444444444445708e-01,-3.688888888888888218e-01,-3.733333333333335169e-01,-3.777777777777777679e-01,-3.822222222222222410e-01,-3.866666666666667140e-01,-3.911111111111111871e-01,-3.955555555555556602e-01,-4.000000000000001332e-01,-4.044444444444446063e-01,-4.088888888888888573e-01,-4.133333333333335524e-01,-4.177777777777778034e-01,-4.222222222222222765e-01,-4.266666666666667496e-01,-4.311111111111112226e-01,-4.355555555555556957e-01,-4.399999999999999467e-01,-4.444444444444446418e-01
0.000000000000000000e+00,-5.321614345586089811e-03,-1.239602963938457592e-02,-2.121863201885554329e-02,-3.178174070727290967e-02,-4.407462148841645444e-02,-5.808350553803542926e-02,-7.379161357904384655e-02,-9.117918531807445159e-02,-1.102235141117485773e-01,-1.308989868018436420e-01,-1.531771286494760798e-01,-1.770266532894696487e-01,-2.024135176172709993e-01,-2.293009815121227479e-01,-2.576496722917192006e-01,-2.874176537852712876e-01,-3.185604999037991991e-01,-3.510313725785885186e-01,-3.847811039310790049e-01,-4.197582825300306686e-01,-4.559093435846434117e-01,-4.931786629154027990e-01,-5.315086545377903926e-01,-5.708398716876699197e-01,-6.111111111111110494e-01,-6.522595204356937959e-01,-6.942207084349274471e-01,-7.369288579923416460e-01,-7.803168415670735936e-01,-8.243163389583856304e-01,-8.688579571625119069e-01,-9.138713521115663374e-01,-9.592853520809420109e-01,-1.005028082548699464e+00,-1.051027092287902143e+00,-1.097209480470686671e+00,-1.143502024561087405e+00,-1.189831308772245633e+00,-1.236123852862646588e+00,-1.282306241045431117e+00,-1.328305250784633795e+00,-1.374047981252391137e+00,-1.419461981221766811e+00,-1.464475376170821130e+00,-1.509016994374947185e+00,-1.553016491766259444e+00,-1.596404475340991613e+00,-1.639112624898405812e+00,-1.681073812897639463e+00,-1.722222222222222099e+00,-1.762493461645663118e+00,-1.801824678795542756e+00,-1.840154670417930349e+00,-1.877423989748689515e+00,-1.913575050803302702e+00,-1.948552229402253921e+00,-1.982301960754744741e+00,-2.014772833429534060e+00,-2.045915679548061750e+00,-2.075683661041613615e+00,-2.104032351821210511e+00,-2.130919815716061816e+00,-2.156306680043863722e+00,-2.180156204683857180e+00,-2.202434346531489950e+00,-2.223109819221584793e+00,-2.242154148015258919e+00,-2.259541719754289524e+00,-2.275249827795297719e+00,-2.289258711844916583e+00,-2.301551592626060572e+00,-2.312114701314477827e+00,-2.320937303693948905e+00,-2.328011718987747614e+00,-2.333333333333333481e+00,-2.336900607876636116e+00,-2.338715081471726798e+00,-2.338781367981144665e+00,-2.337107148181615912e+00,-2.333703156289361313e+00,-2.328583161128631396e+00,-2.321763941976512147e+00,-2.313265259126370044e+00,-2.303109819221584864e+00,-2.291323235420378968e+00,-2.277933982461635143e+00,-2.262973346710530187e+00,-2.246475371271618116e+00,-2.228476796265655313e+00,-2.209016994374947807e+00,-2.188137901770284444e+00,-2.165883944540645700e+00,-2.142301960754745327e+00,-2.117441118291143898e+00,-2.091352828581081180e+00,-2.064090656415356939e+00,-2.035710225973486498e+00,-2.006269123239987628e+00,-1.975826794978996936e+00,-1.944444444444445086e+00
0.000000000000000000e+00,-7.951585194940102852e-03,-2.289285181838396355e-02,-4.475017220470234314e-02,-7.340140754029689241e-02,-1.086767645796212767e-01,-1.503599866228030324e-01,-1.981898704010116585e-01,-2.518620982297158362e-01,-3.110313725785884831e-01,-3.753138380855863820e-01,-4.442897740265141504e-01,-5.175065383543365760e-01,-5.944817426579160902e-01,-6.747066357701194672e-01,-7.576496722917194226e-01,-8.427602410004554345e-01,-9.294725269931441991e-01,-1.017209480470686822e+00,-1.105386864327801755e+00,-1.193417352156542766e+00,-1.280714647919058091e+00,-1.366697598393043611e+00,-1.450794269544037673e+00,-1.532445958231739347e+00,-1.611111111111111160e+00,-1.686269123239987566e+00,-1.757423989748690296e+00,-1.824107784957810452e+00,-1.885883944540645452e+00,-1.942350327708280977e+00,-1.993142037938284705e+00,-2.037933982461635374e+00,-2.076443152554918292e+00,-2.108430608643178772e+00,-2.133703156289361580e+00,-2.152114701314478129e+00,-2.163567274543302776e+00,-2.168011718987747471e+00,-2.165448034647811326e+00,-2.155925378511583279e+00,-2.139541719754289417e+00,-2.116443152554917884e+00,-2.086822871350523911e+00,-2.050919815716062189e+00,-2.009016994374947185e+00,-1.961439500096200605e+00,-1.908552229402253886e+00,-1.850757323082023120e+00,-1.788491345462209337e+00,-1.722222222222221877e+00,-1.652445958231739009e+00,-1.579683158432925838e+00,-1.504475376170820500e+00,-1.427381314585723704e+00,-1.348972907712096880e+00,-1.269831308772245704e+00,-1.190542813804019717e+00,-1.111694749215365707e+00,-1.033871352111566111e+00,-9.576496722917184901e-01,-8.835955246590073697e-01,-8.122595204356930498e-01,-7.441732050210033700e-01,-6.798453295820694464e-01,-6.197582825300305132e-01,-5.643647059119215603e-01,-5.140843204519377485e-01,-4.693009815121229611e-01,-4.303599866228030590e-01,-3.975656534685101384e-01,-3.711791853180744782e-01,-3.514168388713688751e-01,-3.384484073739395527e-01,-3.323960296393846381e-01,-3.333333333333334814e-01,-3.412849185282734732e-01,-3.562261851517176670e-01,-3.780835055380358245e-01,-4.067347408736304848e-01,-4.420100979129552021e-01,-4.836933199561367358e-01,-5.315232037343453619e-01,-5.851954315630494285e-01,-6.443647059119225196e-01,-7.086471714189201965e-01,-7.776231073598481869e-01,-8.508398716876710566e-01,-9.278150759912497936e-01,-1.008039969103453171e+00,-1.090983005625053348e+00,-1.176093574333789471e+00,-1.262805860326478014e+00,-1.350542813804021192e+00,-1.438720197661135014e+00,-1.526750685489876025e+00,-1.614047981252391795e+00,-1.700030931726377315e+00,-1.784127602877371377e+00,-1.865779291565073272e+00,-1.944444444444445308e+00
0.000000000000000000e+00,-1.232974312996659716e-02,-4.030572776025787007e-02,-8.355684744508196093e-02,-1.414710977339143083e-01,-2.132052278472746920e-01,-2.976980392452550639e-01,-3.936871213624214549e-01,-4.997287605765589058e-01,-6.142207084349273760e-01,-7.354274500694970573e-01,-8.615075743031642697e-01,-9.905428138040197616e-01,-1.120568297307091177e+00,-1.249603536807947002e+00,-1.375683661041613881e+00,-1.496890402676184006e+00,-1.611382350534552366e+00,-1.717423989748689817e+00,-1.813413071865855875e+00,-1.897905883263836468e+00,-1.969640013377196741e+00,-2.027554263666028866e+00,-2.070805383350853290e+00,-2.098781367981144452e+00,-2.111111111111111160e+00,-2.107670256870033398e+00,-2.088583161128631183e+00,-2.054220930332695705e+00,-2.005195568932752526e+00,-1.942350327708280755e+00,-1.866746405199189329e+00,-1.779646211970911995e+00,-1.682493461645663047e+00,-1.576890402676183411e+00,-1.464572549930503342e+00,-1.347381314585724743e+00,-1.227234963973757642e+00,-1.106098369359576061e+00,-9.859520187476090713e-01,-8.687607834028305831e-01,-7.564429306571496259e-01,-6.508398716876707679e-01,-5.536871213624219301e-01,-4.665869281341441521e-01,-3.909830056250526154e-01,-3.281377644005808447e-01,-2.791124030006374435e-01,-2.447501722047024098e-01,-2.256630764633000830e-01,-2.222222222222223209e-01,-2.345519653521889181e-01,-2.625279499824801910e-01,-3.057790696673041708e-01,-3.636933199561366292e-01,-4.354274500694974570e-01,-5.199202614674767187e-01,-6.159093435846429987e-01,-7.219509827987806716e-01,-8.364429306571492528e-01,-9.576496722917189341e-01,-1.083729796525386257e+00,-1.212765036026242305e+00,-1.342790519529312832e+00,-1.471825759030169545e+00,-1.597905883263836202e+00,-1.719112624898406771e+00,-1.833604572756774687e+00,-1.939646211970911693e+00,-2.035635294088077085e+00,-2.120128105486058345e+00,-2.191862235599418618e+00,-2.249776485888251187e+00,-2.293027605573075611e+00,-2.321003590203366773e+00,-2.333333333333333481e+00,-2.329892479092255719e+00,-2.310805383350853504e+00,-2.276443152554918470e+00,-2.227417791154974402e+00,-2.164572549930503520e+00,-2.088968627421412538e+00,-2.001868434193135649e+00,-1.904715683867886256e+00,-1.799112624898407509e+00,-1.686794772152725663e+00,-1.569603536807947952e+00,-1.449457186195980185e+00,-1.328320591581798604e+00,-1.208174240969830837e+00,-1.090983005625053126e+00,-9.786651528793713917e-01,-8.730620939098923117e-01,-7.759093435846431408e-01,-6.888091503563672502e-01,-6.132052278472750473e-01,-5.503599866228037207e-01,-5.013346252228598754e-01,-4.669723944269247307e-01,-4.478852986855220708e-01,-4.444444444444446418e-01
0.000000000000000000e+00,-4.000000000000003553e-02,-8.000000000000007105e-02,-1.200000000000001066e-01,-1.599999999999999201e-01,-1.999999999999999556e-01,-2.399999999999999911e-01,-2.800000000000000266e-01,-3.200000000000000622e-01,-3.599999999999998757e-01,-3.999999999999999112e-01,-4.399999999999999467e-01,-4.799999999999999822e-01,-5.200000000000000178e-01,-5.600000000000000533e-01,-6.000000000000000888e-01,-6.400000000000001243e-01,-6.800000000000001599e-01,-7.199999999999999734e-01,-7.600000000000000089e-01,-8.000000000000000444e-01,-8.399999999999998579e-01,-8.799999999999998934e-01,-9.199999999999999289e-01,-9.599999999999999645e-01,-1.000000000000000000e+00,-1.040000000000000036e+00,-1.080000000000000071e+00,-1.120000000000000107e+00,-1.160000000000000142e+00,-1.200000000000000178e+00,-1.240000000000000213e+00,-1.280000000000000249e+00,-1.320000000000000284e+00,-1.360000000000000320e+00,-1.400000000000000355e+00,-1.439999999999999947e+00,-1.479999999999999982e+00,-1.520000000000000018e+00,-1.560000000000000053e+00,-1.600000000000000089e+00,-1.640000000000000124e+00,-1.679999999999999716e+00,-1.719999999999999751e+00,-1.759999999999999787e+00,-1.799999999999999822e+00,-1.839999999999999858e+00,-1.879999999999999893e+00,-1.919999999999999929e+00,-1.959999999999999964e+00,-2.000000000000000000e+00,-2.040000000000000036e+00,-2.080000000000000071e+00,-2.120000000000000107e+00,-2.160000000000000142e+00,-2.200000000000000178e+00,-2.239999999999999769e+00,-2.279999999999999805e+00,-2.319999999999999840e+00,-2.359999999999999876e+00,-2.399999999999999911e+00,-2.439999999999999947e+00,-2.479999999999999982e+00,-2.520000000000000018e+00,-2.560000000000000053e+00,-2.600000000000000089e+00,-2.640000000000000124e+00,-2.680000000000000160e+00,-2.719999999999999751e+00,-2.759999999999999787e+00,-2.799999999999999822e+00,-2.839999999999999858e+00,-2.879999999999999893e+00,-2.919999999999999929e+00,-2.959999999999999964e+00,-3.000000000000000000e+00,-3.040000000000000036e+00,-3.080000000000000071e+00,-3.120000000000000107e+00,-3.160000000000000142e+00,-3.200000000000000178e+00,-3.240000000000000213e+00,-3.279999999999999361e+00,-3.320000000000000284e+00,-3.359999999999999432e+00,-3.400000000000000355e+00,-3.439999999999999503e+00,-3.480000000000000426e+00,-3.519999999999999574e+00,-3.560000000000000497e+00,-3.599999999999999645e+00,-3.640000000000000568e+00,-3.679999999999999716e+00,-3.720000000000000639e+00,-3.759999999999999787e+00,-3.799999999999999822e+00,-3.839999999999999858e+00,-3.879999999999999893e+00,-3.919999999999999929e+00,-3.959999999999999964e+00,-4.000000000000000000e+00
0.000000000000000000e+00,-4.087716990114165228e-02,-8.350714075049570084e-02,-1.278852986855222307e-01,-1.740039629294949375e-01,-2.218523992661942668e-01,-2.714168388713688040e-01,-3.226805024679327838e-01,-3.756236297625189513e-01,-4.302235141117484174e-01,-4.864545423573990446e-01,-5.442882397605870448e-01,-6.036933199561363983e-01,-6.646357398394933114e-01,-7.270787592899006224e-01,-7.909830056250526376e-01,-8.563065426741602870e-01,-9.230049443482437610e-01,-9.910313725785884209e-01,-1.060336659486634581e+00,-1.130869393641141585e+00,-1.202576010251310112e+00,-1.275400885137624840e+00,-1.349286432315567996e+00,-1.424173205021003197e+00,-1.500000000000000000e+00,-1.576703964880138198e+00,-1.654220708434927412e+00,-1.732484413547897173e+00,-1.811427952678184905e+00,-1.890983005625052504e+00,-1.971080179384734343e+00,-2.051649129889344447e+00,-2.132618685414275461e+00,-2.213916971437588810e+00,-2.295471536732347051e+00,-2.377209480470686476e+00,-2.459057580116642772e+00,-2.540942419883356784e+00,-2.622790519529313080e+00,-2.704528463267653393e+00,-2.786083028562411634e+00,-2.867381314585724095e+00,-2.948350870110655109e+00,-3.028919820615265213e+00,-3.109016994374947274e+00,-3.188572047321814651e+00,-3.267515586452102827e+00,-3.345779291565072366e+00,-3.423296035119861358e+00,-3.500000000000000000e+00,-3.575826794978996581e+00,-3.650713567684431560e+00,-3.724599114862375160e+00,-3.797423989748689888e+00,-3.869130606358858415e+00,-3.939663340513364975e+00,-4.008968627421411135e+00,-4.076995055651756239e+00,-4.143693457325839269e+00,-4.209016994374946918e+00,-4.272921240710099156e+00,-4.335364260160506689e+00,-4.396306680043863935e+00,-4.455711760239412733e+00,-4.513545457642600844e+00,-4.569776485888251472e+00,-4.624376370237481382e+00,-4.677319497532066883e+00,-4.728583161128630863e+00,-4.778147600733805511e+00,-4.825996037070504840e+00,-4.872114701314477436e+00,-4.916492859249504299e+00,-4.959122830098857904e+00,-5.000000000000000000e+00,-5.039122830098857975e+00,-5.076492859249504441e+00,-5.112114701314477649e+00,-5.145996037070505125e+00,-5.178147600733805866e+00,-5.208583161128631289e+00,-5.237319497532066492e+00,-5.264376370237481950e+00,-5.289776485888251223e+00,-5.313545457642601555e+00,-5.335711760239412627e+00,-5.356306680043863899e+00,-5.375364260160505836e+00,-5.392921240710100150e+00,-5.409016994374947096e+00,-5.423693457325840406e+00,-5.436995055651756559e+00,-5.448968627421412414e+00,-5.459663340513365881e+00,-5.469130606358858948e+00,-5.477423989748690047e+00,-5.484599114862374947e+00,-5.490713567684432306e+00,-5.495826794978997398e+00,-5.500000000000000000e+00
0.000000000000000000e+00,-4.350714075049566532e-02,-9.400396292949508847e-02,-1.514168388713690305e-01,-2.156236297625189202e-01,-2.864545423573990890e-01,-3.636933199561364072e-01,-4.470787592899005958e-01,-5.363065426741603359e-01,-6.310313725785883232e-01,-7.308693936411417846e-01,-8.354008851376251155e-01,-9.441732050210033256e-01,-1.056703964880138402e+00,-1.172484413547897342e+00,-1.290983005625052860e+00,-1.411649129889344545e+00,-1.533916971437588650e+00,-1.657209480470686724e+00,-1.780942419883357219e+00,-1.904528463267653793e+00,-2.027381314585724681e+00,-2.148919820615265763e+00,-2.268572047321815166e+00,-2.385779291565072846e+00,-2.500000000000000000e+00,-2.610713567684431968e+00,-2.717423989748690261e+00,-2.819663340513365757e+00,-2.916995055651756985e+00,-3.009016994374947629e+00,-3.095364260160506920e+00,-3.175711760239413373e+00,-3.249776485888251631e+00,-3.317319497532067452e+00,-3.378147600733806044e+00,-3.432114701314477934e+00,-3.479122830098858365e+00,-3.519122830098858401e+00,-3.552114701314478040e+00,-3.578147600733805334e+00,-3.597319497532067256e+00,-3.609776485888251063e+00,-3.615711760239412431e+00,-3.615364260160506049e+00,-3.609016994374947274e+00,-3.596995055651755813e+00,-3.579663340513365100e+00,-3.557423989748689674e+00,-3.530713567684431453e+00,-3.499999999999999556e+00,-3.465779291565072029e+00,-3.428572047321814864e+00,-3.388919820615265088e+00,-3.347381314585724077e+00,-3.304528463267652594e+00,-3.260942419883356536e+00,-3.217209480470685889e+00,-3.173916971437587886e+00,-3.131649129889343630e+00,-3.090983005625052016e+00,-3.052484413547896125e+00,-3.016703964880137256e+00,-2.984173205021003472e+00,-2.955400885137625000e+00,-2.930869393641141407e+00,-2.911031372578588350e+00,-2.896306542674159878e+00,-2.887078759289900098e+00,-2.883693319956136314e+00,-2.886454542357398623e+00,-2.895623629762518636e+00,-2.911416838871368817e+00,-2.934003962929494946e+00,-2.963507140750495594e+00,-3.000000000000000000e+00,-3.043507140750495665e+00,-3.094003962929495088e+00,-3.151416838871369031e+00,-3.215623629762519364e+00,-3.286454542357399866e+00,-3.363693319956136740e+00,-3.447078759289900152e+00,-3.536306542674160891e+00,-3.631031372578588545e+00,-3.730869393641143006e+00,-3.835400885137625338e+00,-3.944173205021004769e+00,-4.056703964880138180e+00,-4.172484413547898008e+00,-4.290983005625053082e+00,-4.411649129889345211e+00,-4.533916971437588650e+00,-4.657209480470688057e+00,-4.780942419883356997e+00,-4.904528463267653571e+00,-5.027381314585724681e+00,-5.148919820615265763e+00,-5.268572047321815610e+00,-5.385779291565073734e+00,-5.500000000000000888e+00
0.000000000000000000e+00,-4.788529868552215962e-02,-1.114168388713689950e-01,-1.902235141117486483e-01,-2.836933199561363361e-01,-3.909830056250525043e-01,-5.110313725785884387e-01,-6.425760102513103922e-01,-7.841732050210034055e-01,-9.342207084349272161e-01,-1.090983005625052460e+00,-1.252618685414275124e+00,-1.417209480470686511e+00,-1.582790519529313489e+00,-1.747381314585724876e+00,-1.909016994374947540e+00,-2.065779291565073006e+00,-2.215826794978997150e+00,-2.357423989748689497e+00,-2.488968627421411561e+00,-2.609016994374947274e+00,-2.716306680043863331e+00,-2.809776485888251241e+00,-2.888583161128631005e+00,-2.952114701314477507e+00,-3.000000000000000000e+00,-3.032114701314478022e+00,-3.048583161128631147e+00,-3.049776485888251454e+00,-3.036306680043863615e+00,-3.009016994374947629e+00,-2.968968627421411988e+00,-2.917423989748689994e+00,-2.855826794978996830e+00,-2.785779291565072313e+00,-2.709016994374947807e+00,-2.627381314585724770e+00,-2.542790519529313009e+00,-2.457209480470686991e+00,-2.372618685414275674e+00,-2.290983005625053082e+00,-2.214220708434927687e+00,-2.144173205021003614e+00,-2.082576010251310450e+00,-2.031031372578588456e+00,-1.990983005625052371e+00,-1.963693319956136385e+00,-1.950223514111748546e+00,-1.951416838871368853e+00,-1.967885298685522200e+00,-2.000000000000000000e+00,-2.047885298685522049e+00,-2.111416838871368995e+00,-2.190223514111748759e+00,-2.283693319956136669e+00,-2.390983005625053170e+00,-2.511031372578587550e+00,-2.642576010251309171e+00,-2.784173205021002850e+00,-2.934220708434926550e+00,-3.090983005625052016e+00,-3.252618685414275124e+00,-3.417209480470686511e+00,-3.582790519529312601e+00,-3.747381314585724876e+00,-3.909016994374947096e+00,-4.065779291565073450e+00,-4.215826794978997150e+00,-4.357423989748689053e+00,-4.488968627421410673e+00,-4.609016994374947274e+00,-4.716306680043863331e+00,-4.809776485888251685e+00,-4.888583161128631005e+00,-4.952114701314477507e+00,-5.000000000000000000e+00,-5.032114701314478467e+00,-5.048583161128631147e+00,-5.049776485888251898e+00,-5.036306680043863615e+00,-5.009016994374947629e+00,-4.968968627421412876e+00,-4.917423989748690438e+00,-4.855826794978997718e+00,-4.785779291565073201e+00,-4.709016994374947807e+00,-4.627381314585725214e+00,-4.542790519529313897e+00,-4.457209480470686991e+00,-4.372618685414275674e+00,-4.290983005625053082e+00,-4.214220708434927687e+00,-4.144173205021003170e+00,-4.082576010251310450e+00,-4.031031372578588901e+00,-3.990983005625052371e+00,-3.963693319956136829e+00,-3.950223514111748546e+00,-3.951416838871368853e+00,-3.967885298685521978e+00,-4.000000000000000000e+00
9.629629629629629095e-01,9.496296296296296013e-01,9.362962962962962932e-01,9.229629629629629850e-01,9.096296296296295658e-01,8.962962962962962576e-01,8.829629629629629495e-01,8.696296296296295303e-01,8.562962962962963331e-01,8.429629629629629139e-01,8.296296296296296058e-01,8.162962962962962976e-01,8.029629629629628784e-01,7.896296296296295703e-01,7.762962962962962621e-01,7.629629629629629539e-01,7.496296296296296457e-01,7.362962962962962266e-01,7.229629629629629184e-01,7.096296296296296102e-01,6.962962962962961910e-01,6.829629629629629939e-01,6.696296296296295747e-01,6.562962962962962665e-01,6.429629629629629584e-01,6.296296296296295392e-01,6.162962962962962310e-01,6.029629629629629228e-01,5.896296296296295036e-01,5.762962962962963065e-01,5.629629629629628873e-01,5.496296296296295791e-01,5.362962962962962710e-01,5.229629629629628518e-01,5.096296296296295436e-01,4.962962962962961244e-01,4.829629629629629273e-01,4.696296296296295081e-01,4.562962962962961999e-01,4.429629629629627807e-01,4.296296296296294726e-01,4.162962962962961644e-01,4.029629629629628562e-01,3.896296296296295480e-01,3.762962962962961289e-01,3.629629629629628207e-01,3.496296296296295125e-01,3.362962962962960933e-01,3.229629629629628962e-01,3.096296296296294770e-01,2.962962962962961688e-01,2.829629629629628607e-01,2.696296296296294415e-01,2.562962962962961333e-01,2.429629629629628251e-01,2.296296296296294059e-01,2.162962962962962088e-01,2.029629629629629006e-01,1.896296296296295925e-01,1.762962962962961733e-01,1.629629629629628651e-01,1.496296296296295569e-01,1.362962962962961377e-01,1.229629629629628296e-01,1.096296296296294104e-01,9.629629629629610221e-02,8.296296296296279404e-02,6.962962962962937485e-02,5.629629629629617771e-02,4.296296296296286954e-02,2.962962962962956137e-02,1.629629629629614218e-02,2.962962962962834013e-03,-1.037037037037036313e-02,-2.370370370370378232e-02,-3.703703703703697947e-02,-5.037037037037039866e-02,-6.370370370370381785e-02,-7.703703703703723704e-02,-9.037037037037043419e-02,-1.037037037037038534e-01,-1.170370370370370505e-01,-1.303703703703704697e-01,-1.437037037037036669e-01,-1.570370370370370861e-01,-1.703703703703705052e-01,-1.837037037037037024e-01,-1.970370370370371216e-01,-2.103703703703705408e-01,-2.237037037037037379e-01,-2.370370370370371571e-01,-2.503703703703705763e-01,-2.637037037037037734e-01,-2.770370370370371926e-01,-2.903703703703703898e-01,-3.037037037037038090e-01,-3.170370370370370061e-01,-3.303703703703704253e-01,-3.437037037037038445e-01,-3.570370370370370416e-01,-3.703703703703704608e-01
9.629629629629629095e-01,9.487524597284879846e-01,9.327891555458006634e-01,9.150776642774408609e-01,8.956256667001345484e-01,8.744438970301019465e-01,8.515461240915941366e-01,8.269491271616968842e-01,8.006726665337773330e-01,7.727394488512143722e-01,7.431750872722304724e-01,7.120080565357091995e-01,6.792696430068265734e-01,6.449938897901362767e-01,6.092175370063956930e-01,5.719799573379104052e-01,5.333230869554694831e-01,4.932913519480526254e-01,4.519315903843744708e-01,4.092929701429951495e-01,3.654269026551545951e-01,3.203869527116527949e-01,2.742287444920045170e-01,2.270098639807280883e-01,1.787897579419597260e-01,1.296296296296297057e-01,7.959233141615801310e-02,2.874225452803558234e-02,-2.285478391826750721e-02,-7.513165638188840090e-02,-1.280200426620893839e-01,-1.814505497551044955e-01,-2.353528335930478999e-01,-2.896557224513123807e-01,-3.442873418079588355e-01,-3.991752404360504602e-01,-4.542465175077235462e-01,-5.094279504870133923e-01,-5.646461235870604556e-01,-6.198275565663503572e-01,-6.748988336380238318e-01,-7.297867322661153455e-01,-7.844183516227615227e-01,-8.387212404810260313e-01,-8.926235243189695190e-01,-9.460540314119845196e-01,-9.989424176921855025e-01,-1.051219290155806618e+00,-1.102816328602109319e+00,-1.153666405490231917e+00,-1.203703703703703720e+00,-1.252863832016033463e+00,-1.301083938054802047e+00,-1.348302818566078809e+00,-1.394461026785726698e+00,-1.439500976729228832e+00,-1.483367044217068997e+00,-1.526005664458448319e+00,-1.567365426022126584e+00,-1.607397161029543220e+00,-1.646054031411984253e+00,-1.683291611080469652e+00,-1.719067963864210125e+00,-1.753343717080900532e+00,-1.786082130609783380e+00,-1.817249161346304653e+00,-1.846813522925288442e+00,-1.874746740607851514e+00,-1.901023201235771065e+00,-1.925620198165668207e+00,-1.948517971104176016e+00,-1.969699740774208729e+00,-1.989151738351514931e+00,-2.006863229619874733e+00,-2.022826533802562388e+00,-2.037037037037037202e+00,-2.049493200469228782e+00,-2.060196562953207966e+00,-2.069151738351515224e+00,-2.076366407440875417e+00,-2.081851304437509320e+00,-2.085620198165668349e+00,-2.087689867902438046e+00,-2.088080073941184889e+00,-2.086813522925288655e+00,-2.083915828012971705e+00,-2.079415463943116826e+00,-2.073343717080900817e+00,-2.065734630530877247e+00,-2.056624944413803391e+00,-2.046054031411984830e+00,-2.034063827696210414e+00,-2.020698759355460616e+00,-2.006005664458449189e+00,-1.990033710883736262e+00,-1.972834310062562491e+00,-1.954461026785727196e+00,-1.934969485232745701e+00,-1.914417271388135999e+00,-1.892863832016034031e+00,-1.870370370370370905e+00
9.629629629629629095e-01,9.461224888791339716e-01,9.222923333668012758e-01,8.915461240915940611e-01,8.540059998671105657e-01,8.098417539388971242e-01,7.592696430068265334e-01,7.025508703397289612e-01,6.399897536221359484e-01,5.719315903843744664e-01,4.987602359884877323e-01,4.208954111586710733e-01,3.387897579419595906e-01,2.529256647494911303e-01,1.638118827483989737e-01,7.197995733791018313e-02,-2.201950025971474711e-02,-1.176206751412923468e-01,-2.142465175077237771e-01,-3.113127902537275449e-01,-4.082321669713575574e-01,-5.044183516227618291e-01,-5.992901909856362952e-01,-6.922757510255190816e-01,-7.828163286021098122e-01,-8.703703703703704608e-01,-9.544172713881357017e-01,-1.034461026785727267e+00,-1.110033710883736147e+00,-1.180698759355460314e+00,-1.246054031411984786e+00,-1.305734630530877238e+00,-1.359415463943116631e+00,-1.406813522925288495e+00,-1.447689867902437921e+00,-1.481851304437509675e+00,-1.509151738351514949e+00,-1.529493200469228764e+00,-1.542826533802562183e+00,-1.549151738351514984e+00,-1.548517971104176105e+00,-1.541023201235770745e+00,-1.526813522925288380e+00,-1.506082130609783132e+00,-1.479067963864210355e+00,-1.446054031411984298e+00,-1.407365426022126664e+00,-1.363367044217068891e+00,-1.314461026785726627e+00,-1.261083938054802012e+00,-1.203703703703703498e+00,-1.142816328602109355e+00,-1.078942417692185129e+00,-1.012623524318968737e+00,-9.444183516227608877e-01,-8.748988336380230102e-01,-8.046461235870605577e-01,-7.342465175077234063e-01,-6.642873418079583425e-01,-5.953528335930475812e-01,-5.280200426620890175e-01,-4.628547839182667323e-01,-4.004076685838413030e-01,-3.412102420580405138e-01,-2.857712555079955363e-01,-2.345730973448454382e-01,-1.880684096156253204e-01,-1.466769130445304548e-01,-1.107824629936043914e-01,-8.073035699317354652e-02,-5.682491272776946101e-02,-3.932733346622274695e-02,-2.845387590840597891e-02,-2.437433329986538055e-02,-2.721084445419941211e-02,-3.703703703703697947e-02,-5.387751112086613947e-02,-7.770766663319905732e-02,-1.084538759084063830e-01,-1.459940001328897674e-01,-1.901582460611034309e-01,-2.407303569931736886e-01,-2.974491296602712609e-01,-3.600102463778642736e-01,-4.280684096156260887e-01,-5.012397640115129338e-01,-5.791045888413296483e-01,-6.612102420580414641e-01,-7.470743352505091472e-01,-8.361881172516012484e-01,-9.280200426620902610e-01,-1.022019500259715441e+00,-1.117620675141292930e+00,-1.214246517507724832e+00,-1.311312790253727600e+00,-1.408232166971357557e+00,-1.504418351622762051e+00,-1.599290190985636517e+00,-1.692275751025519526e+00,-1.782816328602110367e+00,-1.870370370370371127e+00
9.629629629629629095e-01,9.417443309441074772e-01,9.048794574249273692e-01,8.527394488512144433e-01,7.859363096734931498e-01,7.053132906712437089e-01,6.119315903843745019e-01,5.070536193783192758e-01,3.921230912752929343e-01,2.687422545280355735e-01,1.386466240045770570e-01,3.677610882020954097e-03,-1.342465175077235395e-01,-2.731608898996838453e-01,-4.110850182894285609e-01,-5.460540314119843863e-01,-6.761496619354432358e-01,-7.995304986827005411e-01,-9.144610267857267161e-01,-1.019338997791781720e+00,-1.112720698078651038e+00,-1.193343717080900479e+00,-1.260146856258621773e+00,-1.312286864832334921e+00,-1.349151738351514807e+00,-1.370370370370370461e+00,-1.375818405018181645e+00,-1.365620198165668153e+00,-1.340146856258621622e+00,-1.300010383747567388e+00,-1.246054031411984564e+00,-1.179338997791782084e+00,-1.101127693452393475e+00,-1.012863832016033472e+00,-9.161496619354425608e-01,-8.127206980786514379e-01,-7.044183516227616737e-01,-5.931608898996836299e-01,-4.809131841743909952e-01,-3.696557224513129514e-01,-2.613533759954232982e-01,-1.579244121386311761e-01,-6.121024205804115326e-02,2.705361937831884944e-02,1.052649237177074593e-01,1.719799573379101609e-01,2.259363096734930965e-01,2.660727821845475516e-01,2.915461240915938612e-01,3.017443309441072419e-01,2.962962962962961688e-01,2.750776642774407366e-01,2.382127907582605175e-01,1.860727821845474805e-01,1.192696430068261870e-01,3.864662400457641311e-02,-5.473507628229157262e-02,-1.596130472883466878e-01,-2.745435753913731958e-01,-3.979244121386307231e-01,-5.280200426620893506e-01,-6.629890557846457311e-01,-8.009131841743905023e-01,-9.398275565663498643e-01,-1.077751684956095524e+00,-1.212720698078650905e+00,-1.342816328602110421e+00,-1.466197165349367282e+00,-1.581127693452393013e+00,-1.686005664458447573e+00,-1.779387364745317779e+00,-1.860010383747566998e+00,-1.926813522925288513e+00,-1.978953531499001439e+00,-2.015818405018181547e+00,-2.037037037037037202e+00,-2.042485071684848386e+00,-2.032286864832335116e+00,-2.006813522925289028e+00,-1.966677050414233907e+00,-1.912720698078651527e+00,-1.846005664458449491e+00,-1.767794360119061547e+00,-1.679530498682701101e+00,-1.582816328602111078e+00,-1.479387364745318401e+00,-1.371085018289429414e+00,-1.259827556566350593e+00,-1.147579850841057958e+00,-1.036322389117978915e+00,-9.280200426620901499e-01,-8.245910788052973617e-01,-7.278769087247072278e-01,-6.396130472883467810e-01,-5.614017429489598365e-01,-4.946867093287565798e-01,-4.407303569931739773e-01,-4.005938844821190781e-01,-3.751205425750728795e-01,-3.649223357225591657e-01,-3.703703703703704608e-01
9.629629629629629095e-01,9.614814814814814925e-01,9.599999999999999645e-01,9.585185185185185475e-01,9.570370370370370194e-01,9.555555555555554914e-01,9.540740740740740744e-01,9.525925925925925464e-01,9.511111111111111294e-01,9.496296296296296013e-01,9.481481481481481843e-01,9.466666666666666563e-01,9.451851851851851283e-01,9.437037037037037113e-01,9.422222222222221832e-01,9.407407407407407662e-01,9.392592592592592382e-01,9.377777777777777102e-01,9.362962962962962932e-01,9.348148148148147651e-01,9.333333333333333481e-01,9.318518518518518201e-01,9.303703703703702921e-01,9.288888888888888751e-01,9.274074074074073470e-01,9.259259259259259300e-01,9.244444444444444020e-01,9.229629629629629850e-01,9.214814814814814570e-01,9.199999999999999289e-01,9.185185185185185119e-01,9.170370370370369839e-01,9.155555555555555669e-01,9.140740740740740389e-01,9.125925925925926219e-01,9.111111111111110938e-01,9.096296296296295658e-01,9.081481481481481488e-01,9.066666666666666208e-01,9.051851851851850927e-01,9.037037037037036757e-01,9.022222222222221477e-01,9.007407407407407307e-01,8.992592592592592027e-01,8.977777777777777857e-01,8.962962962962962576e-01,8.948148148148147296e-01,8.933333333333333126e-01,8.918518518518517846e-01,8.903703703703703676e-01,8.888888888888888395e-01,8.874074074074074225e-01,8.859259259259258945e-01,8.844444444444443665e-01,8.829629629629629495e-01,8.814814814814814214e-01,8.800000000000000044e-01,8.785185185185184764e-01,8.770370370370370594e-01,8.755555555555555314e-01,8.740740740740740033e-01,8.725925925925925863e-01,8.711111111111110583e-01,8.696296296296295303e-01,8.681481481481481133e-01,8.666666666666666963e-01,8.651851851851851682e-01,8.637037037037036402e-01,8.622222222222222232e-01,8.607407407407406952e-01,8.592592592592591672e-01,8.577777777777777501e-01,8.562962962962962221e-01,8.548148148148148051e-01,8.533333333333332771e-01,8.518518518518518601e-01,8.503703703703703320e-01,8.488888888888888040e-01,8.474074074074073870e-01,8.459259259259258590e-01,8.444444444444443310e-01,8.429629629629629139e-01,8.414814814814814969e-01,8.399999999999999689e-01,8.385185185185184409e-01,8.370370370370370239e-01,8.355555555555554959e-01,8.340740740740739678e-01,8.325925925925925508e-01,8.311111111111111338e-01,8.296296296296294948e-01,8.281481481481480778e-01,8.266666666666666607e-01,8.251851851851851327e-01,8.237037037037036047e-01,8.222222222222221877e-01,8.207407407407407707e-01,8.192592592592591316e-01,8.177777777777777146e-01,8.162962962962962976e-01,8.148148148148147696e-01
9.629629629629629095e-01,9.606043115803398758e-01,9.564928592495043347e-01,9.506332198329964234e-01,9.430330741075420020e-01,9.337031562893611802e-01,9.226572352027052615e-01,9.099120901246597892e-01,8.954874813485922402e-01,8.794061155178810596e-01,8.616936057907489399e-01,8.423784269060795582e-01,8.214918652290487122e-01,7.990679638642104177e-01,7.751434629323216141e-01,7.497577351156882175e-01,7.229527165850990755e-01,6.947728334295341091e-01,6.652649237177078456e-01,6.344781553281803044e-01,6.024639396921916967e-01,5.692758416005416766e-01,5.349694852327453454e-01,4.996024565733206968e-01,4.632342023864041702e-01,4.259259259259260411e-01,3.877404795643061841e-01,3.487422545280355890e-01,3.089970679335843906e-01,2.685720473218152771e-01,2.275355128934661852e-01,1.859568576523029371e-01,1.439064256662114238e-01,1.014553886597987509e-01,5.867562115500421505e-02,1.563957437876450918e-02,-2.757985084105689377e-02,-7.090943196849483487e-02,-1.142757532166900625e-01,-1.576053343441280452e-01,-2.008247595639496563e-01,-2.438608063401893622e-01,-2.866405738449837037e-01,-3.290916108513963212e-01,-3.711420428374878622e-01,-4.127206980786510826e-01,-4.537572325070002299e-01,-4.941822531187695100e-01,-5.339274397132205419e-01,-5.729256647494911370e-01,-6.111111111111109384e-01,-6.484193875715890121e-01,-6.847876417585057052e-01,-7.201546704179304648e-01,-7.544610267857266850e-01,-7.876491248773768161e-01,-8.196633405133650907e-01,-8.504501089028928540e-01,-8.799580186147193395e-01,-9.081379017702838619e-01,-9.349429203008730038e-01,-9.603286481175066225e-01,-9.842531490493953150e-01,-1.006677050414233943e+00,-1.027563612091264567e+00,-1.046878790975934059e+00,-1.064591300703066290e+00,-1.080672666533777360e+00,-1.095097275309844909e+00,-1.107842420387890270e+00,-1.118888341474546300e+00,-1.128218259292727232e+00,-1.135818405018181432e+00,-1.141678044434689676e+00,-1.145789496765525106e+00,-1.148148148148148140e+00,-1.148752459728488162e+00,-1.147603970360615566e+00,-1.144707293907070600e+00,-1.140070111144579013e+00,-1.133703156289361358e+00,-1.125620198165668384e+00,-1.115838016050586079e+00,-1.104376370237481364e+00,-1.091257967369733128e+00,-1.076508420605564176e+00,-1.060156204683857517e+00,-1.042232605969789727e+00,-1.022771667567914156e+00,-1.001810129598988519e+00,-9.793873647453179565e-01,-9.555453091776917596e-01,-9.303283889850901822e-01,-9.037834422362267528e-01,-8.759596368096622676e-01,-8.469083841366366050e-01,-8.166832490079496409e-01,-7.853398556031161437e-01,-7.529357899066544402e-01,-7.195304986827009142e-01,-6.851851851851856745e-01
9.629629629629629095e-01,9.579743407309858627e-01,9.459960370705049471e-01,9.271016796471496235e-01,9.014134072745180193e-01,8.691010131981563580e-01,8.303807541179376583e-01,7.855138333026919772e-01,7.348045684369508557e-01,6.785982570510411538e-01,6.172787545070061999e-01,5.512657815290414876e-01,4.810119801641818404e-01,4.069997388235652158e-01,3.297378086743248948e-01,2.497577351156879399e-01,1.676101293699149009e-01,8.386080634018917845e-02,-9.131841743904300923e-04,-8.612760506854236220e-02,-1.711951299343204558e-01,-2.555294627338730029e-01,-3.385494502448954668e-01,-4.196831584329265286e-01,-4.983718841576653680e-01,-5.740740740740741810e-01,-6.462691232399875307e-01,-7.144610267857272046e-01,-7.781818590318843043e-01,-8.369950556517566920e-01,-8.904984758564291614e-01,-9.383272231234698335e-01,-9.801562046838573350e-01,-1.015702411814177530e+00,-1.044726904939474732e+00,-1.067036489622694706e+00,-1.082485071684848199e+00,-1.090974681950710234e+00,-1.092456163432191651e+00,-1.086929516129292672e+00,-1.074443897030101791e+00,-1.055097275309844873e+00,-1.029035745147510506e+00,-9.964525009801533662e-01,-9.575864823827286987e-01,-9.127206980786509716e-01,-8.621802408369414472e-01,-8.063300071800317825e-01,-7.455721378968378499e-01,-6.803431973140611211e-01,-6.111111111111108274e-01,-5.383718841576647929e-01,-4.626461213958886765e-01,-3.844753761708205042e-01,-3.044183516227608743e-01,-2.230469817861710502e-01,-1.409424198833567621e-01,-5.869096195216778888e-02,2.312006559944906892e-02,1.039064256662118185e-01,1.830910684490221763e-01,2.601081790446962971e-01,3.344071462309736176e-01,4.054564246086262425e-01,4.727472630105231666e-01,5.357972730255251559e-01,5.941538126065970538e-01,6.473971610295438106e-01,6.951434629323216541e-01,7.370474207846042791e-01,7.728047169018601448e-01,8.021541480152588610e-01,8.248794574249274092e-01,8.408108518853197877e-01,8.498261925828376473e-01,8.518518518518518601e-01,8.468632296198745912e-01,8.348849259593935646e-01,8.159905685360382410e-01,7.903022961634065258e-01,7.579899020870448645e-01,7.192696430068262758e-01,6.744027221915807058e-01,6.236934573258393621e-01,5.674871459399294382e-01,5.061676433958945953e-01,4.401546704179295499e-01,3.699008690530696808e-01,2.958886277124539999e-01,2.186266975632136234e-01,1.386466240045764464e-01,5.649901825880312978e-02,-2.725030477092260650e-02,-1.120242952855024232e-01,-1.972387161796534671e-01,-2.823062410454315607e-01,-3.666405738449842744e-01,-4.496605613560069603e-01,-5.307942695440380776e-01,-6.094829952687770280e-01,-6.851851851851858966e-01
9.629629629629629095e-01,9.535961827959593684e-01,9.285831611286310405e-01,8.882950044067700057e-01,8.333437170809006034e-01,7.645725499305029427e-01,6.830427014954856269e-01,5.900165823412821808e-01,4.869379060901077305e-01,3.754089211947022608e-01,2.571651425230955801e-01,1.340479812523913683e-01,7.975704714498682568e-03,-1.190868158256097181e-01,-2.451590923635026120e-01,-3.682762536342066295e-01,-4.865200323058135323e-01,-5.980490172012190575e-01,-7.011276934523933413e-01,-7.941538126065965653e-01,-8.756836610416139921e-01,-9.444548281920116528e-01,-9.994061155178810552e-01,-1.039694272239742201e+00,-1.064707293907070307e+00,-1.074074074074074181e+00,-1.067670256870033363e+00,-1.045620198165668091e+00,-1.008295004406769779e+00,-9.563066800438637660e-01,-8.904984758564289393e-01,-8.119315903843745685e-01,-7.218684341931340676e-01,-6.217527209049222847e-01,-5.131866989724795936e-01,-3.979058832638364684e-01,-2.777516849560950352e-01,-1.546423713811650724e-01,-3.054281380402051882e-02,9.256649977090941617e-02,2.127206980786509050e-01,3.280015137872948627e-01,4.365675357197367212e-01,5.366832490079485041e-01,6.267464051991891161e-01,7.053132906712435979e-01,7.711214948586784246e-01,8.231098192215847709e-01,8.604350129804827496e-01,8.824850716848481325e-01,8.888888888888888395e-01,8.795221087218852984e-01,8.545090870545569706e-01,8.142209303326957137e-01,7.592696430068263114e-01,6.904984758564284286e-01,6.089686274214122230e-01,5.159425082672088880e-01,4.128638320160342157e-01,3.013348471206286350e-01,1.830910684490217877e-01,5.997390717831729834e-02,-6.609836935957562332e-02,-1.931608898996831081e-01,-3.192331664375769318e-01,-4.423503277082804774e-01,-5.605941063798881574e-01,-6.721230912752930164e-01,-7.752017675264670782e-01,-8.682278866806698581e-01,-9.497577351156880621e-01,-1.018528902266085279e+00,-1.073480189591955014e+00,-1.113768346313816160e+00,-1.138781367981144488e+00,-1.148148148148148140e+00,-1.141744330944107766e+00,-1.119694272239742272e+00,-1.082369078480844404e+00,-1.030380754117937503e+00,-9.645725499305033424e-01,-8.860056644584494157e-01,-7.959425082672098029e-01,-6.958267949789973539e-01,-5.872607730465555509e-01,-4.719799573379108715e-01,-3.518257590301702153e-01,-2.287164454552394199e-01,-1.046168878780948663e-01,1.849242569683598458e-02,1.386466240045765574e-01,2.539274397132212924e-01,3.624934616456631509e-01,4.626091749338755443e-01,5.526723311251142690e-01,6.312392165971694169e-01,6.970474207846037995e-01,7.490357451475104789e-01,7.863609389064086796e-01,8.084109976107740625e-01,8.148148148148147696e-01
9.629629629629629095e-01,9.614814814814814925e-01,9.599999999999999645e-01,9.585185185185185475e-01,9.570370370370370194e-01,9.555555555555554914e-01,9.540740740740740744e-01,9.525925925925925464e-01,9.511111111111111294e-01,9.496296296296296013e-01,9.481481481481481843e-01,9.466666666666666563e-01,9.451851851851851283e-01,9.437037037037037113e-01,9.422222222222221832e-01,9.407407407407407662e-01,9.392592592592592382e-01,9.377777777777777102e-01,9.362962962962962932e-01,9.348148148148147651e-01,9.333333333333333481e-01,9.318518518518518201e-01,9.303703703703702921e-01,9.288888888888888751e-01,9.274074074074073470e-01,9.259259259259259300e-01,9.244444444444444020e-01,9.229629629629629850e-01,9.214814814814814570e-01,9.199999999999999289e-01,9.185185185185185119e-01,9.170370370370369839e-01,9.155555555555555669e-01,9.140740740740740389e-01,9.125925925925926219e-01,9.111111111111110938e-01,9.096296296296295658e-01,9.081481481481481488e-01,9.066666666666666208e-01,9.051851851851850927e-01,9.037037037037036757e-01,9.022222222222221477e-01,9.007407407407407307e-01,8.992592592592592027e-01,8.977777777777777857e-01,8.962962962962962576e-01,8.948148148148147296e-01,8.933333333333333126e-01,8.918518518518517846e-01,8.903703703703703676e-01,8.888888888888888395e-01,8.874074074074074225e-01,8.859259259259258945e-01,8.844444444444443665e-01,8.829629629629629495e-01,8.814814814814814214e-01,8.800000000000000044e-01,8.785185185185184764e-01,8.770370370370370594e-01,8.755555555555555314e-01,8.740740740740740033e-01,8.725925925925925863e-01,8.711111111111110583e-01,8.696296296296295303e-01,8.681481481481481133e-01,8.666666666666666963e-01,8.651851851851851682e-01,8.637037037037036402e-01,8.622222222222222232e-01,8.607407407407406952e-01,8.592592592592591672e-01,8.577777777777777501e-01,8.562962962962962221e-01,8.548148148148148051e-01,8.533333333333332771e-01,8.518518518518518601e-01,8.503703703703703320e-01,8.488888888888888040e-01,8.474074074074073870e-01,8.459259259259258590e-01,8.444444444444443310e-01,8.429629629629629139e-01,8.414814814814814969e-01,8.399999999999999689e-01,8.385185185185184409e-01,8.370370370370370239e-01,8.355555555555554959e-01,8.340740740740739678e-01,8.325925925925925508e-01,8.311111111111111338e-01,8.296296296296294948e-01,8.281481481481480778e-01,8.266666666666666607e-01,8.251851851851851327e-01,8.237037037037036047e-01,8.222222222222221877e-01,8.207407407407407707e-01,8.192592592592591316e-01,8.177777777777777146e-01,8.162962962962962976e-01,8.148148148148147696e-01
9.629629629629629095e-01,9.606043115803398758e-01,9.564928592495043347e-01,9.506332198329964234e-01,9.430330741075420020e-01,9.337031562893611802e-01,9.226572352027052615e-01,9.099120901246597892e-01,8.954874813485922402e-01,8.794061155178810596e-01,8.616936057907489399e-01,8.423784269060795582e-01,8.214918652290487122e-01,7.990679638642104177e-01,7.751434629323216141e-01,7.497577351156882175e-01,7.229527165850990755e-01,6.947728334295341091e-01,6.652649237177078456e-01,6.344781553281803044e-01,6.024639396921916967e-01,5.692758416005416766e-01,5.349694852327453454e-01,4.996024565733206968e-01,4.632342023864041702e-01,4.259259259259260411e-01,3.877404795643061841e-01,3.487422545280355890e-01,3.089970679335843906e-01,2.685720473218152771e-01,2.275355128934661852e-01,1.859568576523029371e-01,1.439064256662114238e-01,1.014553886597987509e-01,5.867562115500421505e-02,1.563957437876450918e-02,-2.757985084105689377e-02,-7.090943196849483487e-02,-1.142757532166900625e-01,-1.576053343441280452e-01,-2.008247595639496563e-01,-2.438608063401893622e-01,-2.866405738449837037e-01,-3.290916108513963212e-01,-3.711420428374878622e-01,-4.127206980786510826e-01,-4.537572325070002299e-01,-4.941822531187695100e-01,-5.339274397132205419e-01,-5.729256647494911370e-01,-6.111111111111109384e-01,-6.484193875715890121e-01,-6.847876417585057052e-01,-7.201546704179304648e-01,-7.544610267857266850e-01,-7.876491248773768161e-01,-8.196633405133650907e-01,-8.504501089028928540e-01,-8.799580186147193395e-01,-9.081379017702838619e-01,-9.349429203008730038e-01,-9.603286481175066225e-01,-9.842531490493953150e-01,-1.006677050414233943e+00,-1.027563612091264567e+00,-1.046878790975934059e+00,-1.064591300703066290e+00,-1.080672666533777360e+00,-1.095097275309844909e+00,-1.107842420387890270e+00,-1.118888341474546300e+00,-1.128218259292727232e+00,-1.135818405018181432e+00,-1.141678044434689676e+00,-1.145789496765525106e+00,-1.148148148148148140e+00,-1.148752459728488162e+00,-1.147603970360615566e+00,-1.144707293907070600e+00,-1.140070111144579013e+00,-1.133703156289361358e+00,-1.125620198165668384e+00,-1.115838016050586079e+00,-1.104376370237481364e+00,-1.091257967369733128e+00,-1.076508420605564176e+00,-1.060156204683857517e+00,-1.042232605969789727e+00,-1.022771667567914156e+00,-1.001810129598988519e+00,-9.793873647453179565e-01,-9.555453091776917596e-01,-9.303283889850901822e-01,-9.037834422362267528e-01,-8.759596368096622676e-01,-8.469083841366366050e-01,-8.166832490079496409e-01,-7.853398556031161437e-01,-7.529357899066544402e-01,-7.195304986827009142e-01,-6.851851851851856745e-01
9.629629629629629095e-01,9.579743407309858627e-01,9.459960370705049471e-01,9.271016796471496235e-01,9.014134072745180193e-01,8.691010131981563580e-01,8.303807541179376583e-01,7.855138333026919772e-01,7.348045684369508557e-01,6.785982570510411538e-01,6.172787545070061999e-01,5.512657815290414876e-01,4.810119801641818404e-01,4.069997388235652158e-01,3.297378086743248948e-01,2.497577351156879399e-01,1.676101293699149009e-01,8.386080634018917845e-02,-9.131841743904300923e-04,-8.612760506854236220e-02,-1.711951299343204558e-01,-2.555294627338730029e-01,-3.385494502448954668e-01,-4.196831584329265286e-01,-4.983718841576653680e-01,-5.740740740740741810e-01,-6.462691232399875307e-01,-7.144610267857272046e-01,-7.781818590318843043e-01,-8.369950556517566920e-01,-8.904984758564291614e-01,-9.383272231234698335e-01,-9.801562046838573350e-01,-1.015702411814177530e+00,-1.044726904939474732e+00,-1.067036489622694706e+00,-1.082485071684848199e+00,-1.090974681950710234e+00,-1.092456163432191651e+00,-1.086929516129292672e+00,-1.074443897030101791e+00,-1.055097275309844873e+00,-1.029035745147510506e+00,-9.964525009801533662e-01,-9.575864823827286987e-01,-9.127206980786509716e-01,-8.621802408369414472e-01,-8.063300071800317825e-01,-7.455721378968378499e-01,-6.803431973140611211e-01,-6.111111111111108274e-01,-5.383718841576647929e-01,-4.626461213958886765e-01,-3.844753761708205042e-01,-3.044183516227608743e-01,-2.230469817861710502e-01,-1.409424198833567621e-01,-5.869096195216778888e-02,2.312006559944906892e-02,1.039064256662118185e-01,1.830910684490221763e-01,2.601081790446962971e-01,3.344071462309736176e-01,4.054564246086262425e-01,4.727472630105231666e-01,5.357972730255251559e-01,5.941538126065970538e-01,6.473971610295438106e-01,6.951434629323216541e-01,7.370474207846042791e-01,7.728047169018601448e-01,8.021541480152588610e-01,8.248794574249274092e-01,8.408108518853197877e-01,8.498261925828376473e-01,8.518518518518518601e-01,8.468632296198745912e-01,8.348849259593935646e-01,8.159905685360382410e-01,7.903022961634065258e-01,7.579899020870448645e-01,7.192696430068262758e-01,6.744027221915807058e-01,6.236934573258393621e-01,5.674871459399294382e-01,5.061676433958945953e-01,4.401546704179295499e-01,3.699008690530696808e-01,2.958886277124539999e-01,2.186266975632136234e-01,1.386466240045764464e-01,5.649901825880312978e-02,-2.725030477092260650e-02,-1.120242952855024232e-01,-1.972387161796534671e-01,-2.823062410454315607e-01,-3.666405738449842744e-01,-4.496605613560069603e-01,-5.307942695440380776e-01,-6.094829952687770280e-01,-6.851851851851858966e-01
9.629629629629629095e-01,9.535961827959593684e-01,9.285831611286310405e-01,8.882950044067700057e-01,8.333437170809006034e-01,7.645725499305029427e-01,6.830427014954856269e-01,5.900165823412821808e-01,4.869379060901077305e-01,3.754089211947022608e-01,2.571651425230955801e-01,1.340479812523913683e-01,7.975704714498682568e-03,-1.190868158256097181e-01,-2.451590923635026120e-01,-3.682762536342066295e-01,-4.865200323058135323e-01,-5.980490172012190575e-01,-7.011276934523933413e-01,-7.941538126065965653e-01,-8.756836610416139921e-01,-9.444548281920116528e-01,-9.994061155178810552e-01,-1.039694272239742201e+00,-1.064707293907070307e+00,-1.074074074074074181e+00,-1.067670256870033363e+00,-1.045620198165668091e+00,-1.008295004406769779e+00,-9.563066800438637660e-01,-8.904984758564289393e-01,-8.119315903843745685e-01,-7.218684341931340676e-01,-6.217527209049222847e-01,-5.131866989724795936e-01,-3.979058832638364684e-01,-2.777516849560950352e-01,-1.546423713811650724e-01,-3.054281380402051882e-02,9.256649977090941617e-02,2.127206980786509050e-01,3.280015137872948627e-01,4.365675357197367212e-01,5.366832490079485041e-01,6.267464051991891161e-01,7.053132906712435979e-01,7.711214948586784246e-01,8.231098192215847709e-01,8.604350129804827496e-01,8.824850716848481325e-01,8.888888888888888395e-01,8.795221087218852984e-01,8.545090870545569706e-01,8.142209303326957137e-01,7.592696430068263114e-01,6.904984758564284286e-01,6.089686274214122230e-01,5.159425082672088880e-01,4.128638320160342157e-01,3.013348471206286350e-01,1.830910684490217877e-01,5.997390717831729834e-02,-6.609836935957562332e-02,-1.931608898996831081e-01,-3.192331664375769318e-01,-4.423503277082804774e-01,-5.605941063798881574e-01,-6.721230912752930164e-01,-7.752017675264670782e-01,-8.682278866806698581e-01,-9.497577351156880621e-01,-1.018528902266085279e+00,-1.073480189591955014e+00,-1.113768346313816160e+00,-1.138781367981144488e+00,-1.148148148148148140e+00,-1.141744330944107766e+00,-1.119694272239742272e+00,-1.082369078480844404e+00,-1.030380754117937503e+00,-9.645725499305033424e-01,-8.860056644584494157e-01,-7.959425082672098029e-01,-6.958267949789973539e-01,-5.872607730465555509e-01,-4.719799573379108715e-01,-3.518257590301702153e-01,-2.287164454552394199e-01,-1.046168878780948663e-01,1.849242569683598458e-02,1.386466240045765574e-01,2.539274397132212924e-01,3.624934616456631509e-01,4.626091749338755443e-01,5.526723311251142690e-01,6.312392165971694169e-01,6.970474207846037995e-01,7.490357451475104789e-01,7.863609389064086796e-01,8.084109976107740625e-01,8.148148148148147696e-01
9.629629629629629095e-01,9.496296296296296013e-01,9.362962962962962932e-01,9.229629629629629850e-01,9.096296296296295658e-01,8.962962962962962576e-01,8.829629629629629495e-01,8.696296296296295303e-01,8.562962962962963331e-01,8.429629629629629139e-01,8.296296296296296058e-01,8.162962962962962976e-01,8.029629629629628784e-01,7.896296296296295703e-01,7.762962962962962621e-01,7.629629629629629539e-01,7.496296296296296457e-01,7.362962962962962266e-01,7.229629629629629184e-01,7.096296296296296102e-01,6.962962962962961910e-01,6.829629629629629939e-01,6.696296296296295747e-01,6.562962962962962665e-01,6.429629629629629584e-01,6.296296296296295392e-01,6.162962962962962310e-01,6.029629629629629228e-01,5.896296296296295036e-01,5.762962962962963065e-01,5.629629629629628873e-01,5.496296296296295791e-01,5.362962962962962710e-01,5.229629629629628518e-01,5.096296296296295436e-01,4.962962962962961244e-01,4.829629629629629273e-01,4.696296296296295081e-01,4.562962962962961999e-01,4.429629629629627807e-01,4.296296296296294726e-01,4.162962962962961644e-01,4.029629629629628562e-01,3.896296296296295480e-01,3.762962962962961289e-01,3.629629629629628207e-01,3.496296296296295125e-01,3.362962962962960933e-01,3.229629629629628962e-01,3.096296296296294770e-01,2.962962962962961688e-01,2.829629629629628607e-01,2.696296296296294415e-01,2.562962962962961333e-01,2.429629629629628251e-01,2.296296296296294059e-01,2.162962962962962088e-01,2.029629629629629006e-01,1.896296296296295925e-01,1.762962962962961733e-01,1.629629629629628651e-01,1.496296296296295569e-01,1.362962962962961377e-01,1.229629629629628296e-01,1.096296296296294104e-01,9.629629629629610221e-02,8.296296296296279404e-02,6.962962962962937485e-02,5.629629629629617771e-02,4.296296296296286954e-02,2.962962962962956137e-02,1.629629629629614218e-02,2.962962962962834013e-03,-1.037037037037036313e-02,-2.370370370370378232e-02,-3.703703703703697947e-02,-5.037037037037039866e-02,-6.370370370370381785e-02,-7.703703703703723704e-02,-9.037037037037043419e-02,-1.037037037037038534e-01,-1.170370370370370505e-01,-1.303703703703704697e-01,-1.437037037037036669e-01,-1.570370370370370861e-01,-1.703703703703705052e-01,-1.837037037037037024e-01,-1.970370370370371216e-01,-2.103703703703705408e-01,-2.237037037037037379e-01,-2.370370370370371571e-01,-2.503703703703705763e-01,-2.637037037037037734e-01,-2.770370370370371926e-01,-2.903703703703703898e-01,-3.037037037037038090e-01,-3.170370370370370061e-01,-3.303703703703704253e-01,-3.437037037037038445e-01,-3.570370370370370416e-01,-3.703703703703704608e-01
9.629629629629629095e-01,9.487524597284879846e-01,9.327891555458006634e-01,9.150776642774408609e-01,8.956256667001345484e-01,8.744438970301019465e-01,8.515461240915941366e-01,8.269491271616968842e-01,8.006726665337773330e-01,7.727394488512143722e-01,7.431750872722304724e-01,7.120080565357091995e-01,6.792696430068265734e-01,6.449938897901362767e-01,6.092175370063956930e-01,5.719799573379104052e-01,5.333230869554694831e-01,4.932913519480526254e-01,4.519315903843744708e-01,4.092929701429951495e-01,3.654269026551545951e-01,3.203869527116527949e-01,2.742287444920045170e-01,2.270098639807280883e-01,1.787897579419597260e-01,1.296296296296297057e-01,7.959233141615801310e-02,2.874225452803558234e-02,-2.285478391826750721e-02,-7.513165638188840090e-02,-1.280200426620893839e-01,-1.814505497551044955e-01,-2.353528335930478999e-01,-2.896557224513123807e-01,-3.442873418079588355e-01,-3.991752404360504602e-01,-4.542465175077235462e-01,-5.094279504870133923e-01,-5.646461235870604556e-01,-6.198275565663503572e-01,-6.748988336380238318e-01,-7.297867322661153455e-01,-7.844183516227615227e-01,-8.387212404810260313e-01,-8.926235243189695190e-01,-9.460540314119845196e-01,-9.989424176921855025e-01,-1.051219290155806618e+00,-1.102816328602109319e+00,-1.153666405490231917e+00,-1.203703703703703720e+00,-1.252863832016033463e+00,-1.301083938054802047e+00,-1.348302818566078809e+00,-1.394461026785726698e+00,-1.439500976729228832e+00,-1.483367044217068997e+00,-1.526005664458448319e+00,-1.567365426022126584e+00,-1.607397161029543220e+00,-1.646054031411984253e+00,-1.683291611080469652e+00,-1.719067963864210125e+00,-1.753343717080900532e+00,-1.786082130609783380e+00,-1.817249161346304653e+00,-1.846813522925288442e+00,-1.874746740607851514e+00,-1.901023201235771065e+00,-1.925620198165668207e+00,-1.948517971104176016e+00,-1.969699740774208729e+00,-1.989151738351514931e+00,-2.006863229619874733e+00,-2.022826533802562388e+00,-2.037037037037037202e+00,-2.049493200469228782e+00,-2.060196562953207966e+00,-2.069151738351515224e+00,-2.076366407440875417e+00,-2.081851304437509320e+00,-2.085620198165668349e+00,-2.087689867902438046e+00,-2.088080073941184889e+00,-2.086813522925288655e+00,-2.083915828012971705e+00,-2.079415463943116826e+00,-2.073343717080900817e+00,-2.065734630530877247e+00,-2.056624944413803391e+00,-2.046054031411984830e+00,-2.034063827696210414e+00,-2.020698759355460616e+00,-2.006005664458449189e+00,-1.990033710883736262e+00,-1.972834310062562491e+00,-1.954461026785727196e+00,-1.934969485232745701e+00,-1.914417271388135999e+00,-1.892863832016034031e+00,-1.870370370370370905e+00
9.629629629629629095e-01,9.461224888791339716e-01,9.222923333668012758e-01,8.915461240915940611e-01,8.540059998671105657e-01,8.098417539388971242e-01,7.592696430068265334e-01,7.025508703397289612e-01,6.399897536221359484e-01,5.719315903843744664e-01,4.987602359884877323e-01,4.208954111586710733e-01,3.387897579419595906e-01,2.529256647494911303e-01,1.638118827483989737e-01,7.197995733791018313e-02,-2.201950025971474711e-02,-1.176206751412923468e-01,-2.142465175077237771e-01,-3.113127902537275449e-01,-4.082321669713575574e-01,-5.044183516227618291e-01,-5.992901909856362952e-01,-6.922757510255190816e-01,-7.828163286021098122e-01,-8.703703703703704608e-01,-9.544172713881357017e-01,-1.034461026785727267e+00,-1.110033710883736147e+00,-1.180698759355460314e+00,-1.246054031411984786e+00,-1.305734630530877238e+00,-1.359415463943116631e+00,-1.406813522925288495e+00,-1.447689867902437921e+00,-1.481851304437509675e+00,-1.509151738351514949e+00,-1.529493200469228764e+00,-1.542826533802562183e+00,-1.549151738351514984e+00,-1.548517971104176105e+00,-1.541023201235770745e+00,-1.526813522925288380e+00,-1.506082130609783132e+00,-1.479067963864210355e+00,-1.446054031411984298e+00,-1.407365426022126664e+00,-1.363367044217068891e+00,-1.314461026785726627e+00,-1.261083938054802012e+00,-1.203703703703703498e+00,-1.142816328602109355e+00,-1.078942417692185129e+00,-1.012623524318968737e+00,-9.444183516227608877e-01,-8.748988336380230102e-01,-8.046461235870605577e-01,-7.342465175077234063e-01,-6.642873418079583425e-01,-5.953528335930475812e-01,-5.280200426620890175e-01,-4.628547839182667323e-01,-4.004076685838413030e-01,-3.412102420580405138e-01,-2.857712555079955363e-01,-2.345730973448454382e-01,-1.880684096156253204e-01,-1.466769130445304548e-01,-1.107824629936043914e-01,-8.073035699317354652e-02,-5.682491272776946101e-02,-3.932733346622274695e-02,-2.845387590840597891e-02,-2.437433329986538055e-02,-2.721084445419941211e-02,-3.703703703703697947e-02,-5.387751112086613947e-02,-7.770766663319905732e-02,-1.084538759084063830e-01,-1.459940001328897674e-01,-1.901582460611034309e-01,-2.407303569931736886e-01,-2.974491296602712609e-01,-3.600102463778642736e-01,-4.280684096156260887e-01,-5.012397640115129338e-01,-5.791045888413296483e-01,-6.612102420580414641e-01,-7.470743352505091472e-01,-8.361881172516012484e-01,-9.280200426620902610e-01,-1.022019500259715441e+00,-1.117620675141292930e+00,-1.214246517507724832e+00,-1.311312790253727600e+00,-1.408232166971357557e+00,-1.504418351622762051e+00,-1.599290190985636517e+00,-1.692275751025519526e+00,-1.782816328602110367e+00,-1.870370370370371127e+00
9.629629629629629095e-01,9.417443309441074772e-01,9.048794574249273692e-01,8.527394488512144433e-01,7.859363096734931498e-01,7.053132906712437089e-01,6.119315903843745019e-01,5.070536193783192758e-01,3.921230912752929343e-01,2.687422545280355735e-01,1.386466240045770570e-01,3.677610882020954097e-03,-1.342465175077235395e-01,-2.731608898996838453e-01,-4.110850182894285609e-01,-5.460540314119843863e-01,-6.761496619354432358e-01,-7.995304986827005411e-01,-9.144610267857267161e-01,-1.019338997791781720e+00,-1.112720698078651038e+00,-1.193343717080900479e+00,-1.260146856258621773e+00,-1.312286864832334921e+00,-1.349151738351514807e+00,-1.370370370370370461e+00,-1.375818405018181645e+00,-1.365620198165668153e+00,-1.340146856258621622e+00,-1.300010383747567388e+00,-1.246054031411984564e+00,-1.179338997791782084e+00,-1.101127693452393475e+00,-1.012863832016033472e+00,-9.161496619354425608e-01,-8.127206980786514379e-01,-7.044183516227616737e-01,-5.931608898996836299e-01,-4.809131841743909952e-01,-3.696557224513129514e-01,-2.613533759954232982e-01,-1.579244121386311761e-01,-6.121024205804115326e-02,2.705361937831884944e-02,1.052649237177074593e-01,1.719799573379101609e-01,2.259363096734930965e-01,2.660727821845475516e-01,2.915461240915938612e-01,3.017443309441072419e-01,2.962962962962961688e-01,2.750776642774407366e-01,2.382127907582605175e-01,1.860727821845474805e-01,1.192696430068261870e-01,3.864662400457641311e-02,-5.473507628229157262e-02,-1.596130472883466878e-01,-2.745435753913731958e-01,-3.979244121386307231e-01,-5.280200426620893506e-01,-6.629890557846457311e-01,-8.009131841743905023e-01,-9.398275565663498643e-01,-1.077751684956095524e+00,-1.212720698078650905e+00,-1.342816328602110421e+00,-1.466197165349367282e+00,-1.581127693452393013e+00,-1.686005664458447573e+00,-1.779387364745317779e+00,-1.860010383747566998e+00,-1.926813522925288513e+00,-1.978953531499001439e+00,-2.015818405018181547e+00,-2.037037037037037202e+00,-2.042485071684848386e+00,-2.032286864832335116e+00,-2.006813522925289028e+00,-1.966677050414233907e+00,-1.912720698078651527e+00,-1.846005664458449491e+00,-1.767794360119061547e+00,-1.679530498682701101e+00,-1.582816328602111078e+00,-1.479387364745318401e+00,-1.371085018289429414e+00,-1.259827556566350593e+00,-1.147579850841057958e+00,-1.036322389117978915e+00,-9.280200426620901499e-01,-8.245910788052973617e-01,-7.278769087247072278e-01,-6.396130472883467810e-01,-5.614017429489598365e-01,-4.946867093287565798e-01,-4.407303569931739773e-01,-4.005938844821190781e-01,-3.751205425750728795e-01,-3.649223357225591657e-01,-3.703703703703704608e-01
1.037037037037036979e+00,1.050370370370370399e+00,1.063703703703703818e+00,1.077037037037037015e+00,1.090370370370370434e+00,1.103703703703703631e+00,1.117037037037037051e+00,1.130370370370370470e+00,1.143703703703703667e+00,1.157037037037037086e+00,1.170370370370370505e+00,1.183703703703703702e+00,1.197037037037037122e+00,1.210370370370370541e+00,1.223703703703703738e+00,1.237037037037036935e+00,1.250370370370370354e+00,1.263703703703703773e+00,1.277037037037036971e+00,1.290370370370370390e+00,1.303703703703703809e+00,1.317037037037037006e+00,1.330370370370370425e+00,1.343703703703703844e+00,1.357037037037037042e+00,1.370370370370370461e+00,1.383703703703703880e+00,1.397037037037037077e+00,1.410370370370370496e+00,1.423703703703703694e+00,1.437037037037037113e+00,1.450370370370370310e+00,1.463703703703703729e+00,1.477037037037037148e+00,1.490370370370370345e+00,1.503703703703703987e+00,1.517037037037037184e+00,1.530370370370370381e+00,1.543703703703703800e+00,1.557037037037037219e+00,1.570370370370370416e+00,1.583703703703703836e+00,1.597037037037037255e+00,1.610370370370370452e+00,1.623703703703703871e+00,1.637037037037037290e+00,1.650370370370370487e+00,1.663703703703703907e+00,1.677037037037037104e+00,1.690370370370370523e+00,1.703703703703703720e+00,1.717037037037037139e+00,1.730370370370370559e+00,1.743703703703703756e+00,1.757037037037037175e+00,1.770370370370370594e+00,1.783703703703703791e+00,1.797037037037036988e+00,1.810370370370370408e+00,1.823703703703703827e+00,1.837037037037037024e+00,1.850370370370370443e+00,1.863703703703703862e+00,1.877037037037037059e+00,1.890370370370370701e+00,1.903703703703703898e+00,1.917037037037037095e+00,1.930370370370370736e+00,1.943703703703703933e+00,1.957037037037037130e+00,1.970370370370370328e+00,1.983703703703703969e+00,1.997037037037037166e+00,2.010370370370370363e+00,2.023703703703703560e+00,2.037037037037037202e+00,2.050370370370370399e+00,2.063703703703703596e+00,2.077037037037037237e+00,2.090370370370370434e+00,2.103703703703703631e+00,2.117037037037037273e+00,2.130370370370370470e+00,2.143703703703703667e+00,2.157037037037037308e+00,2.170370370370370505e+00,2.183703703703703702e+00,2.197037037037037344e+00,2.210370370370370541e+00,2.223703703703703738e+00,2.237037037037037379e+00,2.250370370370370576e+00,2.263703703703703773e+00,2.277037037037037415e+00,2.290370370370370168e+00,2.303703703703703809e+00,2.317037037037037006e+00,2.330370370370370203e+00,2.343703703703703844e+00,2.357037037037037042e+00,2.370370370370370239e+00
1.037037037037036979e+00,1.049493200469228782e+00,1.060196562953208188e+00,1.069151738351515002e+00,1.076366407440875417e+00,1.081851304437509320e+00,1.085620198165668349e+00,1.087689867902437602e+00,1.088080073941184889e+00,1.086813522925288433e+00,1.083915828012971261e+00,1.079415463943116604e+00,1.073343717080900594e+00,1.065734630530877247e+00,1.056624944413803169e+00,1.046054031411984386e+00,1.034063827696210192e+00,1.020698759355460172e+00,1.006005664458448745e+00,9.900337108837359290e-01,9.728343100625620465e-01,9.544610267857269736e-01,9.349694852327453676e-01,9.144172713881355552e-01,8.928638320160338093e-01,8.703703703703704608e-01,8.469997388235654956e-01,8.228163286021097367e-01,7.978859568224734300e-01,7.722757510255189306e-01,7.460540314119847860e-01,7.192901909856364018e-01,6.920545738143596415e-01,6.644183516227617492e-01,6.364533989327820773e-01,6.082321669713572909e-01,5.798275565663505438e-01,5.513127902537275915e-01,5.227612838203471446e-01,4.942465175077240258e-01,4.658419071027172231e-01,4.376206751412923257e-01,4.096557224513127649e-01,3.820195002597148726e-01,3.547838830884382788e-01,3.280200426620898391e-01,3.017983230485554724e-01,2.761881172516010841e-01,2.512577454719647774e-01,2.270743352505090185e-01,2.037037037037040532e-01,1.812102420580407047e-01,1.596568026859389589e-01,1.391045888413290355e-01,1.196130472883475404e-01,1.012397640115123565e-01,8.404036319033869606e-02,6.806840961562576897e-02,5.337531471861411969e-02,4.001024637786443350e-02,2.802004266209001671e-02,1.744912966027123424e-02,8.339443543197488928e-03,7.303569931736975107e-04,-5.341389869042090233e-03,-9.841753938896857790e-03,-1.273944885121414128e-02,-1.400599986711037470e-02,-1.361579382836330954e-02,-1.154612409159383457e-02,-7.777230363435139182e-03,-2.292333366801013739e-03,4.922335722559401106e-03,1.387751112086599292e-02,2.458087360484539907e-02,3.703703703703697947e-02,5.124754027151201541e-02,6.721084445419944764e-02,8.492233572255936114e-02,1.043743332998654516e-01,1.255561029698981645e-01,1.484538759084057524e-01,1.730508728383030048e-01,1.993273334662224450e-01,2.272605511487855168e-01,2.568249127277694166e-01,2.879919434642906895e-01,3.207303569931734266e-01,3.550061102098638344e-01,3.907824629936041960e-01,4.280200426620897058e-01,4.666769130445307390e-01,5.067086480519470415e-01,5.480684096156253071e-01,5.907070298570044065e-01,6.345730973448450163e-01,6.796130472883467055e-01,7.257712555079950389e-01,7.729901360192716897e-01,8.212102420580399409e-01,8.703703703703700167e-01
1.037037037037036979e+00,1.046863229619874769e+00,1.049699740774208800e+00,1.045620198165668091e+00,1.034746740607851434e+00,1.017249161346304609e+00,9.933437170809006345e-01,9.632916110804699006e-01,9.273971610295435042e-01,8.860056644584486385e-01,8.395009767292285208e-01,7.883028185660785336e-01,7.328638320160336672e-01,6.736664054902319343e-01,6.112192901558064495e-01,5.460540314119842753e-01,4.787212404810260447e-01,4.097867322661151723e-01,3.398275565663503861e-01,2.694279504870132347e-01,1.991752404360499773e-01,1.296557224513122386e-01,6.145054975510461093e-02,-4.868343618111670157e-03,-6.874225452803572889e-02,-1.296296296296297057e-01,-1.870098639807281637e-01,-2.403869527116530014e-01,-2.892929701429953204e-01,-3.332913519480529274e-01,-3.719799573379106161e-01,-4.049938897901363966e-01,-4.320080565357091174e-01,-4.527394488512143655e-01,-4.669491271616968975e-01,-4.744438970301018133e-01,-4.750776642774408032e-01,-4.687524597284878913e-01,-4.554191263951545832e-01,-4.350776642774405456e-01,-4.077772303634349393e-01,-3.736157938283631852e-01,-3.327394488512140924e-01,-2.853413898690421169e-01,-2.316605564568026132e-01,-1.719799573379100499e-01,-1.066246852813856894e-01,-3.595963680966118847e-02,3.961304728834746935e-02,1.196568026859390343e-01,2.037037037037041642e-01,2.912577454719649794e-01,3.817983230485559876e-01,4.747838830884389405e-01,5.696557224513134621e-01,6.658419071027181779e-01,7.627612838203470247e-01,8.598275565663507924e-01,9.564533989327824726e-01,1.052054573814360072e+00,1.146054031411985363e+00,1.237885956822474043e+00,1.326999738823566366e+00,1.412863832016033827e+00,1.494969485232745754e+00,1.572834310062562357e+00,1.646005664458449091e+00,1.714063827696210796e+00,1.776624944413803142e+00,1.833343717080900603e+00,1.883915828012971527e+00,1.928080073941184969e+00,1.965620198165668242e+00,1.996366407440875346e+00,2.020196562953207930e+00,2.037037037037037202e+00,2.046863229619874769e+00,2.049699740774208578e+00,2.045620198165668313e+00,2.034746740607851212e+00,2.017249161346304387e+00,1.993343717080900301e+00,1.963291611080469679e+00,1.927397161029543060e+00,1.886005664458448194e+00,1.839500976729228077e+00,1.788302818566077868e+00,1.732863832016032779e+00,1.673666405490231934e+00,1.611219290155806227e+00,1.546054031411983942e+00,1.478721240481025712e+00,1.409786732266114617e+00,1.339827556566349553e+00,1.269427950487013179e+00,1.199175240436050061e+00,1.129655722451311961e+00,1.061450549755104333e+00,9.951316563818880523e-01,9.312577454719637160e-01,8.703703703703697947e-01
1.037037037037036979e+00,1.042485071684848164e+00,1.032286864832334894e+00,1.006813522925288584e+00,9.666770504142340181e-01,9.127206980786511936e-01,8.460056644584486030e-01,7.677943601190599932e-01,6.795304986827004345e-01,5.828163286021097456e-01,4.793873647453178455e-01,3.710850182894284699e-01,2.598275565663505926e-01,1.475798508410570142e-01,3.632238911797891490e-02,-7.197995733791029416e-02,-1.754089211947023608e-01,-2.721230912752929942e-01,-3.603869527116525528e-01,-4.385982570510409406e-01,-5.053132906712436423e-01,-5.592696430068264668e-01,-5.994061155178809219e-01,-6.248794574249273426e-01,-6.350776642774407232e-01,-6.296296296296295392e-01,-6.084109976107741069e-01,-5.715461240915939989e-01,-5.194061155178808509e-01,-4.526029763401600015e-01,-3.719799573379103941e-01,-2.785982570510411316e-01,-1.737202860449858499e-01,-5.878975794195923088e-02,6.459107880529829648e-02,1.946867093287563133e-01,3.296557224513124718e-01,4.675798508410572984e-01,6.064942232330166050e-01,7.444183516227614872e-01,8.793873647453177567e-01,1.009482995268776495e+00,1.132863832016033134e+00,1.247794360119059753e+00,1.352672331125115202e+00,1.446054031411984520e+00,1.526677050414233960e+00,1.593480189591955476e+00,1.645620198165667958e+00,1.682485071684848288e+00,1.703703703703703720e+00,1.709151738351514904e+00,1.698953531499001635e+00,1.673480189591955103e+00,1.633343717080900426e+00,1.579387364745317601e+00,1.512672331125116010e+00,1.434461026785727622e+00,1.346197165349367619e+00,1.249482995268776930e+00,1.146054031411984919e+00,1.037751684956095266e+00,9.264942232330172223e-01,8.142465175077244766e-01,7.029890557846455446e-01,5.946867093287567796e-01,4.912577454719638803e-01,3.945435753913739685e-01,3.062797139550146319e-01,2.280684096156265772e-01,1.613533759954232094e-01,1.073970236598407180e-01,6.726055114878581875e-02,4.178720924173939810e-02,3.158900238922590642e-02,3.703703703703697947e-02,5.825566905589241173e-02,9.512054257507263078e-02,1.472605511487855567e-01,2.140636903265069613e-01,2.946867093287561801e-01,3.880684096156247209e-01,4.929463806216792809e-01,6.078769087247063441e-01,7.312577454719630943e-01,8.613533759954226099e-01,9.963223891179779912e-01,1.134246517507723651e+00,1.273160889899683124e+00,1.411085018289428561e+00,1.546054031411984164e+00,1.676149661935443902e+00,1.799530498682700319e+00,1.914461026785727604e+00,2.019338997791781054e+00,2.112720698078651260e+00,2.193343717080900035e+00,2.260146856258621995e+00,2.312286864832334921e+00,2.349151738351515029e+00,2.370370370370370239e+00
1.037037037037036979e+00,1.038518518518518619e+00,1.040000000000000036e+00,1.041481481481481453e+00,1.042962962962962870e+00,1.044444444444444509e+00,1.045925925925925926e+00,1.047407407407407343e+00,1.048888888888888982e+00,1.050370370370370399e+00,1.051851851851851816e+00,1.053333333333333455e+00,1.054814814814814872e+00,1.056296296296296289e+00,1.057777777777777706e+00,1.059259259259259345e+00,1.060740740740740762e+00,1.062222222222222179e+00,1.063703703703703818e+00,1.065185185185185235e+00,1.066666666666666652e+00,1.068148148148148069e+00,1.069629629629629708e+00,1.071111111111111125e+00,1.072592592592592542e+00,1.074074074074074181e+00,1.075555555555555598e+00,1.077037037037037015e+00,1.078518518518518654e+00,1.080000000000000071e+00,1.081481481481481488e+00,1.082962962962962905e+00,1.084444444444444544e+00,1.085925925925925961e+00,1.087407407407407378e+00,1.088888888888889017e+00,1.090370370370370434e+00,1.091851851851851851e+00,1.093333333333333268e+00,1.094814814814814907e+00,1.096296296296296324e+00,1.097777777777777741e+00,1.099259259259259380e+00,1.100740740740740797e+00,1.102222222222222214e+00,1.103703703703703631e+00,1.105185185185185270e+00,1.106666666666666687e+00,1.108148148148148104e+00,1.109629629629629743e+00,1.111111111111111160e+00,1.112592592592592577e+00,1.114074074074074217e+00,1.115555555555555634e+00,1.117037037037037051e+00,1.118518518518518468e+00,1.120000000000000107e+00,1.121481481481481524e+00,1.122962962962962941e+00,1.124444444444444580e+00,1.125925925925925997e+00,1.127407407407407414e+00,1.128888888888889053e+00,1.130370370370370470e+00,1.131851851851851887e+00,1.133333333333333304e+00,1.134814814814814943e+00,1.136296296296296360e+00,1.137777777777777777e+00,1.139259259259259416e+00,1.140740740740740833e+00,1.142222222222222250e+00,1.143703703703703667e+00,1.145185185185185306e+00,1.146666666666666723e+00,1.148148148148148140e+00,1.149629629629629779e+00,1.151111111111111196e+00,1.152592592592592613e+00,1.154074074074074030e+00,1.155555555555555669e+00,1.157037037037037086e+00,1.158518518518518503e+00,1.160000000000000142e+00,1.161481481481481559e+00,1.162962962962962976e+00,1.164444444444444393e+00,1.165925925925926032e+00,1.167407407407407449e+00,1.168888888888888866e+00,1.170370370370370505e+00,1.171851851851851922e+00,1.173333333333333339e+00,1.174814814814814756e+00,1.176296296296296395e+00,1.177777777777777812e+00,1.179259259259259229e+00,1.180740740740740868e+00,1.182222222222222285e+00,1.183703703703703702e+00,1.185185185185185119e+00
1.037037037037036979e+00,1.037641348617377002e+00,1.036492859249504406e+00,1.033596182795959439e+00,1.028959000033467852e+00,1.022592045178250197e+00,1.014509087054557224e+00,1.004726904939474696e+00,9.932652591263699815e-01,9.801468562586218569e-01,9.653973094944527933e-01,9.490450935727462456e-01,9.311214948586784557e-01,9.116605564568029951e-01,8.906990184878772476e-01,8.682762536342066850e-01,8.444341980665805991e-01,8.192172778739786887e-01,7.926723311251152593e-01,7.648485256985507741e-01,7.357972730255250005e-01,7.055721378968380364e-01,6.742287444920045392e-01,6.418246787955429467e-01,6.084193875715894206e-01,5.740740740740741810e-01,5.388515906754173246e-01,5.028163286021096745e-01,4.660341049706214767e-01,4.285720473218153082e-01,3.904984758564291614e-01,3.518827835782288860e-01,3.127953145551003455e-01,2.733072405116506731e-01,2.334904359698190823e-01,1.934173521565423770e-01,1.531608898996839052e-01,1.127942717352089230e-01,7.239091344997664046e-02,3.202429528550167215e-02,-8.232166971357007812e-03,-4.830525078463372701e-02,-8.812205532646510964e-02,-1.276101293699147821e-01,-1.666975983930433225e-01,-2.053132906712435979e-01,-2.433868621366298002e-01,-2.808489197854361352e-01,-3.176311434169241665e-01,-3.536664054902318721e-01,-3.888888888888886175e-01,-4.232342023864038016e-01,-4.566394936103574942e-01,-4.890435593068192532e-01,-5.203869527116525839e-01,-5.506120878403396590e-01,-5.796633405133650996e-01,-6.074871459399298068e-01,-6.340320926887932362e-01,-6.592490128813949246e-01,-6.830910684490212326e-01,-7.055138333026917952e-01,-7.264753712716174316e-01,-7.459363096734930032e-01,-7.638599083875607931e-01,-7.802121243092674518e-01,-7.949616710734365155e-01,-8.080800739411846401e-01,-8.195417197542893550e-01,-8.293239018693716602e-01,-8.374068599930648560e-01,-8.437738148482826217e-01,-8.484109976107739870e-01,-8.513076740643191753e-01,-8.524561634321916603e-01,-8.518518518518518601e-01,-8.494932004692287153e-01,-8.453817481383931742e-01,-8.395221087218851519e-01,-8.319219629964308416e-01,-8.225920451782500198e-01,-8.115461240915942120e-01,-7.988009790135488508e-01,-7.843763702374811908e-01,-7.682950044067700102e-01,-7.505824946796380015e-01,-7.312673157949685088e-01,-7.103807541179376628e-01,-6.879568527530992572e-01,-6.640323518212105647e-01,-6.386466240045769460e-01,-6.118416054739879151e-01,-5.836617223184232817e-01,-5.541538126065970182e-01,-5.233670442170696990e-01,-4.913528285810809804e-01,-4.581647304894310158e-01,-4.238583741216345735e-01,-3.884913454622098694e-01,-3.521230912752933429e-01,-3.148148148148152137e-01
1.037037037037036979e+00,1.035011377768022989e+00,1.025996037070505018e+00,1.010064642610112529e+00,9.873393332004439804e-01,9.579899020870453752e-01,9.222326059697895095e-01,8.803286481175068845e-01,8.325823462147285969e-01,7.793389977917819511e-01,7.209824582107100532e-01,6.579324481957081749e-01,5.906416097938115284e-01,5.195923314161579043e-01,4.452933642298805283e-01,3.682762536342065185e-01,2.890916108513964522e-01,2.083052507846336887e-01,1.264942232330170113e-01,4.424276530182805894e-02,-3.786179660098708266e-02,-1.192331664375766570e-01,-1.992901909856361620e-01,-2.774609362107042787e-01,-3.531866989724801731e-01,-4.259259259259260411e-01,-4.951580121288763348e-01,-5.603869527116529525e-01,-6.211448219948472182e-01,-6.769950556517565499e-01,-7.275355128934661852e-01,-7.724012971975438013e-01,-8.112673157949684688e-01,-8.438505599623254971e-01,-8.699120901246599757e-01,-8.892587118449167827e-01,-9.017443309441074417e-01,-9.072709782470065321e-01,-9.057894967655250040e-01,-8.972998864996628576e-01,-8.818513044375091425e-01,-8.595417197542891685e-01,-8.305172266289919669e-01,-7.949710194986717715e-01,-7.531420379382842700e-01,-7.053132906712434869e-01,-6.518098704665709064e-01,-5.929966738466984078e-01,-5.292758416005414190e-01,-4.610839380548018562e-01,-3.888888888888885065e-01,-3.131866989724795269e-01,-2.344979732477404655e-01,-1.533642650597093482e-01,-7.034427754868669003e-02,1.399005525086609303e-02,9.905758011664331231e-02,1.842720010107952167e-01,2.690459915253750611e-01,3.527953145551007696e-01,4.349429203008740585e-01,5.149229938595111244e-01,5.921849240087515565e-01,6.661971653493670154e-01,7.364509667142269400e-01,8.024639396921917633e-01,8.637834422362267173e-01,9.199897536221365302e-01,9.706990184878772077e-01,1.015565939303122889e+00,1.054286198383341810e+00,1.086598592459703472e+00,1.112286864832334965e+00,1.131181222255690288e+00,1.143159525916171093e+00,1.148148148148148140e+00,1.146122488879133927e+00,1.137107148181615957e+00,1.121175753721223467e+00,1.098450444311554808e+00,1.069101013198155981e+00,1.033343717080900337e+00,9.914397592286177119e-01,9.436934573258394243e-01,8.904501089028925565e-01,8.320935693218205476e-01,7.690435593068185582e-01,7.017527209049216896e-01,6.307034425272688427e-01,5.564044753409914668e-01,4.793873647453173459e-01,4.002027219625069465e-01,3.194163618957441830e-01,2.376053343441273114e-01,1.553538764129392125e-01,7.324931451012406391e-02,-8.122055326465732472e-03,-8.817907987452533458e-02,-1.663498250995935068e-01,-2.420755878613695677e-01,-3.148148148148154357e-01
1.037037037037036979e+00,1.030633219832996383e+00,1.008583161128631112e+00,9.712579673697329108e-01,9.192696430068265645e-01,8.534614388193919599e-01,7.748945533473374780e-01,6.848313971560970881e-01,5.847156838678855273e-01,4.761496619354430582e-01,3.608688462267993224e-01,2.407146479190580557e-01,1.176053343441283427e-01,-6.494223233017085151e-03,-1.296035368079470340e-01,-2.497577351156880510e-01,-3.650385508243320087e-01,-4.736045727567745334e-01,-5.737202860449859276e-01,-6.637834422362260955e-01,-7.423503277082806884e-01,-8.081585318957152930e-01,-8.601468562586216393e-01,-8.974720500175199511e-01,-9.195221087218851119e-01,-9.259259259259259300e-01,-9.165591457589222779e-01,-8.915461240915940611e-01,-8.512579673697326932e-01,-7.963066800438636239e-01,-7.275355128934659632e-01,-6.460056644584485364e-01,-5.529795453042452014e-01,-4.499008690530703625e-01,-3.383718841576647263e-01,-2.201281054860586284e-01,-9.701094421535422230e-02,2.906133232253868548e-02,1.561238528626461841e-01,2.821961294005391196e-01,4.053132906712435535e-01,5.235570693428505118e-01,6.350860542382552598e-01,7.381647304894300987e-01,8.311908496436335447e-01,9.127206980786510826e-01,9.814918652290487433e-01,1.036443152554918257e+00,1.076731309276779180e+00,1.101744330944107508e+00,1.111111111111111160e+00,1.104707293907070564e+00,1.082657235202705293e+00,1.045332041443806981e+00,9.933437170809004124e-01,9.275355128934655857e-01,8.489686274214122141e-01,7.589054712301719352e-01,6.587897579419601524e-01,5.502237360095175722e-01,4.349429203008736700e-01,3.147887219931321812e-01,1.916794084182022462e-01,6.757985084105770646e-02,-5.552946273387313059e-02,-1.756836610416137590e-01,-2.909644767502584939e-01,-3.995304986827002969e-01,-4.996462119709113581e-01,-5.897093681621512484e-01,-6.682762536342063964e-01,-7.340844578216408900e-01,-7.860727821845475694e-01,-8.233979759434457701e-01,-8.454480346478111530e-01,-8.518518518518518601e-01,-8.424850716848483190e-01,-8.174720500175199911e-01,-7.771838932956589563e-01,-7.222326059697893319e-01,-6.534614388193920043e-01,-5.719315903843752436e-01,-4.789054712301726302e-01,-3.758267949789972917e-01,-2.642978100835924327e-01,-1.460540314119848082e-01,-2.293687014128123480e-02,1.031354063966125334e-01,2.301979269367200320e-01,3.562702034746138002e-01,4.793873647453174569e-01,5.976311434169251369e-01,7.091601283123298849e-01,8.122388045635052789e-01,9.052649237177068375e-01,9.867947721527250415e-01,1.055565939303122258e+00,1.110517226628992216e+00,1.150805383350853361e+00,1.175818405018181689e+00,1.185185185185185119e+00
1.037037037037036979e+00,1.038518518518518619e+00,1.040000000000000036e+00,1.041481481481481453e+00,1.042962962962962870e+00,1.044444444444444509e+00,1.045925925925925926e+00,1.047407407407407343e+00,1.048888888888888982e+00,1.050370370370370399e+00,1.051851851851851816e+00,1.053333333333333455e+00,1.054814814814814872e+00,1.056296296296296289e+00,1.057777777777777706e+00,1.059259259259259345e+00,1.060740740740740762e+00,1.062222222222222179e+00,1.063703703703703818e+00,1.065185185185185235e+00,1.066666666666666652e+00,1.068148148148148069e+00,1.069629629629629708e+00,1.071111111111111125e+00,1.072592592592592542e+00,1.074074074074074181e+00,1.075555555555555598e+00,1.077037037037037015e+00,1.078518518518518654e+00,1.080000000000000071e+00,1.081481481481481488e+00,1.082962962962962905e+00,1.084444444444444544e+00,1.085925925925925961e+00,1.087407407407407378e+00,1.088888888888889017e+00,1.090370370370370434e+00,1.091851851851851851e+00,1.093333333333333268e+00,1.094814814814814907e+00,1.096296296296296324e+00,1.097777777777777741e+00,1.099259259259259380e+00,1.100740740740740797e+00,1.102222222222222214e+00,1.103703703703703631e+00,1.105185185185185270e+00,1.106666666666666687e+00,1.108148148148148104e+00,1.109629629629629743e+00,1.111111111111111160e+00,1.112592592592592577e+00,1.114074074074074217e+00,1.115555555555555634e+00,1.117037037037037051e+00,1.118518518518518468e+00,1.120000000000000107e+00,1.121481481481481524e+00,1.122962962962962941e+00,1.124444444444444580e+00,1.125925925925925997e+00,1.127407407407407414e+00,1.128888888888889053e+00,1.130370370370370470e+00,1.131851851851851887e+00,1.133333333333333304e+00,1.134814814814814943e+00,1.136296296296296360e+00,1.137777777777777777e+00,1.139259259259259416e+00,1.140740740740740833e+00,1.142222222222222250e+00,1.143703703703703667e+00,1.145185185185185306e+00,1.146666666666666723e+00,1.148148148148148140e+00,1.149629629629629779e+00,1.151111111111111196e+00,1.152592592592592613e+00,1.154074074074074030e+00,1.155555555555555669e+00,1.157037037037037086e+00,1.158518518518518503e+00,1.160000000000000142e+00,1.161481481481481559e+00,1.162962962962962976e+00,1.164444444444444393e+00,1.165925925925926032e+00,1.167407407407407449e+00,1.168888888888888866e+00,1.170370370370370505e+00,1.171851851851851922e+00,1.173333333333333339e+00,1.174814814814814756e+00,1.176296296296296395e+00,1.177777777777777812e+00,1.179259259259259229e+00,1.180740740740740868e+00,1.182222222222222285e+00,1.183703703703703702e+00,1.185185185185185119e+00
1.037037037037036979e+00,1.037641348617377002e+00,1.036492859249504406e+00,1.033596182795959439e+00,1.028959000033467852e+00,1.022592045178250197e+00,1.014509087054557224e+00,1.004726904939474696e+00,9.932652591263699815e-01,9.801468562586218569e-01,9.653973094944527933e-01,9.490450935727462456e-01,9.311214948586784557e-01,9.116605564568029951e-01,8.906990184878772476e-01,8.682762536342066850e-01,8.444341980665805991e-01,8.192172778739786887e-01,7.926723311251152593e-01,7.648485256985507741e-01,7.357972730255250005e-01,7.055721378968380364e-01,6.742287444920045392e-01,6.418246787955429467e-01,6.084193875715894206e-01,5.740740740740741810e-01,5.388515906754173246e-01,5.028163286021096745e-01,4.660341049706214767e-01,4.285720473218153082e-01,3.904984758564291614e-01,3.518827835782288860e-01,3.127953145551003455e-01,2.733072405116506731e-01,2.334904359698190823e-01,1.934173521565423770e-01,1.531608898996839052e-01,1.127942717352089230e-01,7.239091344997664046e-02,3.202429528550167215e-02,-8.232166971357007812e-03,-4.830525078463372701e-02,-8.812205532646510964e-02,-1.276101293699147821e-01,-1.666975983930433225e-01,-2.053132906712435979e-01,-2.433868621366298002e-01,-2.808489197854361352e-01,-3.176311434169241665e-01,-3.536664054902318721e-01,-3.888888888888886175e-01,-4.232342023864038016e-01,-4.566394936103574942e-01,-4.890435593068192532e-01,-5.203869527116525839e-01,-5.506120878403396590e-01,-5.796633405133650996e-01,-6.074871459399298068e-01,-6.340320926887932362e-01,-6.592490128813949246e-01,-6.830910684490212326e-01,-7.055138333026917952e-01,-7.264753712716174316e-01,-7.459363096734930032e-01,-7.638599083875607931e-01,-7.802121243092674518e-01,-7.949616710734365155e-01,-8.080800739411846401e-01,-8.195417197542893550e-01,-8.293239018693716602e-01,-8.374068599930648560e-01,-8.437738148482826217e-01,-8.484109976107739870e-01,-8.513076740643191753e-01,-8.524561634321916603e-01,-8.518518518518518601e-01,-8.494932004692287153e-01,-8.453817481383931742e-01,-8.395221087218851519e-01,-8.319219629964308416e-01,-8.225920451782500198e-01,-8.115461240915942120e-01,-7.988009790135488508e-01,-7.843763702374811908e-01,-7.682950044067700102e-01,-7.505824946796380015e-01,-7.312673157949685088e-01,-7.103807541179376628e-01,-6.879568527530992572e-01,-6.640323518212105647e-01,-6.386466240045769460e-01,-6.118416054739879151e-01,-5.836617223184232817e-01,-5.541538126065970182e-01,-5.233670442170696990e-01,-4.913528285810809804e-01,-4.581647304894310158e-01,-4.238583741216345735e-01,-3.884913454622098694e-01,-3.521230912752933429e-01,-3.148148148148152137e-01
1.037037037037036979e+00,1.035011377768022989e+00,1.025996037070505018e+00,1.010064642610112529e+00,9.873393332004439804e-01,9.579899020870453752e-01,9.222326059697895095e-01,8.803286481175068845e-01,8.325823462147285969e-01,7.793389977917819511e-01,7.209824582107100532e-01,6.579324481957081749e-01,5.906416097938115284e-01,5.195923314161579043e-01,4.452933642298805283e-01,3.682762536342065185e-01,2.890916108513964522e-01,2.083052507846336887e-01,1.264942232330170113e-01,4.424276530182805894e-02,-3.786179660098708266e-02,-1.192331664375766570e-01,-1.992901909856361620e-01,-2.774609362107042787e-01,-3.531866989724801731e-01,-4.259259259259260411e-01,-4.951580121288763348e-01,-5.603869527116529525e-01,-6.211448219948472182e-01,-6.769950556517565499e-01,-7.275355128934661852e-01,-7.724012971975438013e-01,-8.112673157949684688e-01,-8.438505599623254971e-01,-8.699120901246599757e-01,-8.892587118449167827e-01,-9.017443309441074417e-01,-9.072709782470065321e-01,-9.057894967655250040e-01,-8.972998864996628576e-01,-8.818513044375091425e-01,-8.595417197542891685e-01,-8.305172266289919669e-01,-7.949710194986717715e-01,-7.531420379382842700e-01,-7.053132906712434869e-01,-6.518098704665709064e-01,-5.929966738466984078e-01,-5.292758416005414190e-01,-4.610839380548018562e-01,-3.888888888888885065e-01,-3.131866989724795269e-01,-2.344979732477404655e-01,-1.533642650597093482e-01,-7.034427754868669003e-02,1.399005525086609303e-02,9.905758011664331231e-02,1.842720010107952167e-01,2.690459915253750611e-01,3.527953145551007696e-01,4.349429203008740585e-01,5.149229938595111244e-01,5.921849240087515565e-01,6.661971653493670154e-01,7.364509667142269400e-01,8.024639396921917633e-01,8.637834422362267173e-01,9.199897536221365302e-01,9.706990184878772077e-01,1.015565939303122889e+00,1.054286198383341810e+00,1.086598592459703472e+00,1.112286864832334965e+00,1.131181222255690288e+00,1.143159525916171093e+00,1.148148148148148140e+00,1.146122488879133927e+00,1.137107148181615957e+00,1.121175753721223467e+00,1.098450444311554808e+00,1.069101013198155981e+00,1.033343717080900337e+00,9.914397592286177119e-01,9.436934573258394243e-01,8.904501089028925565e-01,8.320935693218205476e-01,7.690435593068185582e-01,7.017527209049216896e-01,6.307034425272688427e-01,5.564044753409914668e-01,4.793873647453173459e-01,4.002027219625069465e-01,3.194163618957441830e-01,2.376053343441273114e-01,1.553538764129392125e-01,7.324931451012406391e-02,-8.122055326465732472e-03,-8.817907987452533458e-02,-1.663498250995935068e-01,-2.420755878613695677e-01,-3.148148148148154357e-01
1.037037037037036979e+00,1.030633219832996383e+00,1.008583161128631112e+00,9.712579673697329108e-01,9.192696430068265645e-01,8.534614388193919599e-01,7.748945533473374780e-01,6.848313971560970881e-01,5.847156838678855273e-01,4.761496619354430582e-01,3.608688462267993224e-01,2.407146479190580557e-01,1.176053343441283427e-01,-6.494223233017085151e-03,-1.296035368079470340e-01,-2.497577351156880510e-01,-3.650385508243320087e-01,-4.736045727567745334e-01,-5.737202860449859276e-01,-6.637834422362260955e-01,-7.423503277082806884e-01,-8.081585318957152930e-01,-8.601468562586216393e-01,-8.974720500175199511e-01,-9.195221087218851119e-01,-9.259259259259259300e-01,-9.165591457589222779e-01,-8.915461240915940611e-01,-8.512579673697326932e-01,-7.963066800438636239e-01,-7.275355128934659632e-01,-6.460056644584485364e-01,-5.529795453042452014e-01,-4.499008690530703625e-01,-3.383718841576647263e-01,-2.201281054860586284e-01,-9.701094421535422230e-02,2.906133232253868548e-02,1.561238528626461841e-01,2.821961294005391196e-01,4.053132906712435535e-01,5.235570693428505118e-01,6.350860542382552598e-01,7.381647304894300987e-01,8.311908496436335447e-01,9.127206980786510826e-01,9.814918652290487433e-01,1.036443152554918257e+00,1.076731309276779180e+00,1.101744330944107508e+00,1.111111111111111160e+00,1.104707293907070564e+00,1.082657235202705293e+00,1.045332041443806981e+00,9.933437170809004124e-01,9.275355128934655857e-01,8.489686274214122141e-01,7.589054712301719352e-01,6.587897579419601524e-01,5.502237360095175722e-01,4.349429203008736700e-01,3.147887219931321812e-01,1.916794084182022462e-01,6.757985084105770646e-02,-5.552946273387313059e-02,-1.756836610416137590e-01,-2.909644767502584939e-01,-3.995304986827002969e-01,-4.996462119709113581e-01,-5.897093681621512484e-01,-6.682762536342063964e-01,-7.340844578216408900e-01,-7.860727821845475694e-01,-8.233979759434457701e-01,-8.454480346478111530e-01,-8.518518518518518601e-01,-8.424850716848483190e-01,-8.174720500175199911e-01,-7.771838932956589563e-01,-7.222326059697893319e-01,-6.534614388193920043e-01,-5.719315903843752436e-01,-4.789054712301726302e-01,-3.758267949789972917e-01,-2.642978100835924327e-01,-1.460540314119848082e-01,-2.293687014128123480e-02,1.031354063966125334e-01,2.301979269367200320e-01,3.562702034746138002e-01,4.793873647453174569e-01,5.976311434169251369e-01,7.091601283123298849e-01,8.122388045635052789e-01,9.052649237177068375e-01,9.867947721527250415e-01,1.055565939303122258e+00,1.110517226628992216e+00,1.150805383350853361e+00,1.175818405018181689e+00,1.185185185185185119e+00
1.037037037037036979e+00,1.050370370370370399e+00,1.063703703703703818e+00,1.077037037037037015e+00,1.090370370370370434e+00,1.103703703703703631e+00,1.117037037037037051e+00,1.130370370370370470e+00,1.143703703703703667e+00,1.157037037037037086e+00,1.170370370370370505e+00,1.183703703703703702e+00,1.197037037037037122e+00,1.210370370370370541e+00,1.223703703703703738e+00,1.237037037037036935e+00,1.250370370370370354e+00,1.263703703703703773e+00,1.277037037037036971e+00,1.290370370370370390e+00,1.303703703703703809e+00,1.317037037037037006e+00,1.330370370370370425e+00,1.343703703703703844e+00,1.357037037037037042e+00,1.370370370370370461e+00,1.383703703703703880e+00,1.397037037037037077e+00,1.410370370370370496e+00,1.423703703703703694e+00,1.437037037037037113e+00,1.450370370370370310e+00,1.463703703703703729e+00,1.477037037037037148e+00,1.490370370370370345e+00,1.503703703703703987e+00,1.517037037037037184e+00,1.530370370370370381e+00,1.543703703703703800e+00,1.557037037037037219e+00,1.570370370370370416e+00,1.583703703703703836e+00,1.597037037037037255e+00,1.610370370370370452e+00,1.623703703703703871e+00,1.637037037037037290e+00,1.650370370370370487e+00,1.663703703703703907e+00,1.677037037037037104e+00,1.690370370370370523e+00,1.703703703703703720e+00,1.717037037037037139e+00,1.730370370370370559e+00,1.743703703703703756e+00,1.757037037037037175e+00,1.770370370370370594e+00,1.783703703703703791e+00,1.797037037037036988e+00,1.810370370370370408e+00,1.823703703703703827e+00,1.837037037037037024e+00,1.850370370370370443e+00,1.863703703703703862e+00,1.877037037037037059e+00,1.890370370370370701e+00,1.903703703703703898e+00,1.917037037037037095e+00,1.930370370370370736e+00,1.943703703703703933e+00,1.957037037037037130e+00,1.970370370370370328e+00,1.983703703703703969e+00,1.997037037037037166e+00,2.010370370370370363e+00,2.023703703703703560e+00,2.037037037037037202e+00,2.050370370370370399e+00,2.063703703703703596e+00,2.077037037037037237e+00,2.090370370370370434e+00,2.103703703703703631e+00,2.117037037037037273e+00,2.130370370370370470e+00,2.143703703703703667e+00,2.157037037037037308e+00,2.170370370370370505e+00,2.183703703703703702e+00,2.197037037037037344e+00,2.210370370370370541e+00,2.223703703703703738e+00,2.237037037037037379e+00,2.250370370370370576e+00,2.263703703703703773e+00,2.277037037037037415e+00,2.290370370370370168e+00,2.303703703703703809e+00,2.317037037037037006e+00,2.330370370370370203e+00,2.343703703703703844e+00,2.357037037037037042e+00,2.370370370370370239e+00
1.037037037037036979e+00,1.049493200469228782e+00,1.060196562953208188e+00,1.069151738351515002e+00,1.076366407440875417e+00,1.081851304437509320e+00,1.085620198165668349e+00,1.087689867902437602e+00,1.088080073941184889e+00,1.086813522925288433e+00,1.083915828012971261e+00,1.079415463943116604e+00,1.073343717080900594e+00,1.065734630530877247e+00,1.056624944413803169e+00,1.046054031411984386e+00,1.034063827696210192e+00,1.020698759355460172e+00,1.006005664458448745e+00,9.900337108837359290e-01,9.728343100625620465e-01,9.544610267857269736e-01,9.349694852327453676e-01,9.144172713881355552e-01,8.928638320160338093e-01,8.703703703703704608e-01,8.469997388235654956e-01,8.228163286021097367e-01,7.978859568224734300e-01,7.722757510255189306e-01,7.460540314119847860e-01,7.192901909856364018e-01,6.920545738143596415e-01,6.644183516227617492e-01,6.364533989327820773e-01,6.082321669713572909e-01,5.798275565663505438e-01,5.513127902537275915e-01,5.227612838203471446e-01,4.942465175077240258e-01,4.658419071027172231e-01,4.376206751412923257e-01,4.096557224513127649e-01,3.820195002597148726e-01,3.547838830884382788e-01,3.280200426620898391e-01,3.017983230485554724e-01,2.761881172516010841e-01,2.512577454719647774e-01,2.270743352505090185e-01,2.037037037037040532e-01,1.812102420580407047e-01,1.596568026859389589e-01,1.391045888413290355e-01,1.196130472883475404e-01,1.012397640115123565e-01,8.404036319033869606e-02,6.806840961562576897e-02,5.337531471861411969e-02,4.001024637786443350e-02,2.802004266209001671e-02,1.744912966027123424e-02,8.339443543197488928e-03,7.303569931736975107e-04,-5.341389869042090233e-03,-9.841753938896857790e-03,-1.273944885121414128e-02,-1.400599986711037470e-02,-1.361579382836330954e-02,-1.154612409159383457e-02,-7.777230363435139182e-03,-2.292333366801013739e-03,4.922335722559401106e-03,1.387751112086599292e-02,2.458087360484539907e-02,3.703703703703697947e-02,5.124754027151201541e-02,6.721084445419944764e-02,8.492233572255936114e-02,1.043743332998654516e-01,1.255561029698981645e-01,1.484538759084057524e-01,1.730508728383030048e-01,1.993273334662224450e-01,2.272605511487855168e-01,2.568249127277694166e-01,2.879919434642906895e-01,3.207303569931734266e-01,3.550061102098638344e-01,3.907824629936041960e-01,4.280200426620897058e-01,4.666769130445307390e-01,5.067086480519470415e-01,5.480684096156253071e-01,5.907070298570044065e-01,6.345730973448450163e-01,6.796130472883467055e-01,7.257712555079950389e-01,7.729901360192716897e-01,8.212102420580399409e-01,8.703703703703700167e-01
1.037037037037036979e+00,1.046863229619874769e+00,1.049699740774208800e+00,1.045620198165668091e+00,1.034746740607851434e+00,1.017249161346304609e+00,9.933437170809006345e-01,9.632916110804699006e-01,9.273971610295435042e-01,8.860056644584486385e-01,8.395009767292285208e-01,7.883028185660785336e-01,7.328638320160336672e-01,6.736664054902319343e-01,6.112192901558064495e-01,5.460540314119842753e-01,4.787212404810260447e-01,4.097867322661151723e-01,3.398275565663503861e-01,2.694279504870132347e-01,1.991752404360499773e-01,1.296557224513122386e-01,6.145054975510461093e-02,-4.868343618111670157e-03,-6.874225452803572889e-02,-1.296296296296297057e-01,-1.870098639807281637e-01,-2.403869527116530014e-01,-2.892929701429953204e-01,-3.332913519480529274e-01,-3.719799573379106161e-01,-4.049938897901363966e-01,-4.320080565357091174e-01,-4.527394488512143655e-01,-4.669491271616968975e-01,-4.744438970301018133e-01,-4.750776642774408032e-01,-4.687524597284878913e-01,-4.554191263951545832e-01,-4.350776642774405456e-01,-4.077772303634349393e-01,-3.736157938283631852e-01,-3.327394488512140924e-01,-2.853413898690421169e-01,-2.316605564568026132e-01,-1.719799573379100499e-01,-1.066246852813856894e-01,-3.595963680966118847e-02,3.961304728834746935e-02,1.196568026859390343e-01,2.037037037037041642e-01,2.912577454719649794e-01,3.817983230485559876e-01,4.747838830884389405e-01,5.696557224513134621e-01,6.658419071027181779e-01,7.627612838203470247e-01,8.598275565663507924e-01,9.564533989327824726e-01,1.052054573814360072e+00,1.146054031411985363e+00,1.237885956822474043e+00,1.326999738823566366e+00,1.412863832016033827e+00,1.494969485232745754e+00,1.572834310062562357e+00,1.646005664458449091e+00,1.714063827696210796e+00,1.776624944413803142e+00,1.833343717080900603e+00,1.883915828012971527e+00,1.928080073941184969e+00,1.965620198165668242e+00,1.996366407440875346e+00,2.020196562953207930e+00,2.037037037037037202e+00,2.046863229619874769e+00,2.049699740774208578e+00,2.045620198165668313e+00,2.034746740607851212e+00,2.017249161346304387e+00,1.993343717080900301e+00,1.963291611080469679e+00,1.927397161029543060e+00,1.886005664458448194e+00,1.839500976729228077e+00,1.788302818566077868e+00,1.732863832016032779e+00,1.673666405490231934e+00,1.611219290155806227e+00,1.546054031411983942e+00,1.478721240481025712e+00,1.409786732266114617e+00,1.339827556566349553e+00,1.269427950487013179e+00,1.199175240436050061e+00,1.129655722451311961e+00,1.061450549755104333e+00,9.951316563818880523e-01,9.312577454719637160e-01,8.703703703703697947e-01
1.037037037037036979e+00,1.042485071684848164e+00,1.032286864832334894e+00,1.006813522925288584e+00,9.666770504142340181e-01,9.127206980786511936e-01,8.460056644584486030e-01,7.677943601190599932e-01,6.795304986827004345e-01,5.828163286021097456e-01,4.793873647453178455e-01,3.710850182894284699e-01,2.598275565663505926e-01,1.475798508410570142e-01,3.632238911797891490e-02,-7.197995733791029416e-02,-1.754089211947023608e-01,-2.721230912752929942e-01,-3.603869527116525528e-01,-4.385982570510409406e-01,-5.053132906712436423e-01,-5.592696430068264668e-01,-5.994061155178809219e-01,-6.248794574249273426e-01,-6.350776642774407232e-01,-6.296296296296295392e-01,-6.084109976107741069e-01,-5.715461240915939989e-01,-5.194061155178808509e-01,-4.526029763401600015e-01,-3.719799573379103941e-01,-2.785982570510411316e-01,-1.737202860449858499e-01,-5.878975794195923088e-02,6.459107880529829648e-02,1.946867093287563133e-01,3.296557224513124718e-01,4.675798508410572984e-01,6.064942232330166050e-01,7.444183516227614872e-01,8.793873647453177567e-01,1.009482995268776495e+00,1.132863832016033134e+00,1.247794360119059753e+00,1.352672331125115202e+00,1.446054031411984520e+00,1.526677050414233960e+00,1.593480189591955476e+00,1.645620198165667958e+00,1.682485071684848288e+00,1.703703703703703720e+00,1.709151738351514904e+00,1.698953531499001635e+00,1.673480189591955103e+00,1.633343717080900426e+00,1.579387364745317601e+00,1.512672331125116010e+00,1.434461026785727622e+00,1.346197165349367619e+00,1.249482995268776930e+00,1.146054031411984919e+00,1.037751684956095266e+00,9.264942232330172223e-01,8.142465175077244766e-01,7.029890557846455446e-01,5.946867093287567796e-01,4.912577454719638803e-01,3.945435753913739685e-01,3.062797139550146319e-01,2.280684096156265772e-01,1.613533759954232094e-01,1.073970236598407180e-01,6.726055114878581875e-02,4.178720924173939810e-02,3.158900238922590642e-02,3.703703703703697947e-02,5.825566905589241173e-02,9.512054257507263078e-02,1.472605511487855567e-01,2.140636903265069613e-01,2.946867093287561801e-01,3.880684096156247209e-01,4.929463806216792809e-01,6.078769087247063441e-01,7.312577454719630943e-01,8.613533759954226099e-01,9.963223891179779912e-01,1.134246517507723651e+00,1.273160889899683124e+00,1.411085018289428561e+00,1.546054031411984164e+00,1.676149661935443902e+00,1.799530498682700319e+00,1.914461026785727604e+00,2.019338997791781054e+00,2.112720698078651260e+00,2.193343717080900035e+00,2.260146856258621995e+00,2.312286864832334921e+00,2.349151738351515029e+00,2.370370370370370239e+00
2.000000000000000000e+00,2.040000000000000036e+00,2.080000000000000071e+00,2.120000000000000107e+00,2.160000000000000142e+00,2.200000000000000178e+00,2.240000000000000213e+00,2.280000000000000249e+00,2.320000000000000284e+00,2.359999999999999876e+00,2.399999999999999911e+00,2.439999999999999947e+00,2.479999999999999982e+00,2.520000000000000018e+00,2.560000000000000053e+00,2.600000000000000089e+00,2.640000000000000124e+00,2.680000000000000160e+00,2.719999999999999751e+00,2.759999999999999787e+00,2.799999999999999822e+00,2.839999999999999858e+00,2.879999999999999893e+00,2.919999999999999929e+00,2.959999999999999964e+00,3.000000000000000000e+00,3.040000000000000036e+00,3.080000000000000071e+00,3.120000000000000107e+00,3.160000000000000142e+00,3.200000000000000178e+00,3.240000000000000213e+00,3.280000000000000249e+00,3.320000000000000284e+00,3.360000000000000320e+00,3.400000000000000355e+00,3.439999999999999947e+00,3.479999999999999982e+00,3.520000000000000018e+00,3.560000000000000053e+00,3.600000000000000089e+00,3.640000000000000124e+00,3.679999999999999716e+00,3.719999999999999751e+00,3.759999999999999787e+00,3.799999999999999822e+00,3.839999999999999858e+00,3.879999999999999893e+00,3.919999999999999929e+00,3.959999999999999964e+00,4.000000000000000000e+00,4.040000000000000036e+00,4.080000000000000071e+00,4.120000000000000107e+00,4.160000000000000142e+00,4.200000000000000178e+00,4.240000000000000213e+00,4.279999999999999361e+00,4.320000000000000284e+00,4.359999999999999432e+00,4.400000000000000355e+00,4.439999999999999503e+00,4.480000000000000426e+00,4.519999999999999574e+00,4.560000000000000497e+00,4.599999999999999645e+00,4.640000000000000568e+00,4.679999999999999716e+00,4.719999999999999751e+00,4.759999999999999787e+00,4.799999999999999822e+00,4.839999999999999858e+00,4.879999999999999893e+00,4.919999999999999929e+00,4.959999999999999964e+00,5.000000000000000000e+00,5.040000000000000036e+00,5.080000000000000071e+00,5.120000000000000107e+00,5.160000000000000142e+00,5.200000000000000178e+00,5.240000000000000213e+00,5.279999999999999361e+00,5.320000000000000284e+00,5.359999999999999432e+00,5.400000000000000355e+00,5.439999999999999503e+00,5.480000000000000426e+00,5.519999999999999574e+00,5.560000000000000497e+00,5.599999999999999645e+00,5.640000000000000568e+00,5.679999999999999716e+00,5.720000000000000639e+00,5.759999999999999787e+00,5.799999999999999822e+00,5.839999999999999858e+00,5.879999999999999893e+00,5.919999999999999929e+00,5.959999999999999964e+00,6.000000000000000000e+00
2.000000000000000000e+00,2.039122830098858419e+00,2.076492859249504441e+00,2.112114701314478094e+00,2.145996037070505125e+00,2.178147600733805866e+00,2.208583161128631289e+00,2.237319497532067381e+00,2.264376370237481062e+00,2.289776485888251223e+00,2.313545457642600667e+00,2.335711760239412627e+00,2.356306680043863455e+00,2.375364260160506724e+00,2.392921240710099262e+00,2.409016994374947540e+00,2.423693457325839962e+00,2.436995055651756559e+00,2.448968627421411526e+00,2.459663340513365437e+00,2.469130606358858504e+00,2.477423989748689603e+00,2.484599114862374947e+00,2.490713567684431862e+00,2.495826794978996510e+00,2.500000000000000000e+00,2.503296035119861873e+00,2.505779291565072953e+00,2.507515586452103040e+00,2.508572047321815379e+00,2.509016994374947629e+00,2.508919820615266083e+00,2.508350870110656050e+00,2.507381314585725107e+00,2.506083028562411830e+00,2.504528463267653660e+00,2.502790519529313418e+00,2.500942419883357193e+00,2.499057580116643251e+00,2.497209480470687026e+00,2.495471536732346785e+00,2.493916971437588614e+00,2.492618685414275337e+00,2.491649129889344394e+00,2.491080179384734361e+00,2.490983005625052371e+00,2.491427952678185065e+00,2.492484413547896960e+00,2.494220708434927491e+00,2.496703964880138571e+00,2.500000000000000000e+00,2.504173205021003490e+00,2.509286432315568582e+00,2.515400885137625053e+00,2.522576010251310397e+00,2.530869393641141940e+00,2.540336659486634563e+00,2.551031372578588474e+00,2.563004944348243441e+00,2.576306542674160482e+00,2.590983005625052904e+00,2.607078759289900738e+00,2.624635739839493720e+00,2.643693319956136545e+00,2.664288239760587373e+00,2.686454542357399333e+00,2.710223514111748777e+00,2.735623629762518938e+00,2.762680502467932619e+00,2.791416838871368711e+00,2.821852399266194134e+00,2.854003962929494875e+00,2.887885298685522351e+00,2.923507140750495559e+00,2.960877169901141581e+00,3.000000000000000000e+00,3.040877169901141652e+00,3.083507140750495701e+00,3.127885298685522120e+00,3.174003962929495160e+00,3.221852399266194489e+00,3.271416838871369137e+00,3.322680502467931785e+00,3.375623629762519062e+00,3.430223514111747640e+00,3.486454542357399156e+00,3.544288239760586379e+00,3.603693319956136953e+00,3.664635739839492867e+00,3.727078759289900844e+00,3.790983005625052193e+00,3.856306542674160731e+00,3.923004944348242873e+00,3.991031372578588865e+00,4.060336659486633692e+00,4.130869393641140697e+00,4.202576010251309668e+00,4.275400885137624840e+00,4.349286432315567552e+00,4.424173205021002531e+00,4.500000000000000000e+00
2.000000000000000000e+00,2.036492859249504406e+00,2.065996037070505054e+00,2.088583161128631183e+00,2.104376370237480920e+00,2.113545457642600933e+00,2.116306680043863686e+00,2.112921240710099458e+00,2.103693457325839677e+00,2.088968627421411206e+00,2.069130606358858149e+00,2.044599114862374556e+00,2.015826794978996528e+00,1.983296035119861633e+00,1.947515586452102765e+00,1.909016994374947318e+00,1.868350870110655704e+00,1.826083028562411670e+00,1.782790519529313222e+00,1.739057580116642798e+00,1.695471536732346296e+00,1.652618685414275035e+00,1.611080179384734024e+00,1.571427952678184470e+00,1.534220708434927083e+00,1.500000000000000000e+00,1.469286432315568103e+00,1.442576010251309881e+00,1.420336659486634456e+00,1.403004944348243521e+00,1.390983005625052504e+00,1.384635739839493507e+00,1.384288239760587347e+00,1.390223514111748937e+00,1.402680502467932966e+00,1.421852399266194666e+00,1.447885298685521960e+00,1.480877169901141599e+00,1.520877169901141635e+00,1.567885298685522288e+00,1.621852399266194622e+00,1.682680502467932993e+00,1.750223514111748369e+00,1.824288239760587071e+00,1.904635739839493302e+00,1.990983005625052593e+00,2.083004944348243903e+00,2.180336659486634687e+00,2.282576010251310183e+00,2.389286432315568476e+00,2.500000000000000444e+00,2.614220708434928042e+00,2.731427952678185278e+00,2.851080179384735125e+00,2.972618685414276207e+00,3.095471536732347762e+00,3.219057580116643003e+00,3.342790519529313720e+00,3.466083028562411794e+00,3.588350870110656121e+00,3.709016994374947807e+00,3.827515586452103769e+00,3.943296035119862708e+00,4.055826794978997007e+00,4.164599114862374662e+00,4.269130606358858770e+00,4.368968627421412343e+00,4.463693457325840441e+00,4.552921240710099404e+00,4.636306680043863260e+00,4.713545457642601022e+00,4.784376370237480636e+00,4.848583161128630969e+00,4.905996037070504912e+00,4.956492859249504335e+00,5.000000000000000000e+00,5.036492859249504406e+00,5.065996037070505054e+00,5.088583161128631183e+00,5.104376370237480920e+00,5.113545457642600489e+00,5.116306680043863686e+00,5.112921240710099013e+00,5.103693457325839233e+00,5.088968627421410318e+00,5.069130606358857705e+00,5.044599114862373668e+00,5.015826794978996084e+00,4.983296035119860967e+00,4.947515586452102987e+00,4.909016994374946208e+00,4.868350870110655926e+00,4.826083028562410782e+00,4.782790519529313222e+00,4.739057580116642576e+00,4.695471536732346074e+00,4.652618685414275035e+00,4.611080179384734024e+00,4.571427952678184248e+00,4.534220708434926195e+00,4.499999999999999112e+00
2.000000000000000000e+00,2.032114701314478022e+00,2.048583161128631147e+00,2.049776485888251454e+00,2.036306680043863615e+00,2.009016994374947629e+00,1.968968627421411544e+00,1.917423989748689550e+00,1.855826794978996830e+00,1.785779291565072535e+00,1.709016994374947362e+00,1.627381314585724770e+00,1.542790519529313453e+00,1.457209480470686547e+00,1.372618685414275230e+00,1.290983005625052638e+00,1.214220708434927243e+00,1.144173205021003392e+00,1.082576010251310450e+00,1.031031372578588678e+00,9.909830056250527042e-01,9.636933199561363850e-01,9.502235141117485462e-01,9.514168388713688529e-01,9.678852986855221996e-01,1.000000000000000000e+00,1.047885298685522049e+00,1.111416838871368995e+00,1.190223514111748759e+00,1.283693319956136447e+00,1.390983005625052726e+00,1.511031372578588661e+00,1.642576010251310503e+00,1.784173205021003961e+00,1.934220708434928104e+00,2.090983005625052904e+00,2.252618685414275124e+00,2.417209480470686955e+00,2.582790519529313045e+00,2.747381314585724432e+00,2.909016994374947096e+00,3.065779291565072562e+00,3.215826794978995817e+00,3.357423989748689053e+00,3.488968627421411117e+00,3.609016994374947274e+00,3.716306680043863331e+00,3.809776485888251241e+00,3.888583161128631005e+00,3.952114701314477507e+00,4.000000000000000000e+00,4.032114701314477578e+00,4.048583161128631147e+00,4.049776485888251898e+00,4.036306680043863615e+00,4.009016994374947629e+00,3.968968627421411988e+00,3.917423989748690438e+00,3.855826794978996830e+00,3.785779291565073201e+00,3.709016994374947807e+00,3.627381314585724770e+00,3.542790519529313453e+00,3.457209480470687435e+00,3.372618685414275230e+00,3.290983005625053082e+00,3.214220708434926799e+00,3.144173205021003614e+00,3.082576010251310450e+00,3.031031372578589345e+00,2.990983005625052371e+00,2.963693319956136829e+00,2.950223514111748546e+00,2.951416838871368853e+00,2.967885298685521978e+00,3.000000000000000000e+00,3.047885298685522049e+00,3.111416838871368995e+00,3.190223514111748315e+00,3.283693319956136669e+00,3.390983005625052726e+00,3.511031372578587995e+00,3.642576010251308283e+00,3.784173205021002850e+00,3.934220708434925662e+00,4.090983005625052904e+00,4.252618685414273791e+00,4.417209480470686955e+00,4.582790519529312157e+00,4.747381314585725320e+00,4.909016994374946208e+00,5.065779291565073450e+00,5.215826794978996261e+00,5.357423989748690829e+00,5.488968627421410673e+00,5.609016994374947274e+00,5.716306680043862443e+00,5.809776485888251685e+00,5.888583161128631005e+00,5.952114701314477507e+00,6.000000000000000000e+00
2.000000000000000000e+00,2.004444444444444251e+00,2.008888888888888946e+00,2.013333333333333641e+00,2.017777777777777892e+00,2.022222222222222143e+00,2.026666666666666394e+00,2.031111111111111089e+00,2.035555555555555785e+00,2.040000000000000036e+00,2.044444444444444287e+00,2.048888888888888982e+00,2.053333333333333233e+00,2.057777777777777928e+00,2.062222222222222179e+00,2.066666666666666430e+00,2.071111111111111125e+00,2.075555555555555820e+00,2.080000000000000071e+00,2.084444444444444322e+00,2.088888888888889017e+00,2.093333333333333268e+00,2.097777777777777963e+00,2.102222222222222214e+00,2.106666666666666465e+00,2.111111111111111160e+00,2.115555555555555856e+00,2.120000000000000107e+00,2.124444444444444358e+00,2.128888888888888609e+00,2.133333333333333304e+00,2.137777777777777999e+00,2.142222222222222250e+00,2.146666666666666501e+00,2.151111111111111196e+00,2.155555555555555891e+00,2.160000000000000142e+00,2.164444444444444393e+00,2.168888888888888644e+00,2.173333333333333339e+00,2.177777777777778034e+00,2.182222222222222285e+00,2.186666666666666536e+00,2.191111111111111232e+00,2.195555555555555483e+00,2.200000000000000178e+00,2.204444444444444429e+00,2.208888888888888680e+00,2.213333333333333375e+00,2.217777777777778070e+00,2.222222222222222321e+00,2.226666666666666572e+00,2.231111111111111267e+00,2.235555555555555518e+00,2.240000000000000213e+00,2.244444444444444464e+00,2.248888888888888715e+00,2.253333333333333410e+00,2.257777777777778105e+00,2.262222222222222356e+00,2.266666666666666607e+00,2.271111111111110858e+00,2.275555555555555554e+00,2.280000000000000249e+00,2.284444444444444500e+00,2.288888888888888751e+00,2.293333333333333446e+00,2.297777777777778141e+00,2.302222222222222392e+00,2.306666666666666643e+00,2.311111111111110894e+00,2.315555555555555589e+00,2.320000000000000284e+00,2.324444444444444535e+00,2.328888888888888786e+00,2.333333333333333481e+00,2.337777777777777732e+00,2.342222222222222427e+00,2.346666666666666679e+00,2.351111111111110930e+00,2.355555555555555625e+00,2.360000000000000320e+00,2.364444444444444571e+00,2.368888888888888822e+00,2.373333333333333517e+00,2.377777777777777768e+00,2.382222222222222463e+00,2.386666666666666714e+00,2.391111111111110965e+00,2.395555555555555660e+00,2.400000000000000355e+00,2.404444444444444606e+00,2.408888888888888857e+00,2.413333333333333552e+00,2.417777777777777803e+00,2.422222222222222499e+00,2.426666666666666750e+00,2.431111111111111001e+00,2.435555555555555696e+00,2.439999999999999947e+00,2.444444444444444642e+00
2.000000000000000000e+00,2.003567274543303078e+00,2.005381748138393316e+00,2.005448034647811184e+00,2.003773814848282875e+00,2.000369822956027832e+00,1.995249827795297914e+00,1.988430608643178221e+00,1.979931925793036562e+00,1.969776485888251383e+00,1.957989902087045486e+00,1.944600649128301884e+00,1.929640013377196706e+00,1.913142037938284412e+00,1.895143462932321610e+00,1.875683661041614103e+00,1.854804568436950962e+00,1.832550611207311997e+00,1.808968627421411624e+00,1.784107784957809972e+00,1.758019495247747255e+00,1.730757323082023014e+00,1.702376892640152573e+00,1.672935789906654147e+00,1.642493461645663455e+00,1.611111111111111160e+00,1.578851590675417471e+00,1.545779291565072766e+00,1.511960030896547513e+00,1.477460936210704068e+00,1.442350327708280977e+00,1.406697598393043647e+00,1.370573092332878051e+00,1.334047981252391324e+00,1.297194139673522928e+00,1.260084018823209195e+00,1.222790519529313613e+00,1.185386864327801382e+00,1.147946469005532100e+00,1.110542813804020090e+00,1.073249314510124508e+00,1.036139193659810775e+00,9.992853520809423795e-01,9.627602410004556521e-01,9.266357349402898347e-01,8.909830056250526154e-01,8.558723971226294136e-01,8.213733024367860791e-01,7.875540417682610483e-01,7.544817426579163433e-01,7.222222222222225430e-01,6.908398716876703594e-01,6.603975434266796674e-01,6.309564406931806868e-01,6.025760102513103567e-01,5.753138380855862266e-01,5.492255483755238421e-01,5.243647059119220799e-01,5.007827221260215955e-01,4.785287648963829632e-01,4.576496722917194893e-01,4.381898704010118717e-01,4.201912953950491803e-01,4.036933199561365537e-01,3.887326842050318199e-01,3.753434312462882172e-01,3.635568474450820986e-01,3.534014075402969191e-01,3.449027246901552601e-01,3.380835055380356780e-01,3.329635103773055382e-01,3.295595184850507176e-01,3.278852986855222973e-01,3.279515851949401650e-01,3.297660587900306250e-01,3.333333333333334814e-01,3.386549476789193491e-01,3.457293629727180573e-01,3.545519653521888026e-01,3.651150740406061690e-01,3.774079548217499358e-01,3.914168388713687996e-01,4.071249469123771059e-01,4.245125186514075999e-01,4.435568474450819476e-01,4.642323201351766793e-01,4.865104619828092281e-01,5.103599866228030191e-01,5.357468509506044807e-01,5.626343148454561183e-01,5.909830056250526820e-01,6.207509871186047690e-01,6.518938332371321254e-01,6.843647059119216669e-01,7.181144372644118201e-01,7.530916158633634838e-01,7.892426769179764490e-01,8.265119962487358363e-01,8.648419878711235409e-01,9.041732050210028460e-01,9.444444444444441977e-01
2.000000000000000000e+00,2.000937303693948621e+00,1.994884925959393929e+00,1.981916494461964495e+00,1.962154148015258892e+00,1.935767679864822899e+00,1.902973346710530311e+00,1.864032351821210520e+00,1.819249012881395178e+00,1.768968627421411588e+00,1.713575050803302524e+00,1.653488003751263813e+00,1.589160128312329778e+00,1.521073812897639321e+00,1.449737808674324890e+00,1.375683661041613881e+00,1.299461981221766704e+00,1.221638584117967108e+00,1.142790519529313320e+00,1.063502024561087334e+00,9.843604256212352688e-01,9.059520187476084452e-01,8.288579571625118714e-01,7.536501749004067552e-01,6.808873751015939169e-01,6.111111111111110494e-01,5.448419878711237008e-01,4.825760102513100280e-01,4.247811039310788184e-01,3.718938332371322097e-01,3.243163389583856304e-01,2.824135176172709594e-01,2.465104619828093480e-01,2.168901807784152647e-01,1.937916135790438421e-01,1.774079548217499802e-01,1.678852986855222662e-01,1.653216143455860099e-01,1.697660587900304829e-01,1.812186320188555744e-01,1.996301770439723455e-01,2.249027246901552646e-01,2.568901807784155222e-01,2.953993508716986627e-01,3.401912953950489982e-01,3.909830056250527264e-01,4.474493887926882518e-01,5.092255483755238066e-01,5.759093435846437403e-01,6.470642100933463592e-01,7.222222222222226540e-01,8.008873751015945786e-01,8.825390637892966961e-01,9.666357349402905363e-01,1.052618685414276278e+00,1.139915981176792048e+00,1.227946469005532171e+00,1.316123852862647103e+00,1.403860806340190059e+00,1.490573092332878602e+00,1.575683661041614725e+00,1.658626697563214680e+00,1.738851590675418057e+00,1.815826794978996794e+00,1.889043559306819553e+00,1.958019495247747432e+00,2.022301960754745220e+00,2.081471235103617978e+00,2.135143462932322045e+00,2.182973346710530116e+00,2.224656568753712094e+00,2.259931925793036811e+00,2.288583161128631360e+00,2.310440481514949518e+00,2.325381748138393156e+00,2.333333333333333481e+00,2.334270637027282103e+00,2.328218259292727410e+00,2.315249827795297755e+00,2.295487481348591707e+00,2.269101013198155936e+00,2.236306680043863349e+00,2.197365685154543780e+00,2.152582346214728215e+00,2.102301960754744403e+00,2.046908384136635561e+00,1.986821337084596184e+00,1.922493461645662371e+00,1.854407146230972581e+00,1.783071142007658150e+00,1.709016994374946918e+00,1.632795314555099742e+00,1.554971917451299701e+00,1.476123852862645913e+00,1.396835357894420593e+00,1.317693758954568528e+00,1.239285352080941705e+00,1.162191290495845131e+00,1.086983508233740015e+00,1.014220708434926621e+00,9.444444444444439757e-01
2.000000000000000000e+00,1.996559145758922238e+00,1.977472050017520022e+00,1.943109819221584988e+00,1.894084457821641365e+00,1.831239216597169595e+00,1.755635294088078169e+00,1.668535100859800835e+00,1.571382350534552330e+00,1.465779291565072695e+00,1.353461438819391960e+00,1.236270203474613805e+00,1.116123852862646704e+00,9.949872582484643457e-01,8.748409076364973558e-01,7.576496722917193116e-01,6.453318195460383544e-01,5.397287605765588303e-01,4.425760102513104366e-01,3.554758170230332137e-01,2.798718945139416769e-01,2.170266532894697953e-01,1.680012918895263940e-01,1.336390610935911383e-01,1.145519653521889225e-01,1.111111111111111605e-01,1.234408542410777576e-01,1.514168388713690305e-01,1.946679585561933434e-01,2.525822088450251357e-01,3.243163389583858525e-01,4.088091503563662243e-01,5.047982324735326154e-01,6.108398716876703993e-01,7.253318195460389806e-01,8.465385611806081068e-01,9.726186854142755411e-01,1.101653924915131144e+00,1.231679408418201671e+00,1.360714647919057718e+00,1.486794772152725042e+00,1.608001513787294945e+00,1.722493461645662638e+00,1.828535100859800533e+00,1.924524182976966813e+00,2.009016994374947185e+00,2.080751124488307902e+00,2.138665374777140471e+00,2.181916494461964451e+00,2.209892479092255613e+00,2.222222222222222321e+00,2.218781367981144559e+00,2.199694272239742343e+00,2.165332041443806865e+00,2.116306680043863242e+00,2.053461438819391471e+00,1.977857516310301156e+00,1.890757323082023822e+00,1.793604572756775095e+00,1.688001513787295460e+00,1.575683661041614281e+00,1.458492425696835904e+00,1.338346075084868803e+00,1.217209480470687222e+00,1.097063129858719455e+00,9.798718945139418546e-01,8.675540417682601202e-01,7.619509827987812622e-01,6.647982324735332016e-01,5.776980392452560897e-01,5.020941167361638868e-01,4.392488755116924493e-01,3.902235141117487149e-01,3.558612833158135702e-01,3.367741875744111324e-01,3.333333333333334814e-01,3.456630764632997455e-01,3.736390610935912404e-01,4.168901807784149982e-01,4.748044310672476787e-01,5.465385611806079513e-01,6.310313725785877681e-01,7.270204546957533820e-01,8.330620939098914990e-01,9.475540417682595251e-01,1.068760783402829873e+00,1.194840907636496530e+00,1.323876147137353243e+00,1.453901630640423770e+00,1.582936870141280483e+00,1.709016994374947140e+00,1.830223736009517932e+00,1.944715683867885403e+00,2.050757323082024186e+00,2.146746405199188246e+00,2.231239216597169506e+00,2.302973346710529778e+00,2.360887596999362792e+00,2.404138716684186772e+00,2.432114701314477934e+00,2.444444444444444642e+00
2.000000000000000000e+00,2.004444444444444251e+00,2.008888888888888946e+00,2.013333333333333641e+00,2.017777777777777892e+00,2.022222222222222143e+00,2.026666666666666394e+00,2.031111111111111089e+00,2.035555555555555785e+00,2.040000000000000036e+00,2.044444444444444287e+00,2.048888888888888982e+00,2.053333333333333233e+00,2.057777777777777928e+00,2.062222222222222179e+00,2.066666666666666430e+00,2.071111111111111125e+00,2.075555555555555820e+00,2.080000000000000071e+00,2.084444444444444322e+00,2.088888888888889017e+00,2.093333333333333268e+00,2.097777777777777963e+00,2.102222222222222214e+00,2.106666666666666465e+00,2.111111111111111160e+00,2.115555555555555856e+00,2.120000000000000107e+00,2.124444444444444358e+00,2.128888888888888609e+00,2.133333333333333304e+00,2.137777777777777999e+00,2.142222222222222250e+00,2.146666666666666501e+00,2.151111111111111196e+00,2.155555555555555891e+00,2.160000000000000142e+00,2.164444444444444393e+00,2.168888888888888644e+00,2.173333333333333339e+00,2.177777777777778034e+00,2.182222222222222285e+00,2.186666666666666536e+00,2.191111111111111232e+00,2.195555555555555483e+00,2.200000000000000178e+00,2.204444444444444429e+00,2.208888888888888680e+00,2.213333333333333375e+00,2.217777777777778070e+00,2.222222222222222321e+00,2.226666666666666572e+00,2.231111111111111267e+00,2.235555555555555518e+00,2.240000000000000213e+00,2.244444444444444464e+00,2.248888888888888715e+00,2.253333333333333410e+00,2.257777777777778105e+00,2.262222222222222356e+00,2.266666666666666607e+00,2.271111111111110858e+00,2.275555555555555554e+00,2.280000000000000249e+00,2.284444444444444500e+00,2.288888888888888751e+00,2.293333333333333446e+00,2.297777777777778141e+00,2.302222222222222392e+00,2.306666666666666643e+00,2.311111111111110894e+00,2.315555555555555589e+00,2.320000000000000284e+00,2.324444444444444535e+00,2.328888888888888786e+00,2.333333333333333481e+00,2.337777777777777732e+00,2.342222222222222427e+00,2.346666666666666679e+00,2.351111111111110930e+00,2.355555555555555625e+00,2.360000000000000320e+00,2.364444444444444571e+00,2.368888888888888822e+00,2.373333333333333517e+00,2.377777777777777768e+00,2.382222222222222463e+00,2.386666666666666714e+00,2.391111111111110965e+00,2.395555555555555660e+00,2.400000000000000355e+00,2.404444444444444606e+00,2.408888888888888857e+00,2.413333333333333552e+00,2.417777777777777803e+00,2.422222222222222499e+00,2.426666666666666750e+00,2.431111111111111001e+00,2.435555555555555696e+00,2.439999999999999947e+00,2.444444444444444642e+00
2.000000000000000000e+00,2.003567274543303078e+00,2.005381748138393316e+00,2.005448034647811184e+00,2.003773814848282875e+00,2.000369822956027832e+00,1.995249827795297914e+00,1.988430608643178221e+00,1.979931925793036562e+00,1.969776485888251383e+00,1.957989902087045486e+00,1.944600649128301884e+00,1.929640013377196706e+00,1.913142037938284412e+00,1.895143462932321610e+00,1.875683661041614103e+00,1.854804568436950962e+00,1.832550611207311997e+00,1.808968627421411624e+00,1.784107784957809972e+00,1.758019495247747255e+00,1.730757323082023014e+00,1.702376892640152573e+00,1.672935789906654147e+00,1.642493461645663455e+00,1.611111111111111160e+00,1.578851590675417471e+00,1.545779291565072766e+00,1.511960030896547513e+00,1.477460936210704068e+00,1.442350327708280977e+00,1.406697598393043647e+00,1.370573092332878051e+00,1.334047981252391324e+00,1.297194139673522928e+00,1.260084018823209195e+00,1.222790519529313613e+00,1.185386864327801382e+00,1.147946469005532100e+00,1.110542813804020090e+00,1.073249314510124508e+00,1.036139193659810775e+00,9.992853520809423795e-01,9.627602410004556521e-01,9.266357349402898347e-01,8.909830056250526154e-01,8.558723971226294136e-01,8.213733024367860791e-01,7.875540417682610483e-01,7.544817426579163433e-01,7.222222222222225430e-01,6.908398716876703594e-01,6.603975434266796674e-01,6.309564406931806868e-01,6.025760102513103567e-01,5.753138380855862266e-01,5.492255483755238421e-01,5.243647059119220799e-01,5.007827221260215955e-01,4.785287648963829632e-01,4.576496722917194893e-01,4.381898704010118717e-01,4.201912953950491803e-01,4.036933199561365537e-01,3.887326842050318199e-01,3.753434312462882172e-01,3.635568474450820986e-01,3.534014075402969191e-01,3.449027246901552601e-01,3.380835055380356780e-01,3.329635103773055382e-01,3.295595184850507176e-01,3.278852986855222973e-01,3.279515851949401650e-01,3.297660587900306250e-01,3.333333333333334814e-01,3.386549476789193491e-01,3.457293629727180573e-01,3.545519653521888026e-01,3.651150740406061690e-01,3.774079548217499358e-01,3.914168388713687996e-01,4.071249469123771059e-01,4.245125186514075999e-01,4.435568474450819476e-01,4.642323201351766793e-01,4.865104619828092281e-01,5.103599866228030191e-01,5.357468509506044807e-01,5.626343148454561183e-01,5.909830056250526820e-01,6.207509871186047690e-01,6.518938332371321254e-01,6.843647059119216669e-01,7.181144372644118201e-01,7.530916158633634838e-01,7.892426769179764490e-01,8.265119962487358363e-01,8.648419878711235409e-01,9.041732050210028460e-01,9.444444444444441977e-01
2.000000000000000000e+00,2.000937303693948621e+00,1.994884925959393929e+00,1.981916494461964495e+00,1.962154148015258892e+00,1.935767679864822899e+00,1.902973346710530311e+00,1.864032351821210520e+00,1.819249012881395178e+00,1.768968627421411588e+00,1.713575050803302524e+00,1.653488003751263813e+00,1.589160128312329778e+00,1.521073812897639321e+00,1.449737808674324890e+00,1.375683661041613881e+00,1.299461981221766704e+00,1.221638584117967108e+00,1.142790519529313320e+00,1.063502024561087334e+00,9.843604256212352688e-01,9.059520187476084452e-01,8.288579571625118714e-01,7.536501749004067552e-01,6.808873751015939169e-01,6.111111111111110494e-01,5.448419878711237008e-01,4.825760102513100280e-01,4.247811039310788184e-01,3.718938332371322097e-01,3.243163389583856304e-01,2.824135176172709594e-01,2.465104619828093480e-01,2.168901807784152647e-01,1.937916135790438421e-01,1.774079548217499802e-01,1.678852986855222662e-01,1.653216143455860099e-01,1.697660587900304829e-01,1.812186320188555744e-01,1.996301770439723455e-01,2.249027246901552646e-01,2.568901807784155222e-01,2.953993508716986627e-01,3.401912953950489982e-01,3.909830056250527264e-01,4.474493887926882518e-01,5.092255483755238066e-01,5.759093435846437403e-01,6.470642100933463592e-01,7.222222222222226540e-01,8.008873751015945786e-01,8.825390637892966961e-01,9.666357349402905363e-01,1.052618685414276278e+00,1.139915981176792048e+00,1.227946469005532171e+00,1.316123852862647103e+00,1.403860806340190059e+00,1.490573092332878602e+00,1.575683661041614725e+00,1.658626697563214680e+00,1.738851590675418057e+00,1.815826794978996794e+00,1.889043559306819553e+00,1.958019495247747432e+00,2.022301960754745220e+00,2.081471235103617978e+00,2.135143462932322045e+00,2.182973346710530116e+00,2.224656568753712094e+00,2.259931925793036811e+00,2.288583161128631360e+00,2.310440481514949518e+00,2.325381748138393156e+00,2.333333333333333481e+00,2.334270637027282103e+00,2.328218259292727410e+00,2.315249827795297755e+00,2.295487481348591707e+00,2.269101013198155936e+00,2.236306680043863349e+00,2.197365685154543780e+00,2.152582346214728215e+00,2.102301960754744403e+00,2.046908384136635561e+00,1.986821337084596184e+00,1.922493461645662371e+00,1.854407146230972581e+00,1.783071142007658150e+00,1.709016994374946918e+00,1.632795314555099742e+00,1.554971917451299701e+00,1.476123852862645913e+00,1.396835357894420593e+00,1.317693758954568528e+00,1.239285352080941705e+00,1.162191290495845131e+00,1.086983508233740015e+00,1.014220708434926621e+00,9.444444444444439757e-01
2.000000000000000000e+00,1.996559145758922238e+00,1.977472050017520022e+00,1.943109819221584988e+00,1.894084457821641365e+00,1.831239216597169595e+00,1.755635294088078169e+00,1.668535100859800835e+00,1.571382350534552330e+00,1.465779291565072695e+00,1.353461438819391960e+00,1.236270203474613805e+00,1.116123852862646704e+00,9.949872582484643457e-01,8.748409076364973558e-01,7.576496722917193116e-01,6.453318195460383544e-01,5.397287605765588303e-01,4.425760102513104366e-01,3.554758170230332137e-01,2.798718945139416769e-01,2.170266532894697953e-01,1.680012918895263940e-01,1.336390610935911383e-01,1.145519653521889225e-01,1.111111111111111605e-01,1.234408542410777576e-01,1.514168388713690305e-01,1.946679585561933434e-01,2.525822088450251357e-01,3.243163389583858525e-01,4.088091503563662243e-01,5.047982324735326154e-01,6.108398716876703993e-01,7.253318195460389806e-01,8.465385611806081068e-01,9.726186854142755411e-01,1.101653924915131144e+00,1.231679408418201671e+00,1.360714647919057718e+00,1.486794772152725042e+00,1.608001513787294945e+00,1.722493461645662638e+00,1.828535100859800533e+00,1.924524182976966813e+00,2.009016994374947185e+00,2.080751124488307902e+00,2.138665374777140471e+00,2.181916494461964451e+00,2.209892479092255613e+00,2.222222222222222321e+00,2.218781367981144559e+00,2.199694272239742343e+00,2.165332041443806865e+00,2.116306680043863242e+00,2.053461438819391471e+00,1.977857516310301156e+00,1.890757323082023822e+00,1.793604572756775095e+00,1.688001513787295460e+00,1.575683661041614281e+00,1.458492425696835904e+00,1.338346075084868803e+00,1.217209480470687222e+00,1.097063129858719455e+00,9.798718945139418546e-01,8.675540417682601202e-01,7.619509827987812622e-01,6.647982324735332016e-01,5.776980392452560897e-01,5.020941167361638868e-01,4.392488755116924493e-01,3.902235141117487149e-01,3.558612833158135702e-01,3.367741875744111324e-01,3.333333333333334814e-01,3.456630764632997455e-01,3.736390610935912404e-01,4.168901807784149982e-01,4.748044310672476787e-01,5.465385611806079513e-01,6.310313725785877681e-01,7.270204546957533820e-01,8.330620939098914990e-01,9.475540417682595251e-01,1.068760783402829873e+00,1.194840907636496530e+00,1.323876147137353243e+00,1.453901630640423770e+00,1.582936870141280483e+00,1.709016994374947140e+00,1.830223736009517932e+00,1.944715683867885403e+00,2.050757323082024186e+00,2.146746405199188246e+00,2.231239216597169506e+00,2.302973346710529778e+00,2.360887596999362792e+00,2.404138716684186772e+00,2.432114701314477934e+00,2.444444444444444642e+00
2.000000000000000000e+00,2.040000000000000036e+00,2.080000000000000071e+00,2.120000000000000107e+00,2.160000000000000142e+00,2.200000000000000178e+00,2.240000000000000213e+00,2.280000000000000249e+00,2.320000000000000284e+00,2.359999999999999876e+00,2.399999999999999911e+00,2.439999999999999947e+00,2.479999999999999982e+00,2.520000000000000018e+00,2.560000000000000053e+00,2.600000000000000089e+00,2.640000000000000124e+00,2.680000000000000160e+00,2.719999999999999751e+00,2.759999999999999787e+00,2.799999999999999822e+00,2.839999999999999858e+00,2.879999999999999893e+00,2.919999999999999929e+00,2.959999999999999964e+00,3.000000000000000000e+00,3.040000000000000036e+00,3.080000000000000071e+00,3.120000000000000107e+00,3.160000000000000142e+00,3.200000000000000178e+00,3.240000000000000213e+00,3.280000000000000249e+00,3.320000000000000284e+00,3.360000000000000320e+00,3.400000000000000355e+00,3.439999999999999947e+00,3.479999999999999982e+00,3.520000000000000018e+00,3.560000000000000053e+00,3.600000000000000089e+00,3.640000000000000124e+00,3.679999999999999716e+00,3.719999999999999751e+00,3.759999999999999787e+00,3.799999999999999822e+00,3.839999999999999858e+00,3.879999999999999893e+00,3.919999999999999929e+00,3.959999999999999964e+00,4.000000000000000000e+00,4.040000000000000036e+00,4.080000000000000071e+00,4.120000000000000107e+00,4.160000000000000142e+00,4.200000000000000178e+00,4.240000000000000213e+00,4.279999999999999361e+00,4.320000000000000284e+00,4.359999999999999432e+00,4.400000000000000355e+00,4.439999999999999503e+00,4.480000000000000426e+00,4.519999999999999574e+00,4.560000000000000497e+00,4.599999999999999645e+00,4.640000000000000568e+00,4.679999999999999716e+00,4.719999999999999751e+00,4.759999999999999787e+00,4.799999999999999822e+00,4.839999999999999858e+00,4.879999999999999893e+00,4.919999999999999929e+00,4.959999999999999964e+00,5.000000000000000000e+00,5.040000000000000036e+00,5.080000000000000071e+00,5.120000000000000107e+00,5.160000000000000142e+00,5.200000000000000178e+00,5.240000000000000213e+00,5.279999999999999361e+00,5.320000000000000284e+00,5.359999999999999432e+00,5.400000000000000355e+00,5.439999999999999503e+00,5.480000000000000426e+00,5.519999999999999574e+00,5.560000000000000497e+00,5.599999999999999645e+00,5.640000000000000568e+00,5.679999999999999716e+00,5.720000000000000639e+00,5.759999999999999787e+00,5.799999999999999822e+00,5.839999999999999858e+00,5.879999999999999893e+00,5.919999999999999929e+00,5.959999999999999964e+00,6.000000000000000000e+00
2.000000000000000000e+00,2.039122830098858419e+00,2.076492859249504441e+00,2.112114701314478094e+00,2.145996037070505125e+00,2.178147600733805866e+00,2.208583161128631289e+00,2.237319497532067381e+00,2.264376370237481062e+00,2.289776485888251223e+00,2.313545457642600667e+00,2.335711760239412627e+00,2.356306680043863455e+00,2.375364260160506724e+00,2.392921240710099262e+00,2.409016994374947540e+00,2.423693457325839962e+00,2.436995055651756559e+00,2.448968627421411526e+00,2.459663340513365437e+00,2.469130606358858504e+00,2.477423989748689603e+00,2.484599114862374947e+00,2.490713567684431862e+00,2.495826794978996510e+00,2.500000000000000000e+00,2.503296035119861873e+00,2.505779291565072953e+00,2.507515586452103040e+00,2.508572047321815379e+00,2.509016994374947629e+00,2.508919820615266083e+00,2.508350870110656050e+00,2.507381314585725107e+00,2.506083028562411830e+00,2.504528463267653660e+00,2.502790519529313418e+00,2.500942419883357193e+00,2.499057580116643251e+00,2.497209480470687026e+00,2.495471536732346785e+00,2.493916971437588614e+00,2.492618685414275337e+00,2.491649129889344394e+00,2.491080179384734361e+00,2.490983005625052371e+00,2.491427952678185065e+00,2.492484413547896960e+00,2.494220708434927491e+00,2.496703964880138571e+00,2.500000000000000000e+00,2.504173205021003490e+00,2.509286432315568582e+00,2.515400885137625053e+00,2.522576010251310397e+00,2.530869393641141940e+00,2.540336659486634563e+00,2.551031372578588474e+00,2.563004944348243441e+00,2.576306542674160482e+00,2.590983005625052904e+00,2.607078759289900738e+00,2.624635739839493720e+00,2.643693319956136545e+00,2.664288239760587373e+00,2.686454542357399333e+00,2.710223514111748777e+00,2.735623629762518938e+00,2.762680502467932619e+00,2.791416838871368711e+00,2.821852399266194134e+00,2.854003962929494875e+00,2.887885298685522351e+00,2.923507140750495559e+00,2.960877169901141581e+00,3.000000000000000000e+00,3.040877169901141652e+00,3.083507140750495701e+00,3.127885298685522120e+00,3.174003962929495160e+00,3.221852399266194489e+00,3.271416838871369137e+00,3.322680502467931785e+00,3.375623629762519062e+00,3.430223514111747640e+00,3.486454542357399156e+00,3.544288239760586379e+00,3.603693319956136953e+00,3.664635739839492867e+00,3.727078759289900844e+00,3.790983005625052193e+00,3.856306542674160731e+00,3.923004944348242873e+00,3.991031372578588865e+00,4.060336659486633692e+00,4.130869393641140697e+00,4.202576010251309668e+00,4.275400885137624840e+00,4.349286432315567552e+00,4.424173205021002531e+00,4.500000000000000000e+00
2.000000000000000000e+00,2.036492859249504406e+00,2.065996037070505054e+00,2.088583161128631183e+00,2.104376370237480920e+00,2.113545457642600933e+00,2.116306680043863686e+00,2.112921240710099458e+00,2.103693457325839677e+00,2.088968627421411206e+00,2.069130606358858149e+00,2.044599114862374556e+00,2.015826794978996528e+00,1.983296035119861633e+00,1.947515586452102765e+00,1.909016994374947318e+00,1.868350870110655704e+00,1.826083028562411670e+00,1.782790519529313222e+00,1.739057580116642798e+00,1.695471536732346296e+00,1.652618685414275035e+00,1.611080179384734024e+00,1.571427952678184470e+00,1.534220708434927083e+00,1.500000000000000000e+00,1.469286432315568103e+00,1.442576010251309881e+00,1.420336659486634456e+00,1.403004944348243521e+00,1.390983005625052504e+00,1.384635739839493507e+00,1.384288239760587347e+00,1.390223514111748937e+00,1.402680502467932966e+00,1.421852399266194666e+00,1.447885298685521960e+00,1.480877169901141599e+00,1.520877169901141635e+00,1.567885298685522288e+00,1.621852399266194622e+00,1.682680502467932993e+00,1.750223514111748369e+00,1.824288239760587071e+00,1.904635739839493302e+00,1.990983005625052593e+00,2.083004944348243903e+00,2.180336659486634687e+00,2.282576010251310183e+00,2.389286432315568476e+00,2.500000000000000444e+00,2.614220708434928042e+00,2.731427952678185278e+00,2.851080179384735125e+00,2.972618685414276207e+00,3.095471536732347762e+00,3.219057580116643003e+00,3.342790519529313720e+00,3.466083028562411794e+00,3.588350870110656121e+00,3.709016994374947807e+00,3.827515586452103769e+00,3.943296035119862708e+00,4.055826794978997007e+00,4.164599114862374662e+00,4.269130606358858770e+00,4.368968627421412343e+00,4.463693457325840441e+00,4.552921240710099404e+00,4.636306680043863260e+00,4.713545457642601022e+00,4.784376370237480636e+00,4.848583161128630969e+00,4.905996037070504912e+00,4.956492859249504335e+00,5.000000000000000000e+00,5.036492859249504406e+00,5.065996037070505054e+00,5.088583161128631183e+00,5.104376370237480920e+00,5.113545457642600489e+00,5.116306680043863686e+00,5.112921240710099013e+00,5.103693457325839233e+00,5.088968627421410318e+00,5.069130606358857705e+00,5.044599114862373668e+00,5.015826794978996084e+00,4.983296035119860967e+00,4.947515586452102987e+00,4.909016994374946208e+00,4.868350870110655926e+00,4.826083028562410782e+00,4.782790519529313222e+00,4.739057580116642576e+00,4.695471536732346074e+00,4.652618685414275035e+00,4.611080179384734024e+00,4.571427952678184248e+00,4.534220708434926195e+00,4.499999999999999112e+00
2.000000000000000000e+00,2.032114701314478022e+00,2.048583161128631147e+00,2.049776485888251454e+00,2.036306680043863615e+00,2.009016994374947629e+00,1.968968627421411544e+00,1.917423989748689550e+00,1.855826794978996830e+00,1.785779291565072535e+00,1.709016994374947362e+00,1.627381314585724770e+00,1.542790519529313453e+00,1.457209480470686547e+00,1.372618685414275230e+00,1.290983005625052638e+00,1.214220708434927243e+00,1.144173205021003392e+00,1.082576010251310450e+00,1.031031372578588678e+00,9.909830056250527042e-01,9.636933199561363850e-01,9.502235141117485462e-01,9.514168388713688529e-01,9.678852986855221996e-01,1.000000000000000000e+00,1.047885298685522049e+00,1.111416838871368995e+00,1.190223514111748759e+00,1.283693319956136447e+00,1.390983005625052726e+00,1.511031372578588661e+00,1.642576010251310503e+00,1.784173205021003961e+00,1.934220708434928104e+00,2.090983005625052904e+00,2.252618685414275124e+00,2.417209480470686955e+00,2.582790519529313045e+00,2.747381314585724432e+00,2.909016994374947096e+00,3.065779291565072562e+00,3.215826794978995817e+00,3.357423989748689053e+00,3.488968627421411117e+00,3.609016994374947274e+00,3.716306680043863331e+00,3.809776485888251241e+00,3.888583161128631005e+00,3.952114701314477507e+00,4.000000000000000000e+00,4.032114701314477578e+00,4.048583161128631147e+00,4.049776485888251898e+00,4.036306680043863615e+00,4.009016994374947629e+00,3.968968627421411988e+00,3.917423989748690438e+00,3.855826794978996830e+00,3.785779291565073201e+00,3.709016994374947807e+00,3.627381314585724770e+00,3.542790519529313453e+00,3.457209480470687435e+00,3.372618685414275230e+00,3.290983005625053082e+00,3.214220708434926799e+00,3.144173205021003614e+00,3.082576010251310450e+00,3.031031372578589345e+00,2.990983005625052371e+00,2.963693319956136829e+00,2.950223514111748546e+00,2.951416838871368853e+00,2.967885298685521978e+00,3.000000000000000000e+00,3.047885298685522049e+00,3.111416838871368995e+00,3.190223514111748315e+00,3.283693319956136669e+00,3.390983005625052726e+00,3.511031372578587995e+00,3.642576010251308283e+00,3.784173205021002850e+00,3.934220708434925662e+00,4.090983005625052904e+00,4.252618685414273791e+00,4.417209480470686955e+00,4.582790519529312157e+00,4.747381314585725320e+00,4.909016994374946208e+00,5.065779291565073450e+00,5.215826794978996261e+00,5.357423989748690829e+00,5.488968627421410673e+00,5.609016994374947274e+00,5.716306680043862443e+00,5.809776485888251685e+00,5.888583161128631005e+00,5.952114701314477507e+00,6.000000000000000000e+00
