3.793667191838754893e-01,2.895204560483381484e-01,2.127247241040473025e-01,1.272691037070289299e-01,4.569054795915430955e-02,-2.975420341344786612e-02,-1.003057192045669899e-01,-1.656932634241441438e-01,-2.245273792798319068e-01,-2.760497937780523880e-01,-3.208177178831912446e-01,-3.603320653162901399e-01,-3.963907834926538865e-01,-4.306206981901139486e-01,-4.642525141459089566e-01,-4.980654718160945071e-01,-5.324295792793797277e-01,-5.673982671767813235e-01,-6.028196296199936910e-01,-6.384428384038680626e-01,-6.740037558713634080e-01,-7.092819490584691966e-01,-7.441290535810617390e-01,-7.784739985677688878e-01,-8.123131041023916588e-01,-8.456928322402719189e-01,-8.786911058243407346e-01,-9.114007810262667597e-01,-9.439168653615479521e-01,-9.763277274983130916e-01,-1.008709820446031413e+00,-1.041125159618895291e+00,-1.073620775898656676e+00,-1.106229464558751374e+00,-1.138971292477356512e+00,-1.171855467341057722e+00,-1.204882295775566714e+00,-1.238045056664723198e+00,-1.271331691112756568e+00,-1.304726264012474823e+00,-1.338210187657524530e+00,-1.371763219305103254e+00,-1.405364255899701487e+00,-1.438991953623046438e+00,-1.472625200161844061e+00,-1.506243465495836542e+00,-1.539827053890553410e+00,-1.573357276421692319e+00,-1.606816560191917764e+00,-1.640188507618275615e+00,-1.673457916818584135e+00,-1.706610772181031965e+00,-1.739634212603480057e+00,-1.772516483571392687e+00,-1.805246878146059775e+00,-1.837815671009285889e+00,-1.870214048920609162e+00,-1.902434040262432013e+00,-1.934468445759091271e+00,-1.966310771945949831e+00,-1.997955168525006542e+00,-2.029396370368400149e+00,-2.060629644614872191e+00,-2.091650743042366756e+00,-2.122455859687719659e+00,-2.153041593517484475e+00,-2.183404915827687365e+00,-2.213543141960098826e+00,-2.243453906864022684e+00,-2.273135144000911989e+00,-2.302585067080227255e+00,-2.331802154124589688e+00,-2.360785133386587908e+00,-2.389532970675166901e+00,-2.418044857693026017e+00,-2.446320201035166342e+00,-2.474358611550284692e+00,-2.502159893818955538e+00,-2.529724035554071992e+00,-2.557051196778283408e+00,-2.584141698679478072e+00,-2.610996012087893892e+00,-2.637614745556904783e+00,-2.663998633063682675e+00,-2.690148521375811175e+00,-2.716065357155657001e+00,-2.741750173896147835e+00,-2.767204078799851086e+00,-2.792428239728308892e+00,-2.817423872360880210e+00,-2.842192227712215136e+00,-2.866734580165470447e+00,-2.891052216184772039e+00,-2.915146423875688786e+00,-2.939018483566988138e+00,-2.962669659590915217e+00,-2.986101193443146506e+00,-3.009314298507598462e+00,-3.032310156535619416e+00,-3.055089916074214873e+00,-3.077654693043726741e+00
3.066255810368213042e-01,1.868501850678361276e-01,2.094763056807506518e-01,1.735037870273738736e-01,9.181199123733804757e-02,7.803540033220340844e-03,-6.892103861269505138e-02,-1.399799113694401020e-01,-2.086959625446936362e-01,-2.768579911686445127e-01,-3.447731358165779803e-01,-4.122950617263819728e-01,-4.795721858965857898e-01,-5.472110326039421047e-01,-6.160470907164197207e-01,-6.868003064376669853e-01,-7.598083554620675972e-01,-8.349286909254269862e-01,-9.116169297069169897e-01,-9.891263778583989641e-01,-1.066740201632990104e+00,-1.143952381916566674e+00,-1.220549757367739963e+00,-1.296594053245675005e+00,-1.372336822988204919e+00,-1.448110903004868000e+00,-1.524233779228238328e+00,-1.600942483141118311e+00,-1.678365009197812396e+00,-1.756523160541200834e+00,-1.835356321271577329e+00,-1.914754158322403033e+00,-1.994587792880702093e+00,-2.074732469170732951e+00,-2.155078909776563911e+00,-2.235534199451594262e+00,-2.316015420544657921e+00,-2.396440151314015665e+00,-2.476717555494434286e+00,-2.556742602216103499e+00,-2.636394477926765845e+00,-2.715538925843046680e+00,-2.794033357979021304e+00,-2.871733231024943045e+00,-2.948498296728752521e+00,-3.024197759399820828e+00,-3.098713895286854481e+00,-3.171944142536094358e+00,-3.243801959746715369e+00,-3.314216856530338262e+00,-3.383133959517053757e+00,-3.450513357871955122e+00,-3.516329338339929222e+00,-3.580569516382667405e+00,-3.643233817061892754e+00,-3.704333255376152323e+00,-3.763888496009842655e+00,-3.821928217519419135e+00,-3.878487348309308302e+00,-3.933605269346498012e+00,-3.987324086283584812e+00,-4.039687062576668097e+00,-4.090737280670659004e+00,-4.140516567607498644e+00,-4.189064691326140455e+00,-4.236418809401422791e+00,-4.282613135471241783e+00,-4.327678780336635000e+00,-4.371643723346251065e+00,-4.414532873128945489e+00,-4.456368182912227915e+00,-4.497168792846660601e+00,-4.536951178785439076e+00,-4.575729293205650805e+00,-4.613514689156583692e+00,-4.650316622277066436e+00,-4.686142129154028169e+00,-4.720996082753289969e+00,-4.754881227496841056e+00,-4.787798197931070199e+00,-4.819745525956754761e+00,-4.850719642393842790e+00,-4.880714879343151402e+00,-4.909723480484994518e+00,-4.937735627210575906e+00,-4.964739489388305671e+00,-4.990721310674492095e+00,-5.015665539610839829e+00,-5.039555019301924510e+00,-5.062371250187249316e+00,-5.084094742218676188e+00,-5.104705474466626924e+00,-5.124183481572013754e+00,-5.142509587202963139e+00,-5.159666304319808106e+00,-5.175638920023381218e+00,-5.190416778354797422e+00,-5.203994766812660266e+00,-5.216375000682957008e+00,-5.227568682715365789e+00,-5.237598093626684381e+00
1.590558628631968396e-01,-1.129271234447926098e-02,-1.869868670384133846e-03,-3.885830309968779650e-02,-1.135299060328374687e-01,-2.067606432158161089e-01,-2.964078152107277875e-01,-3.823476821017836036e-01,-4.695540094172607759e-01,-5.605831585116504145e-01,-6.562149526515621556e-01,-7.564914757782581489e-01,-8.612037843844091434e-01,-9.700088868781671092e-01,-1.082462228368315182e+00,-1.198028917126515935e+00,-1.316079716428333102e+00,-1.435896243595254695e+00,-1.556702392068474383e+00,-1.677712078839601828e+00,-1.798170783311284104e+00,-1.917377345867480543e+00,-2.034688182230478759e+00,-2.149514128284151671e+00,-2.261318481649454704e+00,-2.369619200771746481e+00,-2.473993878876135533e+00,-2.574084599048739097e+00,-2.669600341584119629e+00,-2.760315989343891108e+00,-2.846068214940734364e+00,-2.926749204956027306e+00,-3.002299293286035731e+00,-3.072699370528740648e+00,-3.137963637383737847e+00,-3.198132999605593163e+00,-3.253269192930226872e+00,-3.303449576294915868e+00,-3.348762436747802163e+00,-3.389302609362768948e+00,-3.425167227076707732e+00,-3.456451468955099582e+00,-3.483244256883163192e+00,-3.505623946300983729e+00,-3.523654156425450434e+00,-3.537379984150148982e+00,-3.546824941336426118e+00,-3.551989045774469389e+00,-3.552848577384764450e+00,-3.549358073432083760e+00,-3.541455161682567798e+00,-3.529068790602198025e+00,-3.512131273281079658e+00,-3.490594274709859945e+00,-3.464448407094211202e+00,-3.433745454106683415e+00,-3.398621484310193619e+00,-3.359318387054456068e+00,-3.316200908714524331e+00,-3.269766355264637436e+00,-3.220644954045127406e+00,-3.169590413659126860e+00,-3.117462159779916142e+00,-3.065202456548383747e+00,-3.013812467349787028e+00,-2.964330799591502252e+00,-2.917816235670364744e+00,-2.875333776627988946e+00,-2.837940826683975626e+00,-2.806669350836724863e+00,-2.782500725341903181e+00,-2.766332606908513458e+00,-2.758940565318172666e+00,-2.760940142566169708e+00,-2.772756232648521557e+00,-2.794605669691458960e+00,-2.826495996397647037e+00,-2.868239597043156675e+00,-2.919478963190201171e+00,-2.979716718173472056e+00,-3.048343445676350516e+00,-3.124657138499561171e+00,-3.207869843950468258e+00,-3.297099602032509402e+00,-3.391349003950893781e+00,-3.489475642442048997e+00,-3.590164279983659057e+00,-3.691915396784865244e+00,-3.793068996642599444e+00,-3.891883782852032070e+00,-3.986685394195061960e+00,-4.076077926082918523e+00,-4.159180413564974366e+00,-4.235816139025770255e+00,-4.306569304217187977e+00,-4.372650736568135521e+00,-4.435585332403314318e+00,-4.496821323505506562e+00,-4.557408062642247515e+00,-4.617851741819702482e+00,-4.678160686487682796e+00
-1.584033305173965234e-02,-2.127930648847871642e-01,-2.203068304635230623e-01,-3.153267525216200129e-01,-4.559599226279787976e-01,-6.023058787928067259e-01,-7.390969371147592115e-01,-8.683214146199769168e-01,-9.967398404396157208e-01,-1.128051148615572208e+00,-1.262325367258696485e+00,-1.397643945794121656e+00,-1.531614588444152991e+00,-1.662385305105485100e+00,-1.788940077435759335e+00,-1.910816218301638170e+00,-2.027673907024326372e+00,-2.139045094243777090e+00,-2.244316290278054016e+00,-2.342834231942438006e+00,-2.434012871167817949e+00,-2.517382094923671598e+00,-2.592577433679684518e+00,-2.659297682738112290e+00,-2.717258790150228975e+00,-2.766162337280447137e+00,-2.805686325939583003e+00,-2.835498952999987221e+00,-2.855292593849308336e+00,-2.864833899753630231e+00,-2.864025216895130121e+00,-2.852971259205648202e+00,-2.832042486342299714e+00,-2.801923231014093574e+00,-2.763629754705961172e+00,-2.718483600893265351e+00,-2.668031432240351108e+00,-2.613914763598767621e+00,-2.557708874153180822e+00,-2.500763590194186037e+00,-2.444083211694059621e+00,-2.388276064594678783e+00,-2.333588760464883727e+00,-2.280022046721221773e+00,-2.227509352644623686e+00,-2.176128222882214303e+00,-2.126308542282012048e+00,-2.078998582318789090e+00,-2.035750465197836867e+00,-1.998693216633826264e+00,-1.970378336681235076e+00,-1.953511934375441239e+00,-1.950624038795370385e+00,-1.963754237207643527e+00,-1.994230879677551194e+00,-2.042575746983892770e+00,-2.108496611461458947e+00,-2.190890050610386108e+00,-2.287812551382630843e+00,-2.396473324175790953e+00,-2.513377570257396165e+00,-2.634723746051808480e+00,-2.757008964381059357e+00,-2.877599468942206862e+00,-2.994970316408275934e+00,-3.108524001127349834e+00,-3.218172688156633487e+00,-3.323943255387794338e+00,-3.425740157707541034e+00,-3.523264134519798141e+00,-3.616033616555963448e+00,-3.703460447060001215e+00,-3.784943955594050280e+00,-3.859955588764949042e+00,-3.928096039003961870e+00,-3.989119123547604673e+00,-4.042927010462384452e+00,-4.089546622364678363e+00,-4.129097610892589643e+00,-4.161760242266044685e+00,-4.187748638702416315e+00,-4.207292084363301043e+00,-4.220624957763543073e+00,-4.227984385628071884e+00,-4.229613832121384753e+00,-4.225770379983688763e+00,-4.216733277924660683e+00,-4.202811330553943847e+00,-4.184346873237281272e+00,-4.161714448592902293e+00,-4.135312963262862240e+00,-4.105551114654188538e+00,-4.072827211617544130e+00,-4.037505998271114116e+00,-3.999896396776518870e+00,-3.960234785387949152e+00,-3.918678118728844417e+00,-3.875309649149182079e+00,-3.830157314271024127e+00,-3.783221546320037376e+00,-3.734506350932500940e+00
3.821276541934883753e-01,3.085043323919892666e-01,2.603464024449613778e-01,2.072348696703105730e-01,1.617391401500916648e-01,1.228769194373506290e-01,8.885388076413894276e-02,5.963265055577493534e-02,3.571817596578683029e-02,1.710858464087514075e-02,3.116656343043283650e-03,-7.351709523512606204e-03,-1.543394919401591681e-02,-2.206509594208960756e-02,-2.789113536027376661e-02,-3.329230930828364077e-02,-3.845339709097206349e-02,-4.343862946099441569e-02,-4.825179571392046451e-02,-5.287677560164449897e-02,-5.730068890517442393e-02,-6.152415695099028303e-02,-6.556323202713565390e-02,-6.944673379406796077e-02,-7.321168813503675654e-02,-7.689858509864899716e-02,-8.054738209847234209e-02,-8.419461335561773119e-02,-8.787161315239638837e-02,-9.160367742943364977e-02,-9.540992444903995118e-02,-9.930362277577930996e-02,-1.032927962615027839e-01,-1.073809661501707313e-01,-1.115679360770428508e-01,-1.158505610771370931e-01,-1.202234662406003185e-01,-1.246796963157699167e-01,-1.292112870209548570e-01,-1.338097544678578110e-01,-1.384665026509977470e-01,-1.431731514652023751e-01,-1.479217896905636875e-01,-1.527051590042429741e-01,-1.575167763438504176e-01,-1.623510028087373769e-01,-1.672030677100364571e-01,-1.720690563759222913e-01,-1.769458699358882336e-01,-1.818311646267196657e-01,-1.867232772762238424e-01,-1.916211426203467960e-01,-1.965242070753670522e-01,-2.014323425831405223e-01,-2.063457632195904168e-01,-2.112649464336758820e-01,-2.161905600807161321e-01,-2.211233958341268235e-01,-2.260643090993514903e-01,-2.310141652039982563e-01,-2.359737913868275028e-01,-2.409439339416785675e-01,-2.459252197767768378e-01,-2.509181216116471713e-01,-2.559229260404005668e-01,-2.609397037300782429e-01,-2.659682810858903235e-01,-2.710082127929296369e-01,-2.760587547289885535e-01,-2.811188368295767237e-01,-2.861870355696163326e-01,-2.912615458031080351e-01,-2.963401517701690357e-01,-3.014201971388602574e-01,-3.064985539966953443e-01,-3.115715907439007282e-01,-3.166351388681636347e-01,-3.216844586000100481e-01,-3.267142034607299905e-01,-3.317183837227835053e-01,-3.366903288079410306e-01,-3.416226486533305851e-01,-3.465071940824309138e-01,-3.513350162294077705e-01,-3.560963250838244942e-01,-3.607804472515235839e-01,-3.653757830697743625e-01,-3.698697632742136143e-01,-3.742488054960314559e-01,-3.784982709752128249e-01,-3.826024220153616540e-01,-3.865443808847288665e-01,-3.903060910949043283e-01,-3.938682822731272015e-01,-3.972104401980995902e-01,-4.003107840062281042e-01,-4.031462531112952608e-01,-4.056925070335122285e-01,-4.079239421235947294e-01,-4.098137301148815359e-01,-4.113338845626253182e-01
3.079660780422709410e-01,1.876327951721887821e-01,2.160125288288811118e-01,1.817782065463672270e-01,1.219766116319160043e-01,6.980645398985130257e-02,2.619651473587569779e-02,-1.081051466930321725e-02,-4.325835948359890715e-02,-7.280357210727861350e-02,-1.006361911350431293e-01,-1.277138124757716264e-01,-1.549415687439804623e-01,-1.831425482080931144e-01,-2.129217703152406216e-01,-2.445605611099932464e-01,-2.780046670892755145e-01,-3.129394608024228530e-01,-3.489120294513172738e-01,-3.854569306291814046e-01,-4.221956223745904069e-01,-4.588961320584982184e-01,-4.954918158047947330e-01,-5.320650153489747680e-01,-5.688053142882248947e-01,-6.059544359495121491e-01,-6.437503830284346806e-01,-6.823816567976245251e-01,-7.219586287435751926e-01,-7.625044755524252871e-01,-8.039637605898481976e-01,-8.462236149738435742e-01,-8.891409178644418265e-01,-9.325688897408106470e-01,-9.763778220216807746e-01,-1.020466822591671763e+00,-1.064765909108092323e+00,-1.109229977289216240e+00,-1.153827671602511984e+00,-1.198528762692331773e+00,-1.243293305362582535e+00,-1.288064837429867104e+00,-1.332768531257478406e+00,-1.377313894896573743e+00,-1.421600636980869803e+00,-1.465525828723825974e+00,-1.508990540822445992e+00,-1.551904598516344214e+00,-1.594188797835511151e+00,-1.635774648478102833e+00,-1.676602272575299590e+00,-1.716617384255415324e+00,-1.755768281766754146e+00,-1.794003560687654542e+00,-1.831270910764140503e+00,-1.867517006480481356e+00,-1.902688233530359874e+00,-1.936731856313288702e+00,-1.969597225814995411e+00,-2.001236719188156155e+00,-2.031606242708533738e+00,-2.060665270699699292e+00,-2.088376500060808993e+00,-2.114705257239708480e+00,-2.139618803250110002e+00,-2.163085655956893838e+00,-2.185075005494319988e+00,-2.205556254925148174e+00,-2.224498685112278107e+00,-2.241871224563602549e+00,-2.257642300472776142e+00,-2.271779751835820704e+00,-2.284250794080067593e+00,-2.295022032749592267e+00,-2.304059528924314648e+00,-2.311328920579430513e+00,-2.316795602824673228e+00,-2.320424967438687425e+00,-2.322182699913358572e+00,-2.322035131457029333e+00,-2.319949644462645733e+00,-2.315895132494586672e+00,-2.309842519023482588e+00,-2.301765341834202783e+00,-2.291640411188269333e+00,-2.279448548658275620e+00,-2.265175409710995957e+00,-2.248812386712188527e+00,-2.230357580619724445e+00,-2.209816820148741812e+00,-2.187204697813337262e+00,-2.162545584275850530e+00,-2.135874577145320252e+00,-2.107238338862283289e+00,-2.076695781357961401e+00,-2.044318563081777285e+00,-2.010191376473618341e+00,-1.974412020100735354e+00,-1.937091267931483340e+00,-1.898352566450475010e+00,-1.858331605935927833e+00
1.638459574285604514e-01,-2.414017259807943461e-02,-3.117329812609320738e-02,-7.560711475399650716e-02,-1.402738433741179125e-01,-2.050223369002582285e-01,-2.578360818447879010e-01,-3.070895205034318565e-01,-3.581896283178180873e-01,-4.125331265304401640e-01,-4.702999600564803373e-01,-5.314873978926605291e-01,-5.960076174887578571e-01,-6.637069057268986105e-01,-7.344008232803124203e-01,-8.078789503346690548e-01,-8.838872102827159960e-01,-9.621103390081404694e-01,-1.042165386169621843e+00,-1.123604108619321806e+00,-1.205916882134548507e+00,-1.288534230586843687e+00,-1.370828444196102947e+00,-1.452120762847169733e+00,-1.531697686875360453e+00,-1.608835579666636706e+00,-1.682828991938726038e+00,-1.753016840247206165e+00,-1.818801761029146924e+00,-1.879660545747269484e+00,-1.935146178821172569e+00,-1.984883718115206808e+00,-2.028562838794374379e+00,-2.065929580173974323e+00,-2.096779136535195320e+00,-2.120950775904088648e+00,-2.138325341770800136e+00,-2.148825332900967222e+00,-2.152417227477683603e+00,-2.149115460112811515e+00,-2.138987230210551704e+00,-2.122157108843772733e+00,-2.098810248749123364e+00,-2.069192950619290539e+00,-2.033609476614837597e+00,-1.992414395906668911e+00,-1.946000418599659110e+00,-1.894782566474419561e+00,-1.839180489771842453e+00,-1.779601539799180898e+00,-1.716427599346318278e+00,-1.650008473803117770e+00,-1.580663814682397028e+00,-1.508694216619604234e+00,-1.434400569500096978e+00,-1.358109277577712604e+00,-1.280199839007852836e+00,-1.201130647473813706e+00,-1.121458739755308409e+00,-1.041849515711076091e+00,-9.630731876247171641e-01,-8.859859708565436254e-01,-8.114959689971423806e-01,-7.405163648004824406e-01,-6.739115325004776391e-01,-6.124441468988514048e-01,-5.567321400395570663e-01,-5.072227039097404466e-01,-4.641867218643083159e-01,-4.277323535072302674e-01,-3.978327230429178352e-01,-3.743609872968111096e-01,-3.571266564933771592e-01,-3.459091399571232461e-01,-3.404869270127800496e-01,-3.406625978156958556e-01,-3.462844814109243829e-01,-3.572652479866796904e-01,-3.735964334686523447e-01,-3.953564579133446166e-01,-4.227087907002812228e-01,-4.558871235268933120e-01,-4.951660413759507717e-01,-5.408185405655907552e-01,-5.930650435844806445e-01,-6.520210957463743462e-01,-7.176515871955118087e-01,-7.897377801958842536e-01,-8.678604597701093937e-01,-9.513998159272465394e-01,-1.039551520847679544e+00,-1.131358646515857158e+00,-1.225758812615973303e+00,-1.321643645476613171e+00,-1.417923687112796260e+00,-1.513588798554406534e+00,-1.607754299334734460e+00,-1.699686856543254798e+00,-1.788809494261868416e+00,-1.874689509633947537e+00,-1.957015174759947129e+00
-4.052022441252189910e-03,-2.293704752293873605e-01,-2.731582617501073784e-01,-3.948937157356693373e-01,-5.311126715693560429e-01,-6.486750321200488445e-01,-7.499900811233100040e-01,-8.441246978369343346e-01,-9.373516823388643449e-01,-1.031972194738921100e+00,-1.127812169615744375e+00,-1.223699984686001274e+00,-1.318458574825438046e+00,-1.411285257160367124e+00,-1.501632456395485926e+00,-1.588899081433718719e+00,-1.672195865369958678e+00,-1.750288522116487222e+00,-1.821697792914649838e+00,-1.884882271560671896e+00,-1.938427531638047263e+00,-1.981188662125122679e+00,-2.012364580146346338e+00,-2.031508185626250906e+00,-2.038490170398314039e+00,-2.033437225605762677e+00,-2.016662453231622631e+00,-1.988601212086101189e+00,-1.949761094337863376e+00,-1.900690212894638798e+00,-1.841963393629989731e+00,-1.774181901291599139e+00,-1.697980169916373239e+00,-1.614033579592723644e+00,-1.523064783883433693e+00,-1.425851709380165255e+00,-1.323246377658785056e+00,-1.216217227382259569e+00,-1.105924718484017300e+00,-9.938269412510112311e-01,-8.817881727625902499e-01,-7.721361777592037345e-01,-6.676019428774245812e-01,-5.711013828510013157e-01,-4.853881709781631137e-01,-4.126869040934230126e-01,-3.544461927289399572e-01,-3.112992103464322646e-01,-2.832188374583360924e-01,-2.697763705208147123e-01,-2.703978116592903325e-01,-2.845468054467445995e-01,-3.118107960095319875e-01,-3.519010176920457367e-01,-4.045921949650427285e-01,-4.696295091498337015e-01,-5.466244367196263498e-01,-6.349519565930703546e-01,-7.336542382783652894e-01,-8.413566424745391181e-01,-9.562151320942757771e-01,-1.075932926386915289e+00,-1.197884612673198124e+00,-1.319346512173332098e+00,-1.437768440220327903e+00,-1.550985880965832786e+00,-1.657298327388211145e+00,-1.755408880878859268e+00,-1.844281445073167713e+00,-1.922992777104702178e+00,-1.990639742165345005e+00,-2.046328059385957854e+00,-2.089236824752277677e+00,-2.118732470499169018e+00,-2.134497010782872461e+00,-2.136634674692732272e+00,-2.125724999060133236e+00,-2.102798822447885296e+00,-2.069228502781383483e+00,-2.026545771749631797e+00,-1.976224875277544868e+00,-1.919484498637694880e+00,-1.857160344777087246e+00,-1.789681135037951343e+00,-1.717153176086130273e+00,-1.639532173923259339e+00,-1.556839559481205448e+00,-1.469364894737731575e+00,-1.377790716783503289e+00,-1.283191006936098555e+00,-1.186893640516398118e+00,-1.090248758718319610e+00,-9.943829606164227286e-01,-9.000198421856837605e-01,-8.074075350560261377e-01,-7.163407933028579366e-01,-6.262604232409360039e-01,-5.365371926190443119e-01,-4.472626026441135494e-01,-3.606464239686577589e-01,-2.817307551514303121e-01
3.479479558689760887e-01,2.917566691625235187e-01,2.670270283949365275e-01,2.442545727386917220e-01,2.278701273235504143e-01,2.088881331647476358e-01,1.842743300788778349e-01,1.564292977325517919e-01,1.286681673627108335e-01,1.029901526754601893e-01,8.002832881646770868e-02,5.968887886520468644e-02,4.165965613153665981e-02,2.563435472249675495e-02,1.136259402264816476e-02,-1.361638253457531089e-03,-1.271925719671862520e-02,-2.287782421129097576e-02,-3.199555581459456732e-02,-4.022083482570931734e-02,-4.769008211252928620e-02,-5.452573058487580893e-02,-6.083509886803584177e-02,-6.671034665867670022e-02,-7.222935733847202222e-02,-7.745725279697168730e-02,-8.244822758365633053e-02,-8.724743837383608369e-02,-9.189276040179783500e-02,-9.641629950282937234e-02,-1.008456130676990137e-01,-1.052046404821336267e-01,-1.095143737108461579e-01,-1.137933143988266727e-01,-1.180577688296544081e-01,-1.223220297877430918e-01,-1.265984877573928524e-01,-1.308977052402992003e-01,-1.352284789365715278e-01,-1.395979062022411066e-01,-1.440114651866931106e-01,-1.484731126136487611e-01,-1.529853992811948116e-01,-1.575496008368402201e-01,-1.621658599698122538e-01,-1.668333355759901715e-01,-1.715503544371146383e-01,-1.763145613065006390e-01,-1.811230638502784318e-01,-1.859725695442413507e-01,-1.908595122970854763e-01,-1.957801672144994232e-01,-2.007307525075025523e-01,-2.057075180677014337e-01,-2.107068206748176076e-01,-2.157251861662733416e-01,-2.207593591866203742e-01,-2.258063413504842187e-01,-2.308634188026437717e-01,-2.359281802502641301e-01,-2.409985265834921897e-01,-2.460726732001154993e-01,-2.511491461164699901e-01,-2.562267728882385853e-01,-2.613046692886882294e-01,-2.663822226046672625e-01,-2.714590723177676690e-01,-2.765350888438402599e-01,-2.816103509118822457e-01,-2.866851220757294927e-01,-2.917598267705495685e-01,-2.968350262519582339e-01,-3.019113946891088807e-01,-3.069896956244121400e-01,-3.120707589614727384e-01,-3.171554585989466712e-01,-3.222446907908342872e-01,-3.273393532826679442e-01,-3.324403252475086612e-01,-3.375484480251325081e-01,-3.426645066516633698e-01,-3.477892121547880855e-01,-3.529231845811160451e-01,-3.580669367168810568e-01,-3.632208584607268254e-01,-3.683852018075350898e-01,-3.735600664048999153e-01,-3.787453856488633974e-01,-3.839409132926419055e-01,-3.891462105513170400e-01,-3.943606336966318793e-01,-3.995833221491358334e-01,-4.048131870898050710e-01,-4.100489006298577710e-01,-4.152888855957015402e-01,-4.205313060056118379e-01,-4.257740583357303432e-01,-4.310147636950755201e-01,-4.362507610522238233e-01,-4.414791016798982337e-01,-4.466965450075072175e-01
2.781738833555923440e-01,1.561430577454677726e-01,1.803137486987472782e-01,1.571006511701627528e-01,1.201551246722593613e-01,8.367198974875872386e-02,4.588424424356879472e-02,8.009583760828803412e-03,-2.868115475637056377e-02,-6.386208649622171496e-02,-9.766576841453433744e-02,-1.304358292179491619e-01,-1.626643300477983445e-01,-1.948761671498077108e-01,-2.274822068317920998e-01,-2.606944851089366688e-01,-2.945326395515168727e-01,-3.288901439471381138e-01,-3.636154777558459061e-01,-3.985778613719601626e-01,-4.337060956914068344e-01,-4.690015082953242764e-01,-5.045311160367043080e-01,-5.404080665949336781e-01,-5.767660470827229435e-01,-6.137336323146409534e-01,-6.514133954725374043e-01,-6.898688936887185097e-01,-7.291205913443589148e-01,-7.691498251748163373e-01,-8.099084475186715260e-01,-8.513310422426909607e-01,-8.933466378267089780e-01,-9.358875258683279075e-01,-9.788938904118014150e-01,-1.022314158237410675e+00,-1.066101996392989859e+00,-1.110211499134024393e+00,-1.154592241613430215e+00,-1.199185584942202620e+00,-1.243923045562270291e+00,-1.288726880177148537e+00,-1.333512460707838576e+00,-1.378191644149721506e+00,-1.422676230904092565e+00,-1.466880732999672698e+00,-1.510723967734899365e+00,-1.554129352321670154e+00,-1.597024102027099657e+00,-1.639337754309253770e+00,-1.681000519993624431e+00,-1.721941906216714502e+00,-1.762089903540257740e+00,-1.801370836979278245e+00,-1.839709803061561288e+00,-1.877031493508364512e+00,-1.913261159628177221e+00,-1.948325496203103580e+00,-1.982153298338876102e+00,-2.014675839882782427e+00,-2.045827009055998680e+00,-2.075543295620779549e+00,-2.103763745696156651e+00,-2.130429988088891058e+00,-2.155486400531450464e+00,-2.178880439557791870e+00,-2.200563116732490609e+00,-2.220489575235541135e+00,-2.238619707816640769e+00,-2.254918758646918597e+00,-2.269357863327075009e+00,-2.281914497767781214e+00,-2.292572822745174044e+00,-2.301323923021606710e+00,-2.308165946326171447e+00,-2.313104148437798546e+00,-2.316150847812419755e+00,-2.317325289152921464e+00,-2.316653412576653803e+00,-2.314167525470443021e+00,-2.309905878495409404e+00,-2.303912155017220798e+00,-2.296234892948595618e+00,-2.286926867468104696e+00,-2.276044470157503330e+00,-2.263647123073861511e+00,-2.249796764218744638e+00,-2.234557433754725153e+00,-2.217994978946968843e+00,-2.200176881613111313e+00,-2.181172196682926945e+00,-2.161051576268885999e+00,-2.139887342276916016e+00,-2.117753563537871475e+00,-2.094726091666576195e+00,-2.070882513639742406e+00,-2.046301987999466387e+00,-2.021064944552584564e+00,-1.995252642859782100e+00,-1.968946600821942283e+00,-1.942227919386082746e+00
1.498503861823567429e-01,-5.724660954071997265e-02,-8.663232163023343313e-02,-1.386707131477168953e-01,-1.971178664032608996e-01,-2.480584961743179107e-01,-2.918384891592934460e-01,-3.407924619788327281e-01,-3.974828507435145264e-01,-4.592843176002217032e-01,-5.235218446684598570e-01,-5.887120518826168825e-01,-6.544057214497108754e-01,-7.208226213385504622e-01,-7.884548821812089603e-01,-8.577508656138828069e-01,-9.289456097817649916e-01,-1.002023729736543300e+00,-1.076760481826975147e+00,-1.152785695653467446e+00,-1.229635229008761765e+00,-1.306779289256449816e+00,-1.383634440846286617e+00,-1.459571959812472786e+00,-1.533931879266410725e+00,-1.606045106752351348e+00,-1.675260198974804160e+00,-1.740969002029956414e+00,-1.802626168161308939e+00,-1.859760011053906759e+00,-1.911974705702475852e+00,-1.958945584012929064e+00,-2.000410032864845089e+00,-2.036156486217284733e+00,-2.066013549293707730e+00,-2.089840683154438938e+00,-2.107521295382762894e+00,-2.118958617571601089e+00,-2.124074422402125073e+00,-2.122810416036749803e+00,-2.115131987297047544e+00,-2.101033855526050154e+00,-2.080547003205955203e+00,-2.053746105843068825e+00,-2.020756514417081817e+00,-1.981759771374410839e+00,-1.936996731798955818e+00,-1.886767680541968417e+00,-1.831429382108150428e+00,-1.771389665424486726e+00,-1.707100712778968132e+00,-1.639052425302079730e+00,-1.567766889322848023e+00,-1.493794104303706627e+00,-1.417708081919387908e+00,-1.340101721842688720e+00,-1.261579005096348460e+00,-1.182744161646334113e+00,-1.104189169966183659e+00,-1.026482400870724288e+00,-9.501615643364276220e-01,-8.757329845117585165e-01,-8.036770287701475723e-01,-7.344572743820909633e-01,-6.685297659525089031e-01,-6.063489923211037302e-01,-5.483687139565897040e-01,-4.950377071737602774e-01,-4.467920387847652552e-01,-4.040461771976944227e-01,-3.671850696026666139e-01,-3.365585680280498426e-01,-3.124786554774409142e-01,-2.952191078200812058e-01,-2.850166764811468134e-01,-2.820726088381924068e-01,-2.865532842988556261e-01,-2.985888691302035491e-01,-3.182691413841760575e-01,-3.456360017028776710e-01,-3.806726799659299054e-01,-4.232902755723124688e-01,-4.733129854935523850e-01,-5.304640518865617604e-01,-5.943548910613059011e-01,-6.644798201486377121e-01,-7.402181571671950788e-01,-8.208443514110579375e-01,-9.055455692501432896e-01,-9.934452408413074753e-01,-1.083630655185264802e+00,-1.175182587485871455e+00,-1.267204802459499735e+00,-1.358850994829432279e+00,-1.449346626232297375e+00,-1.538003658463932499e+00,-1.624227474413563410e+00,-1.707516875194776906e+00,-1.787459236378388105e+00,-1.863723217348702388e+00,-1.936050867396208908e+00
4.652682832895216336e-07,-2.551229380977702021e-01,-3.312640309646245340e-01,-4.671225936161101933e-01,-5.990401479080101899e-01,-7.036188326824340811e-01,-7.924126987325750271e-01,-8.769783052501167742e-01,-9.628994578907310586e-01,-1.051469799213577083e+00,-1.141762162143724391e+00,-1.232142552331135343e+00,-1.321209982424350615e+00,-1.408097355895199465e+00,-1.492324651386909506e+00,-1.573507993542007766e+00,-1.651133217023479594e+00,-1.724464006112220060e+00,-1.792565345562185275e+00,-1.854389625827371990e+00,-1.908874110324454865e+00,-1.955016020974972069e+00,-1.991913058762499578e+00,-2.018774749376948563e+00,-2.034919531195216180e+00,-2.039773959741727261e+00,-2.032886308257324970e+00,-2.013960002082577194e+00,-1.982904473256268840e+00,-1.939893021556659214e+00,-1.885410292072993599e+00,-1.820268588838091617e+00,-1.745576092114967004e+00,-1.662653467348811143e+00,-1.572915864989592016e+00,-1.477756248280171603e+00,-1.378472148381278073e+00,-1.276264856451647223e+00,-1.172311266749940906e+00,-1.067876584788350458e+00,-9.644158228034060976e-01,-8.636131971317182465e-01,-7.673314982181307364e-01,-6.774793445108673318e-01,-5.958383122752155536e-01,-5.239087822295828145e-01,-4.628242199228410625e-01,-4.133536671547378694e-01,-3.759780647580207580e-01,-3.510035877251159731e-01,-3.386707671334593384e-01,-3.392288182303930810e-01,-3.529623028099453386e-01,-3.801732129211843336e-01,-4.211297627948211719e-01,-4.759926687239691701e-01,-5.447245506159025252e-01,-6.269850375008755305e-01,-7.220190059743106792e-01,-8.285596436692994615e-01,-9.447859286047959326e-01,-1.068379839501037987e+00,-1.196700992125069307e+00,-1.327033381774989307e+00,-1.456804939572446278e+00,-1.583696709127923707e+00,-1.705639476794677201e+00,-1.820762367441772778e+00,-1.927355851823225219e+00,-2.023865709755316100e+00,-2.108898189424787795e+00,-2.181213734967676565e+00,-2.239705701524868697e+00,-2.283379032962220556e+00,-2.311350044194226072e+00,-2.322884402363471601e+00,-2.317482788841949581e+00,-2.295014399258778592e+00,-2.255883317959940904e+00,-2.201188400950708335e+00,-2.132810709770188495e+00,-2.053356010117015629e+00,-1.965917516118098174e+00,-1.873702207006053833e+00,-1.779636627213080580e+00,-1.686079624341989769e+00,-1.594710044110235092e+00,-1.506573381941165746e+00,-1.422218258606288366e+00,-1.341849783744871960e+00,-1.265453852967454385e+00,-1.192877143255141714e+00,-1.123866995055568863e+00,-1.058082114422108866e+00,-9.950839828945738930e-01,-9.343150256036159007e-01,-8.750661208351040443e-01,-8.164353255372995832e-01,-7.572859878242266252e-01,-6.962350916611821372e-01,-6.317555324534098737e-01
2.926993015423834943e-01,2.674316333258073830e-01,2.536422172626015548e-01,2.275896957840345680e-01,2.003730561565033041e-01,1.632240321117947313e-01,1.133029716222750949e-01,5.555057685413650193e-02,-4.773371145137095262e-03,-6.477237736538099533e-02,-1.232406992804957468e-01,-1.797019532264170216e-01,-2.339062496084928777e-01,-2.856628769566345039e-01,-3.348280612945351287e-01,-3.813388589676689477e-01,-4.252397348553953460e-01,-4.666841567130521895e-01,-5.059139950230086002e-01,-5.432273778508054374e-01,-5.789453051819927198e-01,-6.133835878304030320e-01,-6.468328075858258419e-01,-6.795463408251607440e-01,-7.117351406248767498e-01,-7.435675416080990141e-01,-7.751724164714615117e-01,-8.066442828868685133e-01,-8.380492780256234564e-01,-8.694312177608654046e-01,-9.008172162785570425e-01,-9.322225549703455627e-01,-9.636546580141400753e-01,-9.951161581413068280e-01,-1.026607122801493244e+00,-1.058126562695804740e+00,-1.089673367381564395e+00,-1.121246813328283354e+00,-1.152846775635040455e+00,-1.184473752214241449e+00,-1.216128783990580775e+00,-1.247813330416531974e+00,-1.279529138711385627e+00,-1.311278128749748806e+00,-1.343062303571403548e+00,-1.374883687575318092e+00,-1.406744289818106175e+00,-1.438646087608097535e+00,-1.470591024983308515e+00,-1.502581021036822895e+00,-1.534617983920276929e+00,-1.566703827382862624e+00,-1.598840487685445400e+00,-1.631029939560473263e+00,-1.663274210529119168e+00,-1.695575393340428949e+00,-1.727935656588661884e+00,-1.760357253729125215e+00,-1.792842530784869659e+00,-1.825393933047704031e+00,-1.858014011051894787e+00,-1.890705426056014549e+00,-1.923470955219931611e+00,-1.956313496617380743e+00,-1.989236074183848402e+00,-2.022241842665697842e+00,-2.055334092609488295e+00,-2.088516255408964462e+00,-2.121791908409779381e+00,-2.155164780057152285e+00,-2.188638755058012197e+00,-2.222217879515728356e+00,-2.255906365981495298e+00,-2.289708598351363200e+00,-2.323629136521484728e+00,-2.357672720696261770e+00,-2.391844275224739746e+00,-2.426148911819864029e+00,-2.460591931993130199e+00,-2.495178828514029945e+00,-2.529915285679437797e+00,-2.564807178153120759e+00,-2.599860568109914283e+00,-2.635081700393163029e+00,-2.670476995367993212e+00,-2.706053039127332305e+00,-2.741816570682668264e+00,-2.777774465748091615e+00,-2.813933716704661414e+00,-2.850301408313670848e+00,-2.886884688732810123e+00,-2.923690735379802952e+00,-2.960726715185263647e+00,-2.997999738781878420e+00,-3.035516808192467497e+00,-3.073284757607084750e+00,-3.111310186881397488e+00,-3.149599387447706622e+00,-3.188158260408656908e+00,-3.226992226684790133e+00,-3.266106129213252274e+00
2.213213871760976725e-01,1.009419405313958795e-01,1.126669302974423192e-01,8.815301183489590575e-02,4.390671764676357114e-02,-1.021965080853193264e-02,-7.306278261634935323e-02,-1.408994277231271353e-01,-2.104772445303400019e-01,-2.803336252126387151e-01,-3.499407409236795496e-01,-4.192317219453649546e-01,-4.884164821426288938e-01,-5.577703275931926719e-01,-6.274259835073580094e-01,-6.972813476923753750e-01,-7.670433469787343306e-01,-8.363534839211239635e-01,-9.049234968219523889e-01,-9.726292948229562363e-01,-1.039542682426026765e+00,-1.105906754850862539e+00,-1.172075285172370362e+00,-1.238439367818402026e+00,-1.305360198513802139e+00,-1.373119654764861863e+00,-1.441893286523432627e+00,-1.511744785123454449e+00,-1.582637340129223746e+00,-1.654455496156399086e+00,-1.727030994059953750e+00,-1.800167258730305697e+00,-1.873659134762734269e+00,-1.947306548968594342e+00,-2.020922467518416532e+00,-2.094336522691159885e+00,-2.167395985550141457e+00,-2.239965531625168538e+00,-2.311926745522862703e+00,-2.383177775667315590e+00,-2.453633140313888017e+00,-2.523223464982865316e+00,-2.591894888278522213e+00,-2.659607952818159315e+00,-2.726335933538489353e+00,-2.792062689788015195e+00,-2.856780223881417058e+00,-2.920486172528664159e+00,-2.983181451190004552e+00,-3.044868227654188519e+00,-3.105548336634933015e+00,-3.165222177868109554e+00,-3.223888078567723525e+00,-3.281542055086969611e+00,-3.338177881592169882e+00,-3.393787365009756751e+00,-3.448360732216559033e+00,-3.501887052631978747e+00,-3.554354641834020612e+00,-3.605751414839991398e+00,-3.656065177643752939e+00,-3.705283860255307538e+00,-3.753395703019931418e+00,-3.800389410770835141e+00,-3.846254287603055211e+00,-3.890980360400914329e+00,-3.934558493425623915e+00,-3.976980490755125608e+00,-4.018239179219040835e+00,-4.058328462239338741e+00,-4.097243334751815347e+00,-4.134979850859955341e+00,-4.171535038558942254e+00,-4.206906759195531365e+00,-4.241093512790341968e+00,-4.274094193573507283e+00,-4.305907802873512047e+00,-4.336533128809533899e+00,-4.365968404140454950e+00,-4.394210955245836381e+00,-4.421256856684562031e+00,-4.447100607181682541e+00,-4.471734844248998364e+00,-4.495150115880596431e+00,-4.517334728722097736e+00,-4.538274692545290812e+00,-4.557953780439988556e+00,-4.576353722460680729e+00,-4.593454547082399309e+00,-4.609235079254528245e+00,-4.623673595661556668e+00,-4.636748626709349175e+00,-4.648439880718568951e+00,-4.658729249204985656e+00,-4.667601833923154864e+00,-4.675046918238642490e+00,-4.681058789884400717e+00,-4.685637312553714295e+00,-4.688788144009188308e+00,-4.690522512613831907e+00,-4.690856496218951399e+00
1.106637731203488628e-01,-1.183226085002389016e-01,-1.798114879807269362e-01,-2.515215640431829325e-01,-3.291681580658509798e-01,-4.056063835979697441e-01,-4.812169889280382140e-01,-5.662430552065635947e-01,-6.610194909327933299e-01,-7.607061359216771290e-01,-8.614879061900686530e-01,-9.619986786307117566e-01,-1.062672675224874519e+00,-1.164631156790298050e+00,-1.268805127689794920e+00,-1.375548915239540371e+00,-1.484643036501181346e+00,-1.595471626757338779e+00,-1.707213235108646865e+00,-1.818972531626922517e+00,-1.929846491082568338e+00,-2.038950409612349191e+00,-2.145432843574368587e+00,-2.248497019475923953e+00,-2.347431840280385096e+00,-2.441645903764041226e+00,-2.530695045403467347e+00,-2.614296223284588105e+00,-2.692325153390351833e+00,-2.764799436439271396e+00,-2.831851591561657333e+00,-2.893697184211850626e+00,-2.950602602488099357e+00,-3.002855721330335736e+00,-3.050741289464905748e+00,-3.094521711277219200e+00,-3.134423085959692656e+00,-3.170625894888640772e+00,-3.203259533311338725e+00,-3.232399893659628987e+00,-3.258069357021325718e+00,-3.280238770534712245e+00,-3.298831218226076611e+00,-3.313727574494242489e+00,-3.324773921203314497e+00,-3.331790892859782360e+00,-3.334584901584336070e+00,-3.332961027420938027e+00,-3.326737203402296394e+00,-3.315759238276807519e+00,-3.299916224566491252e+00,-3.279155934035578923e+00,-3.253499814832321313e+00,-3.223057105970899450e+00,-3.188037441384306447e+00,-3.148761379190654797e+00,-3.105668850112360602e+00,-3.059326503154192523e+00,-3.010435528697711582e+00,-2.959840411242091740e+00,-2.908535477934172775e+00,-2.857661417419760319e+00,-2.808481637409151244e+00,-2.762331716871641696e+00,-2.720544315425409643e+00,-2.684362603996163887e+00,-2.654861750182505364e+00,-2.632896508214360054e+00,-2.619084234146013657e+00,-2.613821157666121664e+00,-2.617320787989694253e+00,-2.629659978032447221e+00,-2.650820196268892204e+00,-2.680716561315654722e+00,-2.719212481741694276e+00,-2.766121573688624213e+00,-2.821200390282134318e+00,-2.884135755863467931e+00,-2.954529904781789007e+00,-3.031885921210771162e+00,-3.115595647782855693e+00,-3.204932364863523286e+00,-3.299050804609050758e+00,-3.396996828503136889e+00,-3.497727754872721029e+00,-3.600141698058821227e+00,-3.703111005109606335e+00,-3.805512541722034570e+00,-3.906248388420959117e+00,-4.004255982974148864e+00,-4.098515562077234442e+00,-4.188069471486577378e+00,-4.272065563638364871e+00,-4.349823510201962229e+00,-4.420905801542927449e+00,-4.485166758161818201e+00,-4.542759624715823286e+00,-4.594098917711646024e+00,-4.639791361861695940e+00,-4.680555741508737988e+00,-4.717149263301174678e+00
-1.334467429348401568e-02,-3.046279510161186144e-01,-4.213772902154823141e-01,-5.785415039811694360e-01,-7.354092476074028939e-01,-8.746898722826144112e-01,-1.003575851518579087e+00,-1.130491954986588166e+00,-1.258755368240536132e+00,-1.388136829703015440e+00,-1.516924193180748226e+00,-1.643370628615116402e+00,-1.766328885854677733e+00,-1.885135436017102872e+00,-1.999227047151598491e+00,-2.107879975901033376e+00,-2.210171771791365369e+00,-2.305090392183691606e+00,-2.391680997329110436e+00,-2.469156859441788754e+00,-2.536949465883261201e+00,-2.594706452762982174e+00,-2.642259249408464683e+00,-2.679581680978011526e+00,-2.706754463651051879e+00,-2.723943372377555239e+00,-2.731392535913159669e+00,-2.729429457289597849e+00,-2.718475712974217640e+00,-2.699057414290478185e+00,-2.671812114299830565e+00,-2.637492483964854362e+00,-2.596969570378766079e+00,-2.551237758945286593e+00,-2.501419257645231653e+00,-2.448760301424316665e+00,-2.394608682706402369e+00,-2.340366189835995758e+00,-2.287419783740372914e+00,-2.237067033496970669e+00,-2.190457507737742393e+00,-2.148567815421542182e+00,-2.112215145234257019e+00,-2.082099482879649077e+00,-2.058855997421931150e+00,-2.043099620136093364e+00,-2.035450981679960858e+00,-2.036541185699504819e+00,-2.046998061576668526e+00,-2.067417371933281345e+00,-2.098320590606327141e+00,-2.140099253300712601e+00,-2.192947065657830041e+00,-2.256785779142957971e+00,-2.331197869084932428e+00,-2.415384921907813620e+00,-2.508171404606277299e+00,-2.608066260120974089e+00,-2.713379072958399085e+00,-2.822366322336843147e+00,-2.933364155094614567e+00,-3.044860113953933300e+00,-3.155480467264480282e+00,-3.263920282759931624e+00,-3.368888798912996752e+00,-3.469138654445980130e+00,-3.563585682534616161e+00,-3.651455038242211959e+00,-3.732369858252712724e+00,-3.806341301616038564e+00,-3.873680040146181724e+00,-3.934880896116578874e+00,-3.990523834493081345e+00,-4.041207908014512462e+00,-4.087513946360489037e+00,-4.129984742577240020e+00,-4.169113645387906075e+00,-4.205336905340960385e+00,-4.239028111343846383e+00,-4.270494082063639674e+00,-4.299971491987120586e+00,-4.327623141890721392e+00,-4.353532508551001712e+00,-4.377695076706108246e+00,-4.400004910039662320e+00,-4.420234953896412300e+00,-4.438009820976276387e+00,-4.452770646586328596e+00,-4.463733654690895669e+00,-4.469848305126907562e+00,-4.469768328646397393e+00,-4.461859775927778493e+00,-4.444281577041267361e+00,-4.415177200648573219e+00,-4.372995642398996630e+00,-4.316904301736729010e+00,-4.247179052878002459e+00,-4.165410857215210427e+00,-4.074411746690559610e+00,-3.977829410995664006e+00,-3.879603625868250028e+00
8.636724407016346250e-01,8.506075614258490347e-01,8.189853827338634540e-01,8.030141582442479331e-01,8.076817110722529502e-01,8.171118398742254207e-01,8.219083608184036827e-01,8.206793601586901410e-01,8.154998053824782378e-01,8.085104569654243400e-01,8.008903711087684840e-01,7.930390906231897796e-01,7.849681785759087260e-01,7.765649105028267218e-01,7.677190969951300792e-01,7.583689405177651555e-01,7.485075743525581027e-01,7.381729272951267351e-01,7.274321188984675945e-01,7.163657026478268408e-01,7.050542446027829868e-01,6.935684018756371749e-01,6.819629410973213623e-01,6.702745766400445282e-01,6.585230134875118546e-01,6.467142195278823280e-01,6.348448116643030659e-01,6.229065359753496178e-01,6.108900925238534008e-01,5.987878974393066045e-01,5.865956910697904814e-01,5.743131295495118582e-01,5.619436190724502733e-01,5.494936812374763280e-01,5.369721040708573812e-01,5.243890686711207838e-01,5.117553710343323292e-01,4.990817979688842998e-01,4.863786717309346308e-01,4.736555505252668663e-01,4.609210583544371964e-01,4.481828137325673533e-01,4.354474286098294900e-01,4.227205534622595073e-01,4.100069498923765710e-01,3.973105771392526075e-01,3.846346831202286376e-01,3.719818939118217926e-01,3.593542980097420014e-01,3.467535234433027913e-01,3.341808070175236733e-01,3.216370557523925422e-01,3.091229010883748130e-01,2.966387467095639163e-01,2.841848109606357475e-01,2.717611648468878927e-01,2.593677665442724045e-01,2.470044932369885593e-01,2.346711709662532286e-01,2.223676030323162300e-01,2.100935973550400460e-01,1.978489930748336678e-01,1.856336865706479378e-01,1.734476569876811092e-01,1.612909913050182553e-01,1.491639089317660649e-01,1.370667857974141313e-01,1.250001778955695253e-01,1.129648442469795844e-01,1.009617692647383214e-01,8.899218452894386289e-02,7.705759000703221728e-02,6.515977478727985606e-02,5.330083742462293772e-02,4.148320602847205274e-02,2.970965825062132915e-02,1.798334135700729863e-02,6.307792589667293726e-03,-5.313039955115284041e-03,-1.687477568967926667e-02,-2.837257888150851448e-02,-3.980113471339497000e-02,-5.115462377574120367e-02,-6.242669469877082378e-02,-7.361043462186767083e-02,-8.469833718654318222e-02,-9.568226772838711591e-02,-1.065534253317644842e-01,-1.173023013991884023e-01,-1.279186343757457434e-01,-1.383913602586555047e-01,-1.487085585144318212e-01,-1.588573930234167264e-01,-1.688240476766375564e-01,-1.785936562673430261e-01,-1.881502263549352238e-01,-1.974765568403064608e-01,-2.065541490893809673e-01,-2.153631115902992499e-01,-2.238820583481878068e-01,-2.320880015351954873e-01
8.108775556931107076e-01,7.142045998716525235e-01,7.445123385956133877e-01,7.877151292398624216e-01,8.099989981368346248e-01,8.199291471918969121e-01,8.199757624419331536e-01,8.092724089883456262e-01,7.892081185098616114e-01,7.628880312424076715e-01,7.332677752877794219e-01,7.021480253217837753e-01,6.702008816238587130e-01,6.374384540420072742e-01,6.036269177064179647e-01,5.685069447635661133e-01,5.318801093183074258e-01,4.936383781761660150e-01,4.537697047734833844e-01,4.123443790377258056e-01,3.694836800861648896e-01,3.253182901025637452e-01,2.799492288401977391e-01,2.334253537046703519e-01,1.857459956005990676e-01,1.368863748304395556e-01,8.683346019851645448e-02,3.561678716253066646e-02,-1.667693774125972306e-02,-6.990867151733248797e-02,-1.239073345530169457e-01,-1.784974550049016062e-01,-2.335251446249526630e-01,-2.888750316097706827e-01,-3.444740812574100808e-01,-4.002823093729558357e-01,-4.562742185398620531e-01,-5.124173077897601347e-01,-5.686544456786998269e-01,-6.248951478806347160e-01,-6.810175712194376230e-01,-7.368795580900188158e-01,-7.923345282220899399e-01,-8.472471056582404625e-01,-9.015041336187041843e-01,-9.550186964025817460e-01,-1.007727173763216300e+00,-1.059581401135588408e+00,-1.110539109875771313e+00,-1.160555771344830900e+00,-1.209579977076305601e+00,-1.257553043362213296e+00,-1.304412174214631293e+00,-1.350095644215168811e+00,-1.394548219373946907e+00,-1.437725340432359999e+00,-1.479595230137031425e+00,-1.520138796608790255e+00,-1.559347775873785924e+00,-1.597221868203519302e+00,-1.633765660072408643e+00,-1.668985952772926940e+00,-1.702889845070222563e+00,-1.735483641458764659e+00,-1.766772448583745714e+00,-1.796760209624310267e+00,-1.825449906310745440e+00,-1.852843706806000856e+00,-1.878942923119459429e+00,-1.903747733937994013e+00,-1.927256705291458427e+00,-1.949466189995857412e+00,-1.970369704790448484e+00,-1.989957376347157414e+00,-2.008215522802100139e+00,-2.025126405932495377e+00,-2.040668158851344227e+00,-2.054814870580383701e+00,-2.067536794480540063e+00,-2.078800642077143657e+00,-2.088569925423362061e+00,-2.096805317165704174e+00,-2.103465005329749893e+00,-2.108505027524707032e+00,-2.111879575560870581e+00,-2.113541265955716231e+00,-2.113441374661805927e+00,-2.111530036166515689e+00,-2.107756408649886559e+00,-2.102068808906610187e+00,-2.094414823894563682e+00,-2.084741410544711293e+00,-2.072995002134755183e+00,-2.059121648165298524e+00,-2.043067225151733890e+00,-2.024777767721237520e+00,-2.004199982328699114e+00,-1.981282018983453685e+00,-1.955974588531006031e+00,-1.928232522833249085e+00,-1.898016880777473769e+00
6.716049455194595952e-01,5.239562648613200757e-01,5.325603923444020005e-01,5.341757641545414881e-01,5.272492210666566148e-01,5.132841170471124093e-01,4.945127697557706870e-01,4.688968466539402691e-01,4.303657230490783858e-01,3.772172083993254876e-01,3.120994437729337490e-01,2.391410451843944962e-01,1.619979267820562119e-01,8.313899592422008267e-02,3.830327603497774014e-03,-7.556940778391457725e-02,-1.552174688083053922e-01,-2.354308443572109000e-01,-3.164351463758674488e-01,-3.982386991913196006e-01,-4.806161676970195362e-01,-5.631634619376360007e-01,-6.453788499714189220e-01,-7.267344691630740483e-01,-8.067206428416939801e-01,-8.848624631972539234e-01,-9.607176411427602591e-01,-1.033866252780138772e+00,-1.103899965775012815e+00,-1.170414218313514665e+00,-1.233003820498210334e+00,-1.291261110867778505e+00,-1.344775714554220514e+00,-1.393135431433214499e+00,-1.435928306258504428e+00,-1.472746253033435426e+00,-1.503190697564279033e+00,-1.526880640503000652e+00,-1.543463407649759533e+00,-1.552628183547577700e+00,-1.554122214618309350e+00,-1.547769293008032898e+00,-1.533489767590440422e+00,-1.511320871336451876e+00,-1.481435635849079002e+00,-1.444158156828681205e+00,-1.399972594020847394e+00,-1.349523188235693061e+00,-1.293602925118024771e+00,-1.233129410320647157e+00,-1.169108080143695938e+00,-1.102584902133938449e+00,-1.034592825915353398e+00,-9.660978345835271597e-01,-8.979509228656765707e-01,-8.308513783989039947e-01,-7.653246011715069130e-01,-7.017151613904381025e-01,-6.401938845497110453e-01,-5.807771239292093268e-01,-5.233569102503773385e-01,-4.677415104571756022e-01,-4.137060530293694693e-01,-3.610516972522331836e-01,-3.096695028920485315e-01,-2.596025001453301506e-01,-2.110975428920752739e-01,-1.646382821833448640e-01,-1.209524672976708404e-01,-8.099051655041489273e-02,-4.587695183247125774e-02,-1.684052980423478285e-02,4.868412326803184254e-03,1.806417709925348114e-02,2.170718794595694057e-02,1.497422456557398474e-02,-2.686957099900078028e-03,-3.152075990837804875e-02,-7.144477018793948808e-02,-1.220476748551309054e-01,-1.826033248367053829e-01,-2.521012718450156287e-01,-3.292941909958962965e-01,-4.127602250923955163e-01,-5.009747812535993994e-01,-5.923859069438222047e-01,-6.854921660906416747e-01,-7.789257016638990727e-01,-8.715354638271080034e-01,-9.624494288554914512e-01,-1.051095551108647719e+00,-1.137199190095238066e+00,-1.220815799377698907e+00,-1.302421435798160498e+00,-1.382959081358145825e+00,-1.463674268169401937e+00,-1.545716661173087259e+00,-1.629719523439927098e+00,-1.715613400317674397e+00,-1.802724721430434052e+00,-1.889999552673530925e+00
4.931984276572574100e-01,3.404085581625692636e-01,3.589440755544650585e-01,3.197893081343884947e-01,2.374237124347117756e-01,1.402398960504921410e-01,3.840474226145468295e-02,-6.605624468198018073e-02,-1.735989314546760864e-01,-2.836429566807602276e-01,-3.938822800425434423e-01,-5.014269849401790102e-01,-6.039752502389780231e-01,-7.002234641449879282e-01,-7.897129773717086465e-01,-8.724846731071449479e-01,-9.487568601110010214e-01,-1.018702643652088069e+00,-1.082330459126970013e+00,-1.139443655297043723e+00,-1.189651095624425281e+00,-1.232406624163354225e+00,-1.267063090458376173e+00,-1.292933145988450772e+00,-1.309353120016566674e+00,-1.315747699155360717e+00,-1.311692006975146541e+00,-1.296964574773283640e+00,-1.271580940550066652e+00,-1.235795642881132528e+00,-1.190063448715914074e+00,-1.134961261285557299e+00,-1.071089320971566394e+00,-9.989876650204578823e-01,-9.191110569020772836e-01,-8.318940231748297442e-01,-7.379064137343112062e-01,-6.380584209671023022e-01,-5.337789848383667213e-01,-4.270819395728475687e-01,-3.204650638852515332e-01,-2.166573311381712053e-01,-1.183069457791326440e-01,-2.773134543872030067e-02,5.319927348772685027e-02,1.230598149028768462e-01,1.808128685342270670e-01,2.257455836184142917e-01,2.574141967595114933e-01,2.755911646573897533e-01,2.802110257293077833e-01,2.713153523536688261e-01,2.489966313930071506e-01,2.133381783175634094e-01,1.643455420152339919e-01,1.018659386807428957e-01,2.550227798852980343e-02,-6.543726718600184622e-02,-1.718421979438762848e-01,-2.943697499080877300e-01,-4.325534457472466343e-01,-5.836824082287438431e-01,-7.422511628508758896e-01,-9.008741998840621434e-01,-1.052513009562896951e+00,-1.192460010800567627e+00,-1.318646333294654083e+00,-1.430529753772454171e+00,-1.527880775399313773e+00,-1.610279806152765225e+00,-1.677250225628726721e+00,-1.728612806100043642e+00,-1.764745631347181209e+00,-1.786629332291913119e+00,-1.795699448160865686e+00,-1.793594191241404623e+00,-1.781893363649637241e+00,-1.761917297449463682e+00,-1.734616774456037902e+00,-1.700552246723103567e+00,-1.659941003483692556e+00,-1.612745171665207700e+00,-1.558778373624868596e+00,-1.497819066479206374e+00,-1.429728219644133436e+00,-1.354573355388352329e+00,-1.272757460986367661e+00,-1.185140030367799913e+00,-1.093122301953643127e+00,-9.986574051058851875e-01,-9.041482979287402966e-01,-8.122181293383385903e-01,-7.253750926562851919e-01,-6.456324383358378327e-01,-5.741678859990380079e-01,-5.111102173772196222e-01,-4.555342723636854885e-01,-4.057385500529673283e-01,-3.598496052687908398e-01,-3.166737692535710469e-01,-2.764637293983672750e-01
8.738503573610966191e-01,8.592025834020823316e-01,8.561905966593179595e-01,8.640000968501546641e-01,8.890602869108514827e-01,9.135475380584012761e-01,9.281729285877977631e-01,9.339043109934705988e-01,9.354019089504791440e-01,9.361695791809234724e-01,9.374654435064770919e-01,9.391620982505728410e-01,9.407651287408473895e-01,9.419223531974070251e-01,9.425080029881773847e-01,9.425436454591837876e-01,9.421163218778012549e-01,9.413343159129932136e-01,9.403084062661534182e-01,9.391422492671239741e-01,9.379248712019940815e-01,9.367247364762857353e-01,9.355865875773082818e-01,9.345316517634177922e-01,9.335608192594179178e-01,9.326597734864189304e-01,9.318048828889686774e-01,9.309688153364590324e-01,9.301251535854877517e-01,9.292516470944067741e-01,9.283320460728746726e-01,9.273566843661594783e-01,9.263221001847283809e-01,9.252300224910653403e-01,9.240860307764062753e-01,9.228981418822819194e-01,9.216755093481627803e-01,9.204273521586411322e-01,9.191621689718044719e-01,9.178872452072291965e-01,9.166084253075156285e-01,9.153301007707135284e-01,9.140553546484733172e-01,9.127862027995581329e-01,9.115238785889124840e-01,9.102691182320362673e-01,9.090224162032150002e-01,9.077842321537792358e-01,9.065551413108651202e-01,9.053359286114168736e-01,9.041276326228058213e-01,9.029315487275176855e-01,9.017492024547754115e-01,9.005823036919144986e-01,8.994326912918765293e-01,8.983022757603502662e-01,8.971929856315457030e-01,8.961067211089279727e-01,8.950453167488600092e-01,8.940105135111481305e-01,8.930039394336740655e-01,8.920270975003542491e-01,8.910813589197910112e-01,8.901679599533722786e-01,8.892880005556191847e-01,8.884424433468871563e-01,8.876321117673078298e-01,8.868576866105338796e-01,8.861197004685421597e-01,8.854185299092373063e-01,8.847543854427510901e-01,8.841272995055563522e-01,8.835371128059477108e-01,8.829834594372576451e-01,8.824657511860907189e-01,8.819831614527241515e-01,8.815346091701893316e-01,8.811187430667957177e-01,8.807339265716787047e-01,8.803782236199836353e-01,8.800493855773602325e-01,8.797448394743984101e-01,8.794616777209552927e-01,8.791966494572377444e-01,8.789461536913878437e-01,8.787062343701278477e-01,8.784725775273873882e-01,8.782405106535013939e-01,8.780050044224420036e-01,8.777606769048982294e-01,8.775018003795090893e-01,8.772223108323624619e-01,8.769158202055770124e-01,8.765756314195012333e-01,8.761947561502639870e-01,8.757659352960242005e-01,8.752816620124739266e-01,8.747342071425169285e-01,8.741156468082307285e-01,8.734178918772025346e-01,8.726327189620151081e-01
8.090876394571351327e-01,7.062293758637885333e-01,7.705031803126549672e-01,8.329855747194526705e-01,8.663223575682583721e-01,8.837545599576084321e-01,8.878222965810376177e-01,8.805117477365849155e-01,8.661456898611735733e-01,8.485704734913784852e-01,8.299619542745455547e-01,8.110049505758187838e-01,7.915013241664015098e-01,7.709702677644745261e-01,7.490319823614984829e-01,7.255454882288396856e-01,7.005794290775744226e-01,6.743130418602428788e-01,6.469363304149793326e-01,6.185831651746254156e-01,5.893038889497936861e-01,5.590684807345394081e-01,5.277873004231757870e-01,4.953399212215108260e-01,4.616069650221288900e-01,4.265010765572244678e-01,3.899919895759922372e-01,3.521201771482596055e-01,3.129956766611458607e-01,2.727826871153825050e-01,2.316744761864807656e-01,1.898653715067722125e-01,1.475266456641849411e-01,1.047913800391847006e-01,6.175071383451377627e-02,1.846100414178389326e-02,-2.504107222395424159e-02,-6.872009072981000166e-02,-1.125251934258660880e-01,-1.563793583487685379e-01,-2.001769210187928083e-01,-2.437892635357896132e-01,-2.870764600947590672e-01,-3.299013604653524556e-01,-3.721423514023672885e-01,-4.137017891820629067e-01,-4.545085399020931671e-01,-4.945147541955783321e-01,-5.336884633281279156e-01,-5.720044363115054376e-01,-6.094358202259008150e-01,-6.459484889500916038e-01,-6.814990258877192675e-01,-7.160362009562784014e-01,-7.495049540118212672e-01,-7.818514354062022775e-01,-8.130276251681463062e-01,-8.429943928183076807e-01,-8.717224281392546015e-01,-8.991910899762949327e-01,-9.253857195052619389e-01,-9.502942386108985673e-01,-9.739038749431569997e-01,-9.961986674160505650e-01,-1.017158099193009813e+00,-1.036756880648470380e+00,-1.054965645963979348e+00,-1.071752182498139971e+00,-1.087082790895788520e+00,-1.100923452122422042e+00,-1.113240612105445226e+00,-1.124001538998678607e+00,-1.133174325462451115e+00,-1.140727678582287741e+00,-1.146630660064785312e+00,-1.150852518905725930e+00,-1.153362713996229694e+00,-1.154131171669813494e+00,-1.153128775815813523e+00,-1.150328053251640004e+00,-1.145703996723275608e+00,-1.139234960614615266e+00,-1.130903566681512151e+00,-1.120697565000917661e+00,-1.108610605596422882e+00,-1.094642886712379415e+00,-1.078801655390142056e+00,-1.061101544612974346e+00,-1.041564739077151636e+00,-1.020220969030679825e+00,-9.971073389525482167e-01,-9.722680052939014494e-01,-9.457537250166982989e-01,-9.176213040009078004e-01,-8.879329811698455366e-01,-8.567557899568316593e-01,-8.241609430349692289e-01,-7.902232885852671362e-01,-7.550208863117138236e-01,-7.186347484274484554e-01,-6.811487844012071857e-01
6.650074149788514077e-01,5.020586098696268040e-01,5.363258741058964940e-01,5.630549905033730429e-01,5.765824289564596139e-01,5.770383030921337753e-01,5.697201683195884936e-01,5.528535659783689882e-01,5.220435504930512893e-01,4.779164069775225232e-01,4.242587866132903063e-01,3.650145248988742042e-01,3.030269146768480581e-01,2.399000123255549677e-01,1.762571190970506352e-01,1.120876212475139244e-01,4.707326826113844565e-02,-1.914704485083018604e-02,-8.679842721959352136e-02,-1.558878671777932379e-01,-2.262051363028075301e-01,-2.973726776608145439e-01,-3.689076644589539544e-01,-4.402717869158097042e-01,-5.109007605244830774e-01,-5.802171853998491224e-01,-6.476346677391793261e-01,-7.125600238253335661e-01,-7.743971817564381244e-01,-8.325535104187224977e-01,-8.864477752494552831e-01,-9.355186886387873990e-01,-9.792335075948006562e-01,-1.017096718163942093e+00,-1.048659160039002725e+00,-1.073527895588787251e+00,-1.091376813528271095e+00,-1.101957537253287267e+00,-1.105109813780594141e+00,-1.100770269784324462e+00,-1.088978273640391459e+00,-1.069877656993480253e+00,-1.043713245978086013e+00,-1.010821550459278795e+00,-9.716155636364856019e-01,-9.265643994175503106e-01,-8.761693489364112963e-01,-8.209387205355302974e-01,-7.613643585327583008e-01,-6.979028528665175424e-01,-6.309640654811921046e-01,-5.609087304054853895e-01,-4.880556609849453498e-01,-4.126977178174802141e-01,-3.351243692947811770e-01,-2.556476037175562377e-01,-1.746272835096155940e-01,-9.249190145821928333e-02,-9.751220449177033789e-03,7.300149365446328975e-02,1.550980985219571617e-01,2.358134097593892475e-01,3.143888135551070051e-01,3.900574395941507344e-01,4.620672724230853179e-01,5.297003524476400216e-01,5.922883090549566631e-01,6.492257815552882061e-01,6.999831897734076769e-01,7.441191127249369153e-01,7.812911814852028236e-01,8.112637051653843745e-01,8.339103316476078609e-01,8.492105127747937576e-01,8.572391371319501019e-01,8.581494986359904376e-01,8.521508833580339060e-01,8.394832514716279448e-01,8.203923119213057946e-01,7.951084237341341510e-01,7.638322525793641571e-01,7.267292558410539671e-01,6.839341510952144931e-01,6.355656345894407089e-01,5.817506190001919819e-01,5.226558848416711367e-01,4.585231111506489210e-01,3.897009928423677549e-01,3.166664471555658555e-01,2.400271854249882153e-01,1.605013274766150522e-01,7.887585668179952769e-02,-4.047884935374335136e-03,-8.750965275049416014e-02,-1.708342119118455571e-01,-2.534526193871400324e-01,-3.348929970341887330e-01,-4.147408524669404795e-01,-4.925826409884186408e-01,-5.679585543009089132e-01,-6.403500469863618871e-01
4.874261244877376442e-01,3.123561935245512955e-01,3.448364765156824441e-01,3.239575661360912795e-01,2.672899694731346587e-01,1.970648016059213803e-01,1.174341864393853296e-01,3.140348710848414604e-02,-5.876321207373669253e-02,-1.508967158042739398e-01,-2.427707167168478009e-01,-3.324843700005852831e-01,-4.187427820338174289e-01,-5.008261157923517004e-01,-5.783825857109196056e-01,-6.512023903155899074e-01,-7.190470759233362763e-01,-7.815494929753978859e-01,-8.381752227322836202e-01,-8.882312873932918240e-01,-9.309093536393313606e-01,-9.653521983167456799e-01,-9.907322990459253020e-01,-1.006330544268416727e+00,-1.011602329050086846e+00,-1.006219040570081491e+00,-9.900764188237722863e-01,-9.632679643067918462e-01,-9.260302793008832190e-01,-8.786751935071244191e-01,-8.215276095163801529e-01,-7.548865315886403859e-01,-6.790205595074642053e-01,-5.942011341926067836e-01,-5.007702173182981831e-01,-3.992354230618312405e-01,-2.903836489825362133e-01,-1.754003471895591582e-01,-5.597230269936387392e-02,6.566147647380624064e-02,1.867535522747320598e-01,3.042165405546807810e-01,4.149085135246340927e-01,5.159792465855124188e-01,6.051852731290402465e-01,6.810746429947817093e-01,7.429775971873179286e-01,7.908176238646275058e-01,8.248370953601166233e-01,8.453533711637333248e-01,8.526159868662661623e-01,8.467716087690438931e-01,8.279053545031310746e-01,7.961190948093933573e-01,7.516095669983605676e-01,6.947070310619776201e-01,6.258362759891966665e-01,5.453945471710509585e-01,4.536246016269672721e-01,3.506481673414916234e-01,2.367943443776815426e-01,1.131469707751412423e-01,-1.800553467491255999e-02,-1.531506298185051906e-01,-2.880411606699926352e-01,-4.184772046055464934e-01,-5.410365375411576583e-01,-6.534666420805839149e-01,-7.546338528656266753e-01,-8.441480107040424397e-01,-9.219026819573818976e-01,-9.877299427106218666e-01,-1.041249517718753292e+00,-1.081893061500907249e+00,-1.109031270476831921e+00,-1.122115425105846054e+00,-1.120759600259604305e+00,-1.104729538939274391e+00,-1.073856626095455180e+00,-1.027941131349866755e+00,-9.667283201946788029e-01,-8.900238541220710786e-01,-7.979637309338893925e-01,-6.913810630516674660e-01,-5.721380241619918872e-01,-4.432509914019038266e-01,-3.086739728533073324e-01,-1.727364141427153443e-01,-3.940472236493602898e-02,8.833956529285996728e-02,2.086827791192283899e-01,3.204925484188110296e-01,4.223477966465922773e-01,5.121069373463170704e-01,5.880318419418437692e-01,6.503757311963564991e-01,7.013226412290832767e-01,7.436078322025625464e-01,7.795094451587626372e-01,8.106410817307302397e-01,8.381012091121571306e-01
8.519321032047162401e-01,8.554829040279633423e-01,8.712852567248906555e-01,8.823067974571341399e-01,9.064037239868842910e-01,9.308844275757902631e-01,9.462945071857012946e-01,9.526555291481159093e-01,9.540122531581527454e-01,9.536252051472928759e-01,9.528838223877524882e-01,9.520459220867134587e-01,9.510537855593008683e-01,9.498885047394172165e-01,9.486026596323442472e-01,9.472644435547672437e-01,9.459231717526337402e-01,9.446063863043977493e-01,9.433288669861790154e-01,9.420998071231990734e-01,9.409251051968023916e-01,9.398068200612962331e-01,9.387422846217690076e-01,9.377241558984177328e-01,9.367415416665471062e-01,9.357817673649813095e-01,9.348322344906040415e-01,9.338819525140419353e-01,9.329225289886606820e-01,9.319485825306685900e-01,9.309576644761462516e-01,9.299498348401379344e-01,9.289270496777349839e-01,9.278924971786506326e-01,9.268499843458267717e-01,9.258034366949302596e-01,9.247565377900712758e-01,9.237125077837734510e-01,9.226740018782666475e-01,9.216431002548957085e-01,9.206213588452265562e-01,9.196098931523790654e-01,9.186094729933932390e-01,9.176206126889346892e-01,9.166436475541303031e-01,9.156787927584263409e-01,9.147261843990034391e-01,9.137859049851702054e-01,9.128579966794084788e-01,9.119424658945700646e-01,9.110392825236277581e-01,9.101483764520252873e-01,9.092696332795692227e-01,9.084028904951360062e-01,9.075479347780611716e-01,9.067045006730669598e-01,9.058722705978694556e-01,9.050508759735426123e-01,9.042398991893634275e-01,9.034388760981293398e-01,9.026472987604533538e-01,9.018646181984267818e-01,9.010902469670614146e-01,9.003235613977824681e-01,8.995639034075872953e-01,8.988105817985523327e-01,8.980628729953290534e-01,8.973200211840537399e-01,8.965812378262028037e-01,8.958457005268055662e-01,8.951125512394345618e-01,8.943808937916509771e-01,8.936497907149455466e-01,8.929182593633624432e-01,8.921852673053490834e-01,8.914497269743231200e-01,8.907104895651698495e-01,8.899663381665989803e-01,8.892159801230919980e-01,8.884580386252038942e-01,8.876910435333383864e-01,8.869134214479001965e-01,8.861234850480562697e-01,8.853194217323088200e-01,8.844992816068084629e-01,8.836609648818981588e-01,8.828022087538669460e-01,8.819205738673518979e-01,8.810134304742716083e-01,8.800779444275406149e-01,8.791110631720595592e-01,8.781095019213187580e-01,8.770697302351991853e-01,8.759879592427348705e-01,8.748601297822174994e-01,8.736819017593522307e-01,8.724486450513930791e-01,8.711554323102228548e-01,8.697970340389917787e-01,8.683679163337563178e-01,8.668622416919932183e-01
7.876513915759637552e-01,6.962820274917365104e-01,7.761154457676537888e-01,8.404988792675127662e-01,8.732196220924900443e-01,8.890959688847253073e-01,8.906231276418840048e-01,8.809276947540791713e-01,8.654729177062969736e-01,8.481355369513939868e-01,8.304597778532261110e-01,8.125304514873563644e-01,7.938258667776296740e-01,7.737472987569915528e-01,7.518862418478476917e-01,7.281097151823519020e-01,7.025284012956647395e-01,6.754034084901524571e-01,6.470381014211091797e-01,6.176884890671789918e-01,5.875098473648433517e-01,5.565418062479510208e-01,5.247235183170513295e-01,4.919270764504001803e-01,4.579989894276566553e-01,4.228020683459342011e-01,3.862512393095346441e-01,3.483373249738816457e-01,3.091344997504438252e-01,2.687905244510505054e-01,2.275029989519471996e-01,1.854881211090283477e-01,1.429497262131701751e-01,1.000555639293914389e-01,5.692537130964597791e-02,1.363208420864020498e-02,-2.978571942296398545e-02,-7.330459448613602103e-02,-1.168959189270376009e-01,-1.605098718462570351e-01,-2.040673553462314938e-01,-2.474610081841267517e-01,-2.905639579027587960e-01,-3.332431517256831954e-01,-3.753733686796596469e-01,-4.168483715961722735e-01,-4.575868639616569311e-01,-4.975325595547512858e-01,-5.366492688254722587e-01,-5.749130236515723746e-01,-6.123036531804355587e-01,-6.487978966478578080e-01,-6.843653259207886919e-01,-7.189673830766045715e-01,-7.525590129480648205e-01,-7.850918647232991709e-01,-8.165178957091399070e-01,-8.467923787080535725e-01,-8.758756793923219153e-01,-9.037336009951582039e-01,-9.303364741927371284e-01,-9.556574217320179532e-01,-9.796703209781210120e-01,-1.002347939738834626e+00,-1.023660578480382277e+00,-1.043575372808287272e+00,-1.062056244584259623e+00,-1.079064372014742812e+00,-1.094558992073256798e+00,-1.108498348566995473e+00,-1.120840639894515212e+00,-1.131544880899893135e+00,-1.140571653351213577e+00,-1.147883765273740142e+00,-1.153446863930257527e+00,-1.157230050829177515e+00,-1.159206534681803458e+00,-1.159354336760879178e+00,-1.157657039476367444e+00,-1.154104548363287686e+00,-1.148693823056438745e+00,-1.141429525197087180e+00,-1.132324530171522570e+00,-1.121400254005236352e+00,-1.108686755348149200e+00,-1.094222584145642996e+00,-1.078054362376820841e+00,-1.060236097380498510e+00,-1.040828244020764792e+00,-1.019896547416984323e+00,-9.975107122075184130e-01,-9.737429562993460408e-01,-9.486665158059708336e-01,-9.223541726339585800e-01,-8.948768765281123194e-01,-8.663025293302073493e-01,-8.366949911716399235e-01,-8.061133570827896389e-01,-7.746115390656616029e-01,-7.422381741266168564e-01,-7.090368641289189755e-01
6.522439685046621527e-01,4.847914082382315804e-01,5.262057177554629872e-01,5.575814019378794173e-01,5.743298350094502291e-01,5.766797023527798771e-01,5.689614070326384221e-01,5.490447041224334468e-01,5.142337849179818843e-01,4.669586289370385446e-01,4.118531599853740843e-01,3.527973810104253483e-01,2.920906328345279079e-01,2.306797208082698447e-01,1.686608015468877841e-01,1.057307168932780372e-01,4.149572556316472038e-02,-2.434648990765270193e-02,-9.191866228366157854e-02,-1.611441486621720820e-01,-2.317694841712844567e-01,-3.034027194145656470e-01,-3.755487814563296389e-01,-4.476351190759801923e-01,-5.190298068377778851e-01,-5.890572171948531555e-01,-6.570149677615425565e-01,-7.221930982125334131e-01,-7.838943681815289111e-01,-8.414538094706047744e-01,-8.942559129291096642e-01,-9.417484999531635648e-01,-9.834529541386145546e-01,-1.018970861154389951e+00,-1.047987240465116265e+00,-1.070270581251929087e+00,-1.085669948680773267e+00,-1.094109570065098902e+00,-1.095581524356279424e+00,-1.090137364564355504e+00,-1.077879608548943935e+00,-1.058953976077086523e+00,-1.033543022282789936e+00,-1.001861470454223468e+00,-9.641531684680622050e-01,-9.206892785698936876e-01,-8.717671357157024126e-01,-8.177092157643957027e-01,-7.588618389256873709e-01,-6.955935490475041449e-01,-6.282934676528293405e-01,-5.573702066125426624e-01,-4.832520157332497179e-01,-4.063886578474512623e-01,-3.272550374258711425e-01,-2.463559549320439301e-01,-1.642307086821175877e-01,-8.145585533224319885e-02,1.355529728055776539e-03,8.355920077708539617e-02,1.644898357160446967e-01,2.434748879788646292e-01,3.198502983730515115e-01,3.929758065366946163e-01,4.622479429428826281e-01,5.271096995972328614e-01,5.870569734438273457e-01,6.416426558369763278e-01,6.904793793977990202e-01,7.332414714557626834e-01,7.696659760651514137e-01,7.995521497230891894e-01,8.227588583509009013e-01,8.391997347116818551e-01,8.488365193474697312e-01,8.516714312258908404e-01,8.477395706329274860e-01,8.371022771951744934e-01,8.198421600041212454e-01,7.960602893277681780e-01,7.658758451811015222e-01,7.294283563258511238e-01,6.868824917796387819e-01,6.384351231038674079e-01,5.843240064988888260e-01,5.248369399870519425e-01,4.603197424485042655e-01,3.911811272484647661e-01,3.178928341817630621e-01,2.409844529566358418e-01,1.610340337767273700e-01,7.865710985995727489e-02,-5.502839481525467757e-03,-9.078074794338308884e-02,-1.764939148794765766e-01,-2.619466078420809030e-01,-3.464389420533983133e-01,-4.292820496145451914e-01,-5.098186537828702791e-01,-5.874456283512545784e-01,-6.616342468422712342e-01
4.858278392182980299e-01,2.922130729191187992e-01,3.225058658989402582e-01,3.084149819062910747e-01,2.642662523590894597e-01,2.084546300912352434e-01,1.414216381337534412e-01,6.439673206789717219e-02,-2.001909452133904255e-02,-1.088184584114264553e-01,-1.992111259413283930e-01,-2.889280982271541509e-01,-3.764053276400939341e-01,-4.607683963488106160e-01,-5.416034500171162946e-01,-6.186486746767806411e-01,-6.915426365277073106e-01,-7.596897823614474632e-01,-8.222396596877974417e-01,-8.781464111770851400e-01,-9.262688308925468572e-01,-9.654777117783641671e-01,-9.947488596489628687e-01,-1.013231549070293447e+00,-1.020290434112021360e+00,-1.015523837348576208e+00,-9.987640065167822101e-01,-9.700659486247360519e-01,-9.296906411214398425e-01,-8.780857738231742093e-01,-8.158637390492800012e-01,-7.437743176800772904e-01,-6.626702631130105825e-01,-5.734683457929664607e-01,-4.771150236044235937e-01,-3.745716294431324922e-01,-2.668349733021888603e-01,-1.550024674900019050e-01,-4.037550151126423348e-02,7.542641618351877963e-02,1.903880343384923290e-01,3.021116248924887171e-01,4.079583067034052712e-01,5.053096948648918563e-01,5.918835446547532353e-01,6.659965394083711132e-01,7.266775368854738737e-01,7.735997209807727870e-01,8.068819376361635598e-01,8.268545104785693933e-01,8.338720549389857517e-01,8.282098142663432139e-01,8.100384431683169684e-01,7.794527986880650516e-01,7.365287061730725338e-01,6.813864148541265431e-01,6.142441774231012230e-01,5.354515892439248859e-01,4.455052890069324811e-01,3.450696879240750525e-01,2.350397535984111164e-01,1.166691021069355960e-01,-8.265916098094405751e-03,-1.373612729058830140e-01,-2.676539375509762175e-01,-3.959048253744890111e-01,-5.190038139441380816e-01,-6.343239084271901085e-01,-7.398926416263464922e-01,-8.343607302699991290e-01,-9.168391616455979776e-01,-9.867063149297075064e-01,-1.043464494115844188e+00,-1.086676229270712390e+00,-1.115964880050938746e+00,-1.131042091580692688e+00,-1.131728592625481200e+00,-1.117953758455054514e+00,-1.089740683564022206e+00,-1.047198712055193548e+00,-9.905500282319406047e-01,-9.202089208289052635e-01,-8.369108547594770187e-01,-7.418555703353340025e-01,-6.367944252046418008e-01,-5.239800835211910757e-01,-4.059348451222617449e-01,-2.850952062840538259e-01,-1.635352874187457894e-01,-4.309483014619153174e-02,7.386814301779320857e-02,1.836200382245606333e-01,2.816417279721799005e-01,3.651368001679053954e-01,4.347100676640621719e-01,4.931737082015898999e-01,5.434486757829997128e-01,5.876048345543622986e-01,6.268912264944225265e-01,6.620375907911191238e-01,6.934997080953216875e-01
8.045168429298970025e-01,8.524925821248362512e-01,8.796062924742118483e-01,8.748681076053407280e-01,8.743094708787787495e-01,8.771763644839003504e-01,8.754176406877112182e-01,8.666499462760615113e-01,8.527459399446988275e-01,8.362563097790678412e-01,8.189888066505754960e-01,8.019389856140052286e-01,7.855634203354424638e-01,7.700213490228313695e-01,7.553268788641949172e-01,7.414317621108756917e-01,7.282649334034940747e-01,7.157479251556434496e-01,7.037984518986841742e-01,6.923297547166669119e-01,6.812500328396623450e-01,6.704638281891581730e-01,6.598754709534504492e-01,6.493937133204894518e-01,6.389364038536891055e-01,6.284342525957263836e-01,6.178331372095973162e-01,6.070948037442854828e-01,5.961961210683128787e-01,5.851272301999668191e-01,5.738890028714304092e-01,5.624902153165861618e-01,5.509447816505961271e-01,5.392693008433311341e-01,5.274810722570894006e-01,5.155966424254346814e-01,5.036308706022364357e-01,4.915964479113764107e-01,4.795037753454318152e-01,4.673610965153132124e-01,4.551747869618504860e-01,4.429497173621197437e-01,4.306896279196653632e-01,4.183974715775767295e-01,4.060757017663574331e-01,3.937264948024116751e-01,3.813519073982425955e-01,3.689539763135695205e-01,3.565347706157585561e-01,3.440964081088286886e-01,3.316410469901004965e-01,3.191708623498261121e-01,3.066880152448723806e-01,2.941946201100648084e-01,2.816927144493254764e-01,2.691842331999958482e-01,2.566709889386682431e-01,2.441546581949942951e-01,2.316367735292971242e-01,2.191187206621535710e-01,2.066017397659036803e-01,1.940869299876191723e-01,1.815752563248095863e-01,1.690675580816319856e-01,1.565645582657315127e-01,1.440668734233438164e-01,1.315750235392308121e-01,1.190894417404119721e-01,1.066104836348439888e-01,9.413843618767125943e-02,8.167352608985001261e-02,6.921592760951017498e-02,5.676576993843021612e-02,4.432314405765436227e-02,3.188810915048034822e-02,1.946069859025309490e-02,7.040925526655417155e-03,-5.371211910991213756e-03,-1.777572578041186624e-02,-3.017263385515056573e-02,-4.256195551177605063e-02,-5.494370797502573511e-02,-6.731790292237604945e-02,-7.968454345034742259e-02,-9.204362140460314867e-02,-1.043951150746430523e-01,-1.167389872517767824e-01,-1.290751836461787039e-01,-1.414036316552897410e-01,-1.537242394717511784e-01,-1.660368955145465897e-01,-1.783414681622120801e-01,-1.906378057619840249e-01,-2.029257368837779629e-01,-2.152050707830977516e-01,-2.274755980326304550e-01,-2.397370912786497277e-01,-2.519893060757686376e-01,-2.642319817524435566e-01,-2.764648422603338540e-01,-2.886875969637160422e-01
7.449683929946520067e-01,6.794433169032461084e-01,7.515700354534355920e-01,7.951031276427026340e-01,8.088886225036926447e-01,8.118277734702591397e-01,8.057852530541905756e-01,7.906750096669510341e-01,7.696478619693716272e-01,7.455476760943355874e-01,7.197600766471916600e-01,6.926485751887729858e-01,6.640798521425697043e-01,6.337691003466983108e-01,6.014971765967354056e-01,5.672209416598121834e-01,5.310861822307731961e-01,4.933685130743359348e-01,4.543789405722300501e-01,4.143715901777703658e-01,3.734821525361724515e-01,3.317095989503569542e-01,2.889376397711287403e-01,2.449825724358434265e-01,1.996515108551807915e-01,1.527966715647295359e-01,1.043548183899224990e-01,5.436524579028773063e-02,2.964649653342310565e-03,-4.963767970010873887e-02,-1.031968012712770610e-01,-1.574715681685003865e-01,-2.122572965539119005e-01,-2.674049368105828606e-01,-3.228239886824536553e-01,-3.784706914014118739e-01,-4.343265101507354231e-01,-4.903737623633285247e-01,-5.465750319483468900e-01,-6.028610767103489421e-01,-6.591290064521221348e-01,-7.152495562068559298e-01,-7.710801262172510828e-01,-8.264793628298772177e-01,-8.813194283036165366e-01,-9.354934152925671320e-01,-9.889170820045543042e-01,-1.041525686934809070e+00,-1.093267786834974720e+00,-1.144098238261244349e+00,-1.193972350604644017e+00,-1.242842397139760191e+00,-1.290656804397908086e+00,-1.337361586812035208e+00,-1.382903143859045336e+00,-1.427231428792094636e+00,-1.470302662538486071e+00,-1.512081080904006836e+00,-1.552539544513300784e+00,-1.591659119051977100e+00,-1.629427903964966173e+00,-1.665839447005742491e+00,-1.700891053191289304e+00,-1.734582214981580606e+00,-1.766913290614980259e+00,-1.797884466200250664e+00,-1.827494970212057979e+00,-1.855742472056449266e+00,-1.882622587277875237e+00,-1.908128424044999161e+00,-1.932250130161965451e+00,-1.954974428616770954e+00,-1.976284155870151160e+00,-1.996157836399027996e+00,-2.014569337690151674e+00,-2.031487652363781038e+00,-2.046876850276370785e+00,-2.060696235782197405e+00,-2.072900736130696586e+00,-2.083441537846681069e+00,-2.092266979579910036e+00,-2.099323702171212336e+00,-2.104558048846860263e+00,-2.107917699603139461e+00,-2.109353513230193933e+00,-2.108821537763076570e+00,-2.106285135791514662e+00,-2.101717156032929523e+00,-2.095102068463118528e+00,-2.086437969021561312e+00,-2.075738353384104951e+00,-2.063033559097636083e+00,-2.048371782417126141e+00,-2.031819590554404531e+00,-2.013461870967547807e+00,-1.993401185319753299e+00,-1.971756524907573471e+00,-1.948661494618742829e+00,-1.924261981777114272e+00,-1.898713392672016109e+00,-1.872177561531257695e+00
6.271413056877656045e-01,4.623974437346836663e-01,4.880137746114723285e-01,5.011912017542667908e-01,4.977528876492233745e-01,4.796271102901887851e-01,4.558213090958678215e-01,4.255327918919381558e-01,3.838920485521227777e-01,3.311070245871327034e-01,2.705220143297764612e-01,2.052957489150467885e-01,1.372140383208208803e-01,6.683373463763506162e-02,-5.915979847548880066e-03,-8.122718246847682178e-02,-1.591675654706536380e-01,-2.396138304143259901e-01,-3.222585511045806816e-01,-4.066404250597981385e-01,-4.921800147119208546e-01,-5.782118508818154812e-01,-6.640099238818730765e-01,-7.488101222979484106e-01,-8.318350612836087343e-01,-9.123233395781129573e-01,-9.895605483953866521e-01,-1.062906942172727076e+00,-1.131817289625382639e+00,-1.195850708501489335e+00,-1.254670635567298964e+00,-1.308036616596928381e+00,-1.355790216889880107e+00,-1.397837343326777670e+00,-1.434128976483143747e+00,-1.464641970193935938e+00,-1.489361296803254131e+00,-1.508264924877378066e+00,-1.521312392275623981e+00,-1.528438038957000256e+00,-1.529549738964536054e+00,-1.524533766133501000e+00,-1.513266094609157397e+00,-1.495629937089251404e+00,-1.471538648721119058e+00,-1.440962303893300378e+00,-1.403955386103996172e+00,-1.360682302639176999e+00,-1.311437101392987969e+00,-1.256654081283942848e+00,-1.196907078511111777e+00,-1.132896951413943976e+00,-1.065428753744581458e+00,-9.953816815396843154e-01,-9.236755918143306765e-01,-8.512375604960569220e-01,-7.789708474882315326e-01,-7.077273339361112026e-01,-6.382835714837969965e-01,-5.713203921615830350e-01,-5.074065846289950166e-01,-4.469881156436552594e-01,-3.903851832126329358e-01,-3.377994112432117779e-01,-2.893323781608753142e-01,-2.450145646345728290e-01,-2.048413735075290121e-01,-1.688110142381325507e-01,-1.369584633845633004e-01,-1.093806269960997946e-01,-8.624990716842012572e-02,-6.781590324523811830e-02,-5.439715471193790064e-02,-4.636604743794714434e-02,-4.413003918384711399e-02,-4.811143013951585390e-02,-5.872653296483565377e-02,-7.636388777909258740e-02,-1.013605939587592930e-01,-1.339761258135414579e-01,-1.743641471917726782e-01,-2.225446015780187525e-01,-2.783802716040519876e-01,-3.415633939107640682e-01,-4.116179517052254155e-01,-4.879212305542653949e-01,-5.697439685096256090e-01,-6.563028513501153460e-01,-7.468141959861750445e-01,-8.405358552893897883e-01,-9.367871775746663410e-01,-1.034943634285666825e+00,-1.134410671553930161e+00,-1.234586945473683084e+00,-1.334828299403341578e+00,-1.434421109039512032e+00,-1.532569296513019763e+00,-1.628395845584041046e+00,-1.720958175583420457e+00,-1.809276862994011914e+00,-1.892377732599492823e+00
4.817042579406742853e-01,2.712569579098377259e-01,2.756165395844065724e-01,2.438195557326494622e-01,1.825855226273639109e-01,1.081503847285325004e-01,2.518576026448113292e-02,-6.431492480216294272e-02,-1.578398497038865922e-01,-2.532416997613409215e-01,-3.492733037435590271e-01,-4.452275816879252002e-01,-5.405864617125328841e-01,-6.348124745013119519e-01,-7.272082091390773551e-01,-8.168471269764405740e-01,-9.025897475059709851e-01,-9.831627644393599041e-01,-1.057262226589335885e+00,-1.123650650879770341e+00,-1.181232224256580254e+00,-1.229099969955179672e+00,-1.266554442580605677e+00,-1.293098002190077978e+00,-1.308412866765872540e+00,-1.312333987567627203e+00,-1.304828041252852344e+00,-1.285986959182430889e+00,-1.256038908397386189e+00,-1.215372741935781153e+00,-1.164565331690778915e+00,-1.104396870213860238e+00,-1.035839267590639601e+00,-9.600086834181171813e-01,-8.780847510609617323e-01,-7.912132085850915875e-01,-7.004203122888883470e-01,-6.065714421679988533e-01,-5.104000202790266449e-01,-4.126167853712210398e-01,-3.140861108248450551e-01,-2.160285402323670056e-01,-1.201820195791630241e-01,-2.883953329422017653e-02,5.530257634622179341e-02,1.294865245640227092e-01,1.913268336454358176e-01,2.391656036325454648e-01,2.722041891360568178e-01,2.903849803065534085e-01,2.941183446154250758e-01,2.839878556155476241e-01,2.605228354308116723e-01,2.240622398759126999e-01,1.746955156678494658e-01,1.122602083086950420e-01,3.638701708470243323e-02,-5.340332333489883343e-02,-1.575353302105158004e-01,-2.761216985003540625e-01,-4.085943750362978077e-01,-5.532550704703910194e-01,-7.069082052031210317e-01,-8.649030379796625034e-01,-1.021882824116446153e+00,-1.173082820938420312e+00,-1.315397997984896872e+00,-1.447446662620053282e+00,-1.568704738491306205e+00,-1.678535219046171978e+00,-1.775795381384736693e+00,-1.859051067539759128e+00,-1.927024288826335141e+00,-1.978943465750953923e+00,-2.014680623485575417e+00,-2.034704242537512808e+00,-2.039919148097831147e+00,-2.031463180196321439e+00,-2.010517707283800970e+00,-1.978171921058581972e+00,-1.935362883078452612e+00,-1.882898006176853656e+00,-1.821553399683883523e+00,-1.752227223788514809e+00,-1.676111373666772764e+00,-1.594831975855318218e+00,-1.510507523826928322e+00,-1.425690621326153762e+00,-1.343195810811345980e+00,-1.265859653720426525e+00,-1.196306667995374884e+00,-1.136784167243554133e+00,-1.089079758975301626e+00,-1.054477276685098275e+00,-1.033683903969527140e+00,-1.026692723657001594e+00,-1.032605804621417711e+00,-1.049488379385546510e+00,-1.074333800075570000e+00,-1.103205711258379740e+00,-1.131607008038797213e+00
1.348608840777204776e+00,1.399422449485993480e+00,1.303563710989116275e+00,1.184397951540316019e+00,1.119828965104096685e+00,1.099045182097854401e+00,1.103483029952321948e+00,1.117351691723327267e+00,1.132856449548622635e+00,1.147519519953516420e+00,1.161174509647898034e+00,1.174194134002337631e+00,1.186880221450562933e+00,1.199390721805341009e+00,1.211803075054412426e+00,1.224167753269704395e+00,1.236530434921446320e+00,1.248935274801854955e+00,1.261421821314658631e+00,1.274021892302318548e+00,1.286758260710899382e+00,1.299644998019123365e+00,1.312688787825549541e+00,1.325890595323156784e+00,1.339247302142400287e+00,1.352753111908805872e+00,1.366400659639939619e+00,1.380181828198631333e+00,1.394088307813433181e+00,1.408111946559758021e+00,1.422244940825961645e+00,1.436479910672514793e+00,1.450809898455640123e+00,1.465228321641649734e+00,1.479728903294145193e+00,1.494305596870495467e+00,1.508952516093645446e+00,1.523663875957874225e+00,1.538433947408659686e+00,1.553257025812441627e+00,1.568127411832013429e+00,1.583039402546139618e+00,1.597987290397604898e+00,1.612965367645062598e+00,1.627967934286734142e+00,1.642989307810138300e+00,1.658023833526587776e+00,1.673065894624968575e+00,1.688109921400549940e+00,1.703150399371069490e+00,1.718181876184171841e+00,1.733198967353801301e+00,1.748196360947786632e+00,1.763168821395169283e+00,1.778111192599790336e+00,1.793018400545322466e+00,1.807885455563521315e+00,1.822707454417754835e+00,1.837479582331910777e+00,1.852197115073381584e+00,1.866855421179576702e+00,1.881449964401171293e+00,1.895976306422153757e+00,1.910430109906536389e+00,1.924807141913764230e+00,1.939103277718911444e+00,1.953314505068995510e+00,1.967436928902646542e+00,1.981466776556485510e+00,1.995400403477412876e+00,2.009234299455440187e+00,2.022965095386383805e+00,2.036589570567659990e+00,2.050104660523507594e+00,2.063507465348211500e+00,2.076795258547368128e+00,2.089965496348031859e+00,2.103015827438737162e+00,2.115944103090110051e+00,2.128748387596123059e+00,2.141426968965161493e+00,2.153978369779147251e+00,2.166401358128092536e+00,2.178694958516826929e+00,2.190858462630469461e+00,2.202891439835597875e+00,2.214793747285273895e+00,2.226565539488267298e+00,2.238207277196221590e+00,2.249719735457290870e+00,2.261104010681206145e+00,2.272361526558940970e+00,2.283494038680424332e+00,2.294503637696158282e+00,2.305392750873357599e+00,2.316164141904493157e+00,2.326820908835844470e+00,2.337366479996060065e+00,2.347804607819647948e+00,2.358139360477793378e+00,2.368375111248766540e+00
1.335162905578139769e+00,1.289762273742283583e+00,1.241592219079950876e+00,1.185434043022998818e+00,1.134377768253830077e+00,1.092135921550108968e+00,1.070272310124175341e+00,1.064373031751456367e+00,1.064945909780783406e+00,1.065631467069272365e+00,1.064229664895169236e+00,1.060642934958735184e+00,1.055133976480631119e+00,1.047740633782430208e+00,1.038377035395316117e+00,1.027047083878149802e+00,1.013930105562063533e+00,9.993406269240734385e-01,9.836332389041330115e-01,9.671106606795176752e-01,9.499655516092695429e-01,9.322642179914467642e-01,9.139652570240455187e-01,8.949586295616804854e-01,8.751102752356388903e-01,8.543015701964442599e-01,8.324579442552404451e-01,8.095644879388665949e-01,7.856683657078992189e-01,7.608693886554002139e-01,7.353018147641743330e-01,7.091120141568074686e-01,6.824373127127620897e-01,6.553906614887045068e-01,6.280539333329353546e-01,6.004802398795727747e-01,5.727034222486677706e-01,5.447513613271319777e-01,5.166592539572718579e-01,4.884795001065282971e-01,4.602861076337790847e-01,4.321731575909020795e-01,4.042484336931946309e-01,3.766244059146318657e-01,3.494091338015132275e-01,3.226993054827528296e-01,2.965767429862565807e-01,2.711085972371965469e-01,2.463504602670381072e-01,2.223509942588854094e-01,1.991565338831813026e-01,1.768144210853903608e-01,1.553744186341103062e-01,1.348882038349917267e-01,1.154074704750483460e-01,9.698144448863876832e-02,7.965462232049483338e-02,6.346532831070519909e-02,4.844536390272691229e-02,3.462069915541127196e-02,2.201292168452811948e-02,1.064105118863278854e-02,5.233450515581550277e-04,-8.321175073135123057e-03,-1.587160560438349854e-02,-2.210445326182264303e-02,-2.699325100344096562e-02,-3.050837645110299201e-02,-3.261696179910067439e-02,-3.328282289217543433e-02,-3.246638331600049110e-02,-3.012461160117818615e-02,-2.621101719443452716e-02,-2.067576155373251900e-02,-1.346593731951511996e-02,-4.526056129467603828e-03,6.201230469219470853e-03,1.877416849033780588e-02,3.325070258661400047e-02,4.968705722221217203e-02,6.813612403940530471e-02,8.864569073602435179e-02,1.112565566691974817e-01,1.360005914867057630e-01,1.628988051113632873e-01,1.919595093603555513e-01,2.231766617331168989e-01,2.565284883951487460e-01,2.919764839345287966e-01,3.294648780844284253e-01,3.689206428610383726e-01,4.102540869542931068e-01,4.533600484470168279e-01,4.981196541598565397e-01,5.444025676818908810e-01,5.920696032146322008e-01,6.409755442483898724e-01,6.909719804186127412e-01,7.419099675800401306e-01,7.936423286154709045e-01,8.460254469797675592e-01
1.230656332942127396e+00,1.155781731726338357e+00,1.082288445749632455e+00,9.777861003660619499e-01,8.903827499373736520e-01,8.190041272552549545e-01,7.614316798860714108e-01,7.224718636467799548e-01,6.998450274906469204e-01,6.828302169640478869e-01,6.612649568123253330e-01,6.302485260566935699e-01,5.893926165443625909e-01,5.406069801206451197e-01,4.864530313949132490e-01,4.292600897780397551e-01,3.707500878812882705e-01,3.119777466891386353e-01,2.534549001999675255e-01,1.953514894919691769e-01,1.376942041247304904e-01,8.051661247132818611e-02,2.394379077775504738e-02,-3.178280958922918842e-02,-8.632075546433615187e-02,-1.392595139073426469e-01,-1.901530873450530956e-01,-2.385431693250116281e-01,-2.839711343288287004e-01,-3.259816258674871348e-01,-3.641218970165588376e-01,-3.979405035676677471e-01,-4.269876551846424340e-01,-4.508182947889978198e-01,-4.689981354312140471e-01,-4.811124440646168399e-01,-4.867771746392629550e-01,-4.856519465138794400e-01,-4.774542159728506485e-01,-4.619737524047937693e-01,-4.390862325550337619e-01,-4.087644865533206495e-01,-3.710857791943037443e-01,-3.262336033295970550e-01,-2.744928828289525669e-01,-2.162382458869888668e-01,-1.519160517866404159e-01,-8.202194588100975015e-02,-7.076616359817489155e-03,7.239712688018634656e-02,1.558929959966501300e-01,2.429333952740121150e-01,3.330740604734180321e-01,4.259012865406653359e-01,5.210227382626927417e-01,6.180532343974409759e-01,7.165968832257377796e-01,8.162268183575578373e-01,9.164639009117897528e-01,1.016756351085913668e+00,1.116463299216779115e+00,1.214846328371930628e+00,1.311073582130510840e+00,1.404240198653283533e+00,1.493406162960533967e+00,1.577648245173124186e+00,1.656117706078420238e+00,1.728092127952161938e+00,1.793010283803418536e+00,1.850483924339507258e+00,1.900287694817701878e+00,1.942334552097556344e+00,1.976646379723118852e+00,2.003327806993167481e+00,2.022547359516601695e+00,2.034526211564106291e+00,2.039532297050741239e+00,2.037876602698293738e+00,2.029908728177924004e+00,2.016009744042641660e+00,1.996581611083224850e+00,1.972033666847102573e+00,1.942767711329347557e+00,1.909163831248314791e+00,1.871569145528269473e+00,1.830291108088183405e+00,1.785595993262736325e+00,1.737711961781858161e+00,1.686834955624660015e+00,1.633134856823687198e+00,1.576759037814594366e+00,1.517830702308728519e+00,1.456440279640859314e+00,1.392629613704824409e+00,1.326370882643833404e+00,1.257545309360184715e+00,1.185930972584576359e+00,1.111214140236431724e+00,1.033042925652660982e+00,9.511418474942183732e-01,8.654952331792143960e-01
1.075596438278188627e+00,1.018076591713168444e+00,9.635771074631336308e-01,8.416166451622442146e-01,7.029792318811692864e-01,5.708625393226179900e-01,4.500364393263566187e-01,3.400285128552497094e-01,2.392922434848561430e-01,1.459117513290346391e-01,5.800036751330986395e-02,-2.568454243431955719e-02,-1.054677165394040661e-01,-1.808838631764308480e-01,-2.510210061556787942e-01,-3.149070485961554811e-01,-3.717828009796012578e-01,-4.211895173505673107e-01,-4.629096177812171975e-01,-4.968471189307823721e-01,-5.229172163772244364e-01,-5.409767415142511249e-01,-5.507986883734603545e-01,-5.520804547617264024e-01,-5.444721339569548180e-01,-5.276128050433159800e-01,-5.011661401032284635e-01,-4.648503894273852133e-01,-4.184613834901571572e-01,-3.618901774407968785e-01,-2.951386852045683185e-01,-2.183363201049072777e-01,-1.317580238985217589e-01,-3.584022268872127936e-02,6.881105245782503932e-02,1.814229599389328429e-01,3.010633591824046218e-01,4.266343427777142816e-01,5.568269789969848560e-01,6.900247129693918291e-01,8.241783687290968885e-01,9.567220579156502369e-01,1.084625380685498630e+00,1.204647933895811818e+00,1.313768439112540598e+00,1.409646500175856021e+00,1.490922806059475247e+00,1.557228923574987656e+00,1.608924999866139016e+00,1.646707311875621027e+00,1.671251497469250280e+00,1.682996600051436253e+00,1.682095750673111789e+00,1.668505360010005267e+00,1.642158074181108596e+00,1.603153171887878425e+00,1.551898814523658299e+00,1.489157023366818766e+00,1.415970078872561544e+00,1.333478077279953489e+00,1.242680978583122542e+00,1.144270607809815044e+00,1.038712629697739143e+00,9.266706260298206432e-01,8.095981536089920105e-01,6.901019470928041466e-01,5.717812822056863586e-01,4.586178288506971290e-01,3.542650221329078919e-01,2.615593714111342227e-01,1.823747566766354966e-01,1.177593593864992016e-01,6.821350876809320618e-02,3.397870098098076941e-02,1.526040807103623553e-02,1.235048565459087588e-02,2.564024103458414916e-02,5.553375151604875160e-02,1.022877197538495098e-01,1.658177719343915946e-01,2.455198975235839409e-01,3.401569009053709847e-01,4.478489317594511188e-01,5.661823528821371410e-01,6.924176411070627202e-01,8.237472727170429554e-01,9.575415434608056664e-01,1.091528710059380680e+00,1.223880457155178680e+00,1.353205086024996451e+00,1.478479680742606606e+00,1.598967496828273216e+00,1.714156505217809157e+00,1.823723139193092591e+00,1.927499165734802844e+00,2.025424203304074577e+00,2.117491545095924632e+00,2.203709117150737473e+00,2.284088516992775819e+00,2.358657654032821682e+00,2.427482946312912393e+00
1.373575077229196584e+00,1.376599056941795185e+00,1.292508775382241959e+00,1.176389182192939975e+00,1.098708249750211863e+00,1.051701445845181659e+00,1.026165353829163074e+00,1.013987493424850284e+00,1.010035812139505218e+00,1.011131245333291240e+00,1.015291414029348971e+00,1.021179432400024512e+00,1.027826233211875939e+00,1.034526792160577191e+00,1.040807210686914619e+00,1.046399830020581012e+00,1.051205684156763853e+00,1.055247287561975833e+00,1.058621506137019885e+00,1.061460071978668429e+00,1.063900881190102510e+00,1.066069811391259670e+00,1.068071100314481381e+00,1.069983908221385782e+00,1.071862930214450005e+00,1.073741389815689118e+00,1.075635205441328068e+00,1.077547495595576166e+00,1.079472870205829604e+00,1.081401164637866064e+00,1.083320431485673696e+00,1.085219127782281134e+00,1.087087528553976057e+00,1.088918463691474381e+00,1.090707514840196790e+00,1.092452824492920138e+00,1.094154664718678394e+00,1.095814893532627732e+00,1.097436398917261524e+00,1.099022599622879293e+00,1.100577042624428348e+00,1.102103112517335948e+00,1.103603849727927244e+00,1.105081862466700038e+00,1.106539311228962319e+00,1.107977943174893287e+00,1.109399155519816826e+00,1.110804070798317778e+00,1.112193611400915216e+00,1.113568565272816446e+00,1.114929638563706860e+00,1.116277494046363117e+00,1.117612776211669434e+00,1.118936125174830432e+00,1.120248182051632124e+00,1.121549588475716730e+00,1.122840982614376593e+00,1.124122993560133121e+00,1.125396235449342530e+00,1.126661302168562973e+00,1.127918763100875132e+00,1.129169160056337606e+00,1.130413005322323139e+00,1.131650780647864396e+00,1.132882936922683825e+00,1.134109894306705169e+00,1.135332042591490342e+00,1.136549741616599052e+00,1.137763321610443690e+00,1.138973083369579697e+00,1.140179298228370053e+00,1.141382207800790916e+00,1.142582023497666910e+00,1.143778925836635318e+00,1.144973063570067451e+00,1.146164552659454161e+00,1.147353475124857081e+00,1.148539877796149966e+00,1.149723770989836247e+00,1.150905127131972350e+00,1.152083879344538042e+00,1.153259920009802375e+00,1.154433099324892797e+00,1.155603223856971784e+00,1.156770055108050199e+00,1.157933308097510938e+00,1.159092649969754252e+00,1.160247698633924074e+00,1.161398021442392459e+00,1.162543133914464288e+00,1.163682498511595442e+00,1.164815523470250636e+00,1.165941561698363937e+00,1.167059909741132717e+00,1.168169806821685253e+00,1.169270433961852707e+00,1.170360913188042140e+00,1.171440306826873945e+00,1.172507616894972182e+00,1.173561784586991230e+00,1.174601689865698573e+00
1.338146972797976675e+00,1.249273474127526651e+00,1.222347216218801158e+00,1.169716077643271790e+00,1.105548631659392544e+00,1.046022515965206345e+00,1.006876415239454481e+00,9.851433788067542885e-01,9.728202721094134642e-01,9.635953515276557413e-01,9.539547090109881111e-01,9.423076881225591617e-01,9.279806607008949104e-01,9.106871210291960228e-01,8.903866341041708488e-01,8.672833791625984556e-01,8.418057813937193101e-01,8.145243259938423908e-01,7.860304944989021658e-01,7.568189152387108098e-01,7.272067145313803049e-01,6.973054673083105559e-01,6.670428402198215201e-01,6.362186861303775753e-01,6.045760864392446532e-01,5.718701753914987584e-01,5.379227012737378688e-01,5.026552271103066349e-01,4.660982071203799149e-01,4.283775679564116867e-01,3.896847067878651538e-01,3.502387848778889534e-01,3.102507704038818814e-01,2.698968272170770288e-01,2.293052444334587325e-01,1.885573189217557566e-01,1.476993777735824409e-01,1.067610402102863176e-01,6.577413879935273266e-02,2.478744128408177927e-02,-1.612587017208749751e-02,-5.686867578597087913e-02,-9.732691167369195151e-02,-1.373802247010355027e-01,-1.769130062383308388e-01,-2.158230106721406028e-01,-2.540258707484964740e-01,-2.914551563693498215e-01,-3.280588119354654886e-01,-3.637935707648760619e-01,-3.986191557110116968e-01,-4.324937735340683709e-01,-4.653717722444330462e-01,-4.972035920732947867e-01,-5.279375185830388340e-01,-5.575223802421517272e-01,-5.859102643562821289e-01,-6.130585096519356458e-01,-6.389305698066849448e-01,-6.634957101209533192e-01,-6.867277965322013955e-01,-7.086036007368634593e-01,-7.291010652362335254e-01,-7.481978773327382370e-01,-7.658705446899585212e-01,-7.820940031128820191e-01,-7.968416624499252698e-01,-8.100857303388211417e-01,-8.217976461083835726e-01,-8.319484935095338152e-01,-8.405093192699726323e-01,-8.474513438306281454e-01,-8.527460961144441853e-01,-8.563655288049423220e-01,-8.582821745277726677e-01,-8.584693914752330457e-01,-8.569017263444258514e-01,-8.535553996245863750e-01,-8.484088982031643411e-01,-8.414436457022025362e-01,-8.326447126716809422e-01,-8.220015261472910506e-01,-8.095085398296339996e-01,-7.951658308388591667e-01,-7.789795954527556354e-01,-7.609625236284878191e-01,-7.411340399672583512e-01,-7.195204068641432027e-01,-6.961546937299900595e-01,-6.710766241715779845e-01,-6.443323205448383550e-01,-6.159739718967849331e-01,-5.860594564376337967e-01,-5.546519527761047952e-01,-5.218195747299665399e-01,-4.876350622801020052e-01,-4.521755560894504811e-01,-4.155224751371099368e-01,-3.777615068550046473e-01,-3.389827073509388278e-01,-2.992806966739183228e-01
1.217287598346471267e+00,1.096146799565373531e+00,1.039546212724724583e+00,9.419366581229744462e-01,8.475756024926411891e-01,7.594943786395957908e-01,6.826911748720579931e-01,6.256309275496771960e-01,5.853704542296620517e-01,5.516741937126882211e-01,5.152891554026866050e-01,4.713721451395662676e-01,4.190173149329673441e-01,3.595538537872774443e-01,2.950531666070669856e-01,2.274423157992698785e-01,1.581575691867607714e-01,8.812841700502033193e-02,1.790338899852164656e-02,-5.219491774863871392e-02,-1.219385701825506652e-01,-1.911068126143797286e-01,-2.594426920715042773e-01,-3.266420667412087697e-01,-3.923596120733168213e-01,-4.562197008202804049e-01,-5.178258220739484496e-01,-5.767668324740440333e-01,-6.326206355531749370e-01,-6.849564671197898580e-01,-7.333368153710526638e-01,-7.773197568576677430e-01,-8.164623459472990508e-01,-8.503256180792833074e-01,-8.784816571707534383e-01,-9.005229701423493882e-01,-9.160741014182929298e-01,-9.248050504574680808e-01,-9.264456923596728899e-01,-9.208001109864949463e-01,-9.077595840523084991e-01,-8.873129346082264668e-01,-8.595530862236073766e-01,-8.246789189641507978e-01,-7.829919012289250357e-01,-7.348874422263277362e-01,-6.808414312419851511e-01,-6.213929432419675880e-01,-5.571245191317011347e-01,-4.886416938191260328e-01,-4.165534854273267307e-01,-3.414553524902469439e-01,-2.639157024461089573e-01,-1.844664807630307934e-01,-1.035978225108076800e-01,-2.175636769479216692e-02,6.065323982604464703e-02,1.432638950845582793e-01,2.257383578772610422e-01,3.077576476107787284e-01,3.890047155041915783e-01,4.691432304811696263e-01,5.477927924215530986e-01,6.245040043151373066e-01,6.987389315262440004e-01,7.698635253541263879e-01,8.371575720586544866e-01,8.998442490931751747e-01,9.571361850069800559e-01,1.008289922631731228e+00,1.052658065395757570e+00,1.089729350082607517e+00,1.119150882468016972e+00,1.140731865112633692e+00,1.154432258952838186e+00,1.160341800622767483e+00,1.158654675609897211e+00,1.149643690039440891e+00,1.133635903103574094e+00,1.110990079102293970e+00,1.082075394850321004e+00,1.047250740536866731e+00,1.006844632773375992e+00,9.611370296631884802e-01,9.103459129917950143e-01,8.546230155617516866e-01,7.940640403819214654e-01,7.287384613043632609e-01,6.587416032954673817e-01,5.842663040333807567e-01,5.056830315515963292e-01,4.236079540543670752e-01,3.389330291599782496e-01,2.527966057480005579e-01,1.664888061056660207e-01,8.130544140539192055e-02,-1.623724977976692685e-03,-8.150066468178063239e-02,-1.579723859261356056e-01,-2.311256315326007948e-01,-3.013151854160154297e-01
1.050616055400205529e+00,9.451187776807454810e-01,9.034536750277707418e-01,7.837875814297978749e-01,6.349661791897431851e-01,4.834758935495557242e-01,3.370885362872699798e-01,1.991615414723814370e-01,7.096841468170761447e-02,-4.755895372001656130e-02,-1.567849032787031471e-01,-2.571696285337242704e-01,-3.493027454294712619e-01,-4.337374148564986376e-01,-5.108750011629830112e-01,-5.809760104415205850e-01,-6.441970805959961188e-01,-7.005975067674111711e-01,-7.501238533596663594e-01,-7.925964042398705445e-01,-8.277114774569029887e-01,-8.550621276765917322e-01,-8.741726251855668206e-01,-8.845391514565275060e-01,-8.856692028968384811e-01,-8.771140193183144529e-01,-8.584910527219340448e-01,-8.294966254451268117e-01,-7.899121794027623711e-01,-7.396102723341794194e-01,-6.785677465405257625e-01,-6.068923074780820937e-01,-5.248647119517146908e-01,-4.329924796184920766e-01,-3.320641984723254891e-01,-2.231887251702764918e-01,-1.078040224756815491e-01,1.235155585933048195e-02,1.352980227450319983e-01,2.588812077535068701e-01,3.808273317379012868e-01,4.987839767079577102e-01,6.103762109152559567e-01,7.133142109621215532e-01,8.055551170850278053e-01,8.854689491110744326e-01,9.519352130598111028e-01,1.004327799119235420e+00,1.042404371389192619e+00,1.066156288849462452e+00,1.075675652804441329e+00,1.071071554862077502e+00,1.052442500043187401e+00,1.019898587915051058e+00,9.736224566102731348e-01,9.139531799790006072e-01,8.414667842743065451e-01,7.570169081362992936e-01,6.617116630279042955e-01,5.568601119015595957e-01,4.439903226947207737e-01,3.250049870114907202e-01,2.023530769078073499e-01,7.897055546302184093e-02,-4.208365038840528038e-02,-1.580859068385245259e-01,-2.669515190762340451e-01,-3.672981676344353463e-01,-4.583077232032892745e-01,-5.394819818896041674e-01,-6.104176036682944506e-01,-6.706922623280140439e-01,-7.198671686574522610e-01,-7.575466248078688292e-01,-7.834300423027684701e-01,-7.973185464435865732e-01,-7.990644019646262475e-01,-7.884722436661741884e-01,-7.651813641784483977e-01,-7.285746933256286306e-01,-6.777662970644041662e-01,-6.117140976264650032e-01,-5.294878315629256704e-01,-4.306858109134885648e-01,-3.159248016316030805e-01,-1.872340542302272093e-01,-4.813027348510134917e-02,9.677126288345805349e-02,2.425299495071147615e-01,3.847305889209352570e-01,5.200534200113817729e-01,6.463551045089955815e-01,7.622991619893297877e-01,8.668473938298257853e-01,9.590975913967519917e-01,1.038669379184996799e+00,1.106140852303523214e+00,1.162922144330590601e+00,1.210700131229535570e+00,1.250993974360478322e+00,1.285025425215662320e+00
1.370945860434046981e+00,1.372946410797801553e+00,1.326314657505766048e+00,1.231234915647531292e+00,1.150446872766673900e+00,1.086405156928140991e+00,1.041847407087938659e+00,1.015723732687808134e+00,1.004708203491395668e+00,1.004439219640009595e+00,1.010776294387793151e+00,1.020406825368396664e+00,1.031000377602398821e+00,1.041108149321037235e+00,1.049963647757934160e+00,1.057275241816169054e+00,1.063051305898896848e+00,1.067468988289799636e+00,1.070783291024111961e+00,1.073268042449684767e+00,1.075180048340303784e+00,1.076739344867875925e+00,1.078120420537907131e+00,1.079450830157248520e+00,1.080814663517533081e+00,1.082258974368637272e+00,1.083801690389935235e+00,1.085439842178189451e+00,1.087157239446310264e+00,1.088931007458092459e+00,1.090736668162798573e+00,1.092551688566381740e+00,1.094357604778075421e+00,1.096140953599094470e+00,1.097893304758215116e+00,1.099610695109875413e+00,1.101292735703383929e+00,1.102941609391953737e+00,1.104561114728057625e+00,1.106155852076109669e+00,1.107730597061742372e+00,1.109289867994167178e+00,1.110837668276324575e+00,1.112377370715961655e+00,1.113911705710177724e+00,1.115442816802181936e+00,1.116972352551231173e+00,1.118501570891353492e+00,1.120031439608164536e+00,1.121562723217147672e+00,1.123096051845974053e+00,1.124631971546276255e+00,1.126170977879482393e+00,1.127713535875222384e+00,1.129260089845685044e+00,1.130811066347769955e+00,1.132366873068602509e+00,1.133927895762314009e+00,1.135494494719933911e+00,1.137067001688939705e+00,1.138645717711279204e+00,1.140230912025485654e+00,1.141822821968245139e+00,1.143421653692573647e+00,1.145027583469938381e+00,1.146640759339935478e+00,1.148261302894971303e+00,1.149889311024556271e+00,1.151524857484559128e+00,1.153167994194892465e+00,1.154818752201425713e+00,1.156477142263197866e+00,1.158143155044363493e+00,1.159816760902593336e+00,1.161497909273043305e+00,1.163186527650709401e+00,1.164882520175118508e+00,1.166585765820780995e+00,1.168296116195349565e+00,1.170013392945492114e+00,1.171737384768430923e+00,1.173467844025128493e+00,1.175204482949303575e+00,1.176946969444881530e+00,1.178694922463113803e+00,1.180447906949416481e+00,1.182205428348946485e+00,1.183966926659005825e+00,1.185731770015518105e+00,1.187499247800070989e+00,1.189268563253256028e+00,1.191038825579410432e+00,1.192809041527215896e+00,1.194578106430091546e+00,1.196344794689879087e+00,1.198107749687005619e+00,1.199865473100190094e+00,1.201616313618839804e+00,1.203358455031654950e+00,1.205089903675681473e+00,1.206808475231178290e+00
1.325433499070371113e+00,1.227134482985811958e+00,1.228770273920879452e+00,1.191334204971860267e+00,1.129894158985252695e+00,1.068848784015464570e+00,1.025782140358412642e+00,9.993775578151645744e-01,9.834888269478861966e-01,9.724393288934067847e-01,9.621682860287976702e-01,9.502215172326371473e-01,9.353524706576183956e-01,9.171085923628339298e-01,8.955373960357497776e-01,8.710070125581714784e-01,8.440880539525364989e-01,8.154498250027458761e-01,7.857533268792432635e-01,7.555499648833493564e-01,7.252055468127782678e-01,6.948654912272110851e-01,6.644662773294590652e-01,6.337861787254479573e-01,6.025195583164280055e-01,5.703559672321298901e-01,5.370476503355512410e-01,5.024544096851832897e-01,4.665609112472417497e-01,4.294674028225011764e-01,3.913598429922390265e-01,3.524687982989241908e-01,3.130274200490233416e-01,2.732373365273337296e-01,2.332481228699271603e-01,1.931521765613187502e-01,1.529932499497853593e-01,1.127842343758143073e-01,7.252846656417960558e-02,3.223897676332085349e-02,-8.048469504432220756e-03,-4.827047313176707766e-02,-8.833886955904252103e-02,-1.281491867490691106e-01,-1.675915978709090481e-01,-2.065612897178052410e-01,-2.449659220475650101e-01,-2.827290137242893797e-01,-3.197893001283332870e-01,-3.560970599803560122e-01,-3.916089217007403533e-01,-4.262826893559021890e-01,-4.600733709363278301e-01,-4.929310260328989557e-01,-5.248004697221171355e-01,-5.556224246559178237e-01,-5.853354800869114971e-01,-6.138781969557649543e-01,-6.411908404900426017e-01,-6.672164485014294710e-01,-6.919011778004628965e-01,-7.151940554043730858e-01,-7.370463663186225256e-01,-7.574109339583905420e-01,-7.762415109083098397e-01,-7.934924241249345922e-01,-8.091185368496303099e-01,-8.230755195046302042e-01,-8.353203743475499099e-01,-8.458121355956889076e-01,-8.545126639293485482e-01,-8.613874646238757204e-01,-8.664064746939077466e-01,-8.695447805609561875e-01,-8.707832403959607781e-01,-8.701089932397596538e-01,-8.675158408098240237e-01,-8.630044891240089555e-01,-8.565826375999294751e-01,-8.482649047991754898e-01,-8.380725836107052462e-01,-8.260332248521362608e-01,-8.121800567836834350e-01,-7.965512581031974904e-01,-7.791891124956706882e-01,-7.601390824894891374e-01,-7.394488480521140827e-01,-7.171673601314463298e-01,-6.933439606923632592e-01,-6.680276186204956446e-01,-6.412663254839985338e-01,-6.131066871927446371e-01,-5.835937378907285478e-01,-5.527709918136929357e-01,-5.206807380900727589e-01,-4.873645731059979003e-01,-4.528641553884011905e-01,-4.172221590319439288e-01,-3.804833933650233480e-01,-3.426960485863366213e-01,-3.039130193051401418e-01
1.200139285786996801e+00,1.053022400150084525e+00,1.015965323357132410e+00,9.343298000154927063e-01,8.456456907908933562e-01,7.583548134538127261e-01,6.819974763118339389e-01,6.237528237583384039e-01,5.798078006126330397e-01,5.418025807688469087e-01,5.026504307309154207e-01,4.583779586551871565e-01,4.078007783973577327e-01,3.514865266522996801e-01,2.907459726388322285e-01,2.269540021199206170e-01,1.612278044862911486e-01,9.435403277729995097e-02,2.684203106497873303e-02,-4.097984903483326002e-02,-1.088692665282650074e-01,-1.765966925143489519e-01,-2.438997505365853580e-01,-3.104618976204580605e-01,-3.759083408776746627e-01,-4.398120115745273173e-01,-5.017041708823717361e-01,-5.610862311035644812e-01,-6.174410020589257142e-01,-6.702427526703378380e-01,-7.189662884197620674e-01,-7.630957181531794475e-01,-8.021337151556124923e-01,-8.356118811443165040e-01,-8.631023599638487642e-01,-8.842302383473736871e-01,-8.986856780765430930e-01,-9.062343291705889925e-01,-9.067245300975648181e-01,-9.000901747208707171e-01,-8.863488531094259049e-01,-8.655957605237265540e-01,-8.379946502411022013e-01,-8.037675451405306148e-01,-7.631849088551909688e-01,-7.165575618361063048e-01,-6.642309873395779718e-01,-6.065820192805332356e-01,-5.440173999919967196e-01,-4.769734109581079684e-01,-4.059156998129387350e-01,-3.313384934915808433e-01,-2.537625379610544130e-01,-1.737313009834078881e-01,-9.180520911712075627e-02,-8.553977627291931007e-03,7.545255580945861573e-02,1.596542764883090160e-01,2.435100797111589555e-01,3.265049931142782746e-01,4.081533116457033983e-01,4.879960297017608140e-01,5.655915337423998990e-01,6.404999852479745792e-01,7.122640114812099910e-01,7.803906364891288749e-01,8.443407362900664515e-01,9.035315763308700010e-01,9.573548130608708906e-01,1.005207630794447304e+00,1.046530420657517446e+00,1.080842562335688539e+00,1.107769169327987857e+00,1.127055174190333187e+00,1.138567012278730139e+00,1.142284852303136145e+00,1.138289267489361212e+00,1.126745788408864968e+00,1.107889634520963229e+00,1.082011707548972801e+00,1.049446024050041615e+00,1.010558338053268335e+00,9.657357935791897052e-01,9.153779744242024341e-01,8.598904655438802669e-01,7.996826163359628259e-01,7.351710932512500740e-01,6.667896121896663697e-01,5.950029824177641702e-01,5.203210560141304786e-01,4.433067718234218746e-01,3.645734576169145646e-01,2.847698955452185321e-01,2.045557368064156445e-01,1.245725519757366340e-01,4.541629178312683868e-02,-3.238383271294265064e-02,-1.083758322551319209e-01,-1.821816499830175573e-01,-2.534797868247162800e-01,-3.219784025161396279e-01
1.032365158092708457e+00,8.879778534100434273e-01,8.547765309157492331e-01,7.484299494640307415e-01,6.111649770837468409e-01,4.673710114826533646e-01,3.268931580375956658e-01,1.949318823092634767e-01,7.279660268152576830e-02,-4.041487540741395268e-02,-1.457280596490019842e-01,-2.436273309588296576e-01,-3.343979347739323149e-01,-4.184342166237118299e-01,-4.962071977332520589e-01,-5.680810317904466666e-01,-6.341642948394885515e-01,-6.942592048693069229e-01,-7.478980477979276786e-01,-7.944307721769112707e-01,-8.331270740398899477e-01,-8.632670087730951458e-01,-8.842078814627762906e-01,-8.954256685535737503e-01,-8.965343231211500008e-01,-8.872876330954095891e-01,-8.675684691249156977e-01,-8.373706677020196221e-01,-7.967793267100478083e-01,-7.459552253314923886e-01,-6.851279559764164029e-01,-6.146002587255577909e-01,-5.347634670978990146e-01,-4.461215241938618625e-01,-3.493192709979322519e-01,-2.451701121392103611e-01,-1.346791145481288643e-01,-1.906023792504585312e-02,1.002498598508562710e-01,2.215762172241971251e-01,3.429849630193883003e-01,4.622655542705149112e-01,5.769435703889502776e-01,6.843683985492535760e-01,7.819088530968281159e-01,8.672348676416338220e-01,9.385920471642957841e-01,9.949516133597404721e-01,1.035974754392463559e+00,1.061825666082075514e+00,1.072928501141097390e+00,1.069759939512447744e+00,1.052726524299276267e+00,1.022133000067618980e+00,9.782233223349140472e-01,9.212677156972757242e-01,8.516680838196444281e-01,7.700542252632377460e-01,6.773450015019166770e-01,5.747574183377455181e-01,4.637680658594856009e-01,3.460607549372435310e-01,2.235087716131696212e-01,9.821203328268543475e-02,-2.745697944294556159e-02,-1.508897581981984981e-01,-2.694096437833155555e-01,-3.805108844355922226e-01,-4.820449789381371364e-01,-5.722812073672229882e-01,-6.498695897726873838e-01,-7.137814191715773360e-01,-7.632745701379293202e-01,-7.978814594398229154e-01,-8.173921946540589900e-01,-8.218106296887635054e-01,-8.112833394551186572e-01,-7.860242003846862335e-01,-7.462670832138986743e-01,-6.922722363867690465e-01,-6.243929458238813845e-01,-5.431849153196346425e-01,-4.495188984616965699e-01,-3.446480607008424180e-01,-2.301980363154829679e-01,-1.080958220525489177e-01,1.947956961100727469e-02,1.500069901197658151e-01,2.803801706911193126e-01,4.068186236853559290e-01,5.254539749514700597e-01,6.334967514011041745e-01,7.298975110672629718e-01,8.148955754450446509e-01,8.892208322656274255e-01,9.537060263296164297e-01,1.009240668868455870e+00,1.056774476954042585e+00,1.097273999403275191e+00,1.131662292863531372e+00,1.160777563441571125e+00
1.340524730328911174e+00,1.392566136800974297e+00,1.387418973883026929e+00,1.315979387073394680e+00,1.244568342051389331e+00,1.187503970365181294e+00,1.151744862223336385e+00,1.136473560744731603e+00,1.136804886247204216e+00,1.146834166058479987e+00,1.161761620032342179e+00,1.178451510765439636e+00,1.195176869884671422e+00,1.211164833909591287e+00,1.226204373222464117e+00,1.240369223438611446e+00,1.253843889921539168e+00,1.266827631322631431e+00,1.279491012258374472e+00,1.291963428356798449e+00,1.304335879708173440e+00,1.316669234869445537e+00,1.329002912817252913e+00,1.341361934949931056e+00,1.353761934234550379e+00,1.366212421409541244e+00,1.378718806790793616e+00,1.391283635879432268e+00,1.403907375351430620e+00,1.416588961085343046e+00,1.429326222611240871e+00,1.442116234909643468e+00,1.454955613772993761e+00,1.467840756310842432e+00,1.480768025335246207e+00,1.493733878972418827e+00,1.506734950833589215e+00,1.519768089273606515e+00,1.532830365854858323e+00,1.545919063121329984e+00,1.559031650580159134e+00,1.572165755910728047e+00,1.585319136349557123e+00,1.598489653280774192e+00,1.611675251499151695e+00,1.624873943481527139e+00,1.638083798286625870e+00,1.651302934332683492e+00,1.664529515184433484e+00,1.677761747524782576e+00,1.690997880615302096e+00,1.704236206707358203e+00,1.717475062016340592e+00,1.730712827996284009e+00,1.743947932744836837e+00,1.757178852430592908e+00,1.770404112671896124e+00,1.783622289815365747e+00,1.796832012070032736e+00,1.810031960454536071e+00,1.823220869513874076e+00,1.836397527761210346e+00,1.849560777800221434e+00,1.862709516084927852e+00,1.875842692276722623e+00,1.888959308162044382e+00,1.902058416098481031e+00,1.915139116961579013e+00,1.928200557569004880e+00,1.941241927562717073e+00,1.954262455733274173e+00,1.967261405773284677e+00,1.980238071449184067e+00,1.993191771182018623e+00,2.006121842028684821e+00,2.019027633055085591e+00,2.031908498091968163e+00,2.044763787862708959e+00,2.057592841470031964e+00,2.070394977225583411e+00,2.083169482802358807e+00,2.095915604685222533e+00,2.108632536889129661e+00,2.121319408908143966e+00,2.133975272850972438e+00,2.146599089710480524e+00,2.159189714705582741e+00,2.171745881624076890e+00,2.184266186084469208e+00,2.196749067623817275e+00,2.209192790507183535e+00,2.221595423142803227e+00,2.233954815975718322e+00,2.246268577721867832e+00,2.258534049794939769e+00,2.270748278770238215e+00,2.282907986724148408e+00,2.295009539285384204e+00,2.307048911236072364e+00,2.319021649508187899e+00,2.330922833435276509e+00
1.296042268219431470e+00,1.224492026133786382e+00,1.243505674183108756e+00,1.217681006898809537e+00,1.166899463263029180e+00,1.119818592752273689e+00,1.090969646590868258e+00,1.077088685181268657e+00,1.071566667953047558e+00,1.069441980748904175e+00,1.067790982986656534e+00,1.065153151815255272e+00,1.060898639748083072e+00,1.054798025570496733e+00,1.046804210353271980e+00,1.036969544248104391e+00,1.025420640879109113e+00,1.012342993027300686e+00,9.979570790296496963e-01,9.824858442392725433e-01,9.661209878995929978e-01,9.489965035888088263e-01,9.311755299211162962e-01,9.126526111901633875e-01,8.933693677607059680e-01,8.732386009453182441e-01,8.521707406726382050e-01,8.300971881297862787e-01,8.069868186122028941e-01,7.828539322954334301e-01,7.577577748822861281e-01,7.317951627834214934e-01,7.050886394505386789e-01,6.777729249727504346e-01,6.499822348583512710e-01,6.218404503593844002e-01,5.934552873253972072e-01,5.649167079903193445e-01,5.362990082200498332e-01,5.076654220435657949e-01,4.790738041684706738e-01,4.505820037266507483e-01,4.222518754639920102e-01,3.941513710394675685e-01,3.663546713638816676e-01,3.389407396724448129e-01,3.119909232505563290e-01,2.855862946320007478e-01,2.598053298537049138e-01,2.347223262412633515e-01,2.104067273170348307e-01,1.869233045303792251e-01,1.643329863853198736e-01,1.426940460014406165e-01,1.220633569808962648e-01,1.024974858412017742e-01,8.405347912811972355e-02,6.678929651475168372e-02,5.076391654848844137e-02,3.603718823829624163e-02,2.266951818755702508e-02,1.072147533534748010e-02,2.533729225188130485e-04,-8.675140327771724280e-03,-1.600547294370968654e-02,-2.168047837018605151e-02,-2.564485750948625187e-02,-2.784559664888053288e-02,-2.823245550380892865e-02,-2.675851048290517342e-02,-2.338074717237004219e-02,-1.806068528132559470e-02,-1.076501012603675589e-02,-1.466177889346442775e-03,9.857042243521740854e-03,2.321912721243551969e-02,3.862749687737906945e-02,5.608238018137462477e-02,7.557687484354155827e-02,9.709721469299945062e-02,1.206232467413538845e-01,1.461291069027220724e-01,1.735840698714013475e-01,2.029535360995082804e-01,2.342001080609785180e-01,2.672846998278944897e-01,3.021676188998635437e-01,3.388095573405763838e-01,3.771724303680359380e-01,4.172200041288438022e-01,4.589182598285914683e-01,5.022354480543606003e-01,5.471417945180312437e-01,5.936088263421159805e-01,6.416082965293442575e-01,6.911106939322758658e-01,7.420833378040101458e-01,7.944880711529402895e-01,8.482785871635711850e-01,9.033974494201992833e-01,9.597729007972147786e-01
1.178362305724558468e+00,1.028562749783471286e+00,1.004133627787726413e+00,9.457395049309117452e-01,8.765572023303297433e-01,8.060425624112981247e-01,7.476583284764276582e-01,7.083199133015509741e-01,6.829658862374639039e-01,6.623362089861517532e-01,6.392509421465031316e-01,6.100441352204034606e-01,5.737692980540952670e-01,5.310509383386459170e-01,4.831672793049475723e-01,4.314644358030607640e-01,3.770712080641447916e-01,3.208262740683025527e-01,2.633197464439551716e-01,2.049773195615553212e-01,1.461464692644562358e-01,8.716550467002392999e-02,2.840881557438595939e-02,-2.969082294535829725e-02,-8.663796973946180646e-02,-1.418821696370489160e-01,-1.948322257413606096e-01,-2.448733207156701397e-01,-2.913846646952591435e-01,-3.337563790514468387e-01,-3.714049561996574100e-01,-4.037869817763851676e-01,-4.304109663269659602e-01,-4.508471830084780363e-01,-4.647354131285322820e-01,-4.717905279369267735e-01,-4.718059315447109547e-01,-4.646550671854874359e-01,-4.502914084234748149e-01,-4.287475356531474935e-01,-4.001339355431361433e-01,-3.646379763783798023e-01,-3.225230831882951454e-01,-2.741275238849314455e-01,-2.198615684561068262e-01,-1.602013084665222520e-01,-9.567734966189733736e-02,-2.685708600461128581e-02,4.567963767133825792e-02,1.213701266156751168e-01,1.997007231034694519e-01,2.802367316561364952e-01,3.626456063251393136e-01,4.467089964979477634e-01,5.323204065653590611e-01,6.194668662170982332e-01,7.081948072816945938e-01,7.985620992001714047e-01,8.905798838725262900e-01,9.841495733917127176e-01,1.079002224316834901e+00,1.174649356320478510e+00,1.270355562992722120e+00,1.365142827237919132e+00,1.457832912593007624e+00,1.547126855292028313e+00,1.631710669238847666e+00,1.710367548454696962e+00,1.782073706615542097e+00,1.846059977412011222e+00,1.901832404497855844e+00,1.949156801600583577e+00,1.988019498815146946e+00,2.018577529923141878e+00,2.041108188526699507e+00,2.055963244740730111e+00,2.063529377169566636e+00,2.064194344244238977e+00,2.058318002882113529e+00,2.046208092491179187e+00,2.028102314806988549e+00,2.004160174740795330e+00,1.974469647689709895e+00,1.939074063879140386e+00,1.898022431034634749e+00,1.851440610737714154e+00,1.799611283488404379e+00,1.743040119472834437e+00,1.682480065627730115e+00,1.618892246131900858e+00,1.553342853321574957e+00,1.486862892615765208e+00,1.420316716713926564e+00,1.354324094337088447e+00,1.289259750211756650e+00,1.225325845112471335e+00,1.162670029727458143e+00,1.101510760105180342e+00,1.042231972912683435e+00,9.854191995914052260e-01,9.318278875811003559e-01
1.020734318688454101e+00,8.512520803650238665e-01,8.169598010005227895e-01,7.337914643841070284e-01,6.322525168514133709e-01,5.244883095154641017e-01,4.162628969981862492e-01,3.131142611152974431e-01,2.188048899706119821e-01,1.336432114209330502e-01,5.547845303560666741e-02,-1.841392196287755523e-02,-9.004695586075250890e-02,-1.602613377003996309e-01,-2.288335611049972518e-01,-2.948339025250719114e-01,-3.569940961335593688e-01,-4.139718922446256055e-01,-4.645001327406078628e-01,-5.074525715762848721e-01,-5.418636555623497220e-01,-5.669286830562562107e-01,-5.819981055488754329e-01,-5.865707600325228421e-01,-5.802866079971897850e-01,-5.629189686916153956e-01,-5.343673204879084704e-01,-4.946527623433274456e-01,-4.439181364466990853e-01,-3.824333371208743504e-01,-3.106038330256275515e-01,-2.289777811326136892e-01,-1.382455980208765478e-01,-3.922698704957328086e-02,6.715464186388059309e-02,1.799020112937652904e-01,2.979608881902129358e-01,4.202033095596270362e-01,5.453637954318730774e-01,6.719352635019242292e-01,7.980586962655749073e-01,9.214637954675717335e-01,1.039523134452023267e+00,1.149458464287041348e+00,1.248681050483999799e+00,1.335171351071379853e+00,1.407750353698671519e+00,1.466123148960734479e+00,1.510690243815786982e+00,1.542240677887238842e+00,1.561670744874813277e+00,1.569810932870876474e+00,1.567362498528739323e+00,1.554900344977738547e+00,1.532896275346046222e+00,1.501735895299435297e+00,1.461724586897560796e+00,1.413091974501494708e+00,1.356004323423474656e+00,1.290580634554509221e+00,1.216891596244178642e+00,1.134925280579803575e+00,1.044559407540650131e+00,9.456818019456652014e-01,8.386325553015904211e-01,7.249115165626488499e-01,6.076744331120085274e-01,4.914776844179875592e-01,3.813301704370438694e-01,2.817161366870240546e-01,1.961292252451951601e-01,1.270740398229711077e-01,7.618069975653546377e-02,4.423912373561561528e-02,3.122873715073676282e-02,3.647070898115062354e-02,5.889913790119788439e-02,9.733659575805497788e-02,1.506623457104928065e-01,2.178333460640214936e-01,2.977860372663376221e-01,3.892828223024779044e-01,4.907781303165651421e-01,6.003685788234771614e-01,7.158530006114101063e-01,8.348752987085957811e-01,9.550981871100125975e-01,1.074370835322059570e+00,1.190868111300663390e+00,1.303173636030576565e+00,1.410283672931815557e+00,1.511539798099961640e+00,1.606528733323582703e+00,1.694991849311546339e+00,1.776767914782982238e+00,1.851769503804785666e+00,1.919979860050584630e+00,1.981455219507506138e+00,2.036322759611024047e+00,2.084770788619368709e+00,2.127032308424852136e+00
1.797001099314351036e+00,1.986342340765700598e+00,2.028883776904156111e+00,1.977823664982647944e+00,1.977886195704580130e+00,1.994922927058375262e+00,2.024402748755209203e+00,2.057261376752067328e+00,2.091079132011309127e+00,2.124621876754866800e+00,2.157725961343316179e+00,2.190476332141908955e+00,2.223060180334924141e+00,2.255643616993276090e+00,2.288347826363858584e+00,2.321244767025264721e+00,2.354366991674579079e+00,2.387718682312309326e+00,2.421285620691014273e+00,2.455042742354582863e+00,2.488959479400034702e+00,2.523003283054058965e+00,2.557141808337857647e+00,2.591344161441997418e+00,2.625581523790707195e+00,2.659827380039283540e+00,2.694057508727385031e+00,2.728249842020458615e+00,2.762384263403795615e+00,2.796442385942772724e+00,2.830407335979550076e+00,2.864263555482704504e+00,2.897996628871863933e+00,2.931593135641213266e+00,2.965040527530886649e+00,2.998327027663573396e+00,3.031441548511512263e+00,3.064373625476880303e+00,3.097113363054152746e+00,3.129651390867282057e+00,3.161978827257335034e+00,3.194087248489174691e+00,3.225968662021152511e+00,3.257615482624722336e+00,3.289020510444318646e+00,3.320176910349649013e+00,3.351078192153080781e+00,3.381718191446196009e+00,3.412091050954482618e+00,3.442191202420893603e+00,3.472013349110621760e+00,3.501552449084422314e+00,3.530803699419195141e+00,3.559762521565374538e+00,3.588424548024067295e+00,3.616785610505555582e+00,3.644841729697633426e+00,3.672589106729912345e+00,3.700024116371525729e+00,3.727143301946986398e+00,3.753943371900997139e+00,3.780421197890100338e+00,3.806573814229526675e+00,3.832398418479435964e+00,3.857892372917805623e+00,3.883053206618984454e+00,3.907878617838407287e+00,3.932366476395861454e+00,3.956514825752178943e+00,3.980321884486931694e+00,4.003786046906986584e+00,4.026905882546308213e+00,4.049680134354749939e+00,4.072107715415983265e+00,4.094187704079999435e+00,4.115919337442100812e+00,4.137302003145615359e+00,4.158335229528252519e+00,4.179018674170103864e+00,4.199352110933816107e+00,4.219335415613153728e+00,4.238968550324644369e+00,4.258251546787847452e+00,4.277184488643251292e+00,4.295767492953160627e+00,4.314000691020940970e+00,4.331884208648448364e+00,4.349418145931465141e+00,4.366602556669457513e+00,4.383437427440244782e+00,4.399922656363179918e+00,4.416058031547344775e+00,4.431843209194941124e+00,4.447277691305484559e+00,4.462360802904225210e+00,4.477091668699263671e+00,4.491469189056539690e+00,4.505492015170936781e+00,4.519158523305566000e+00,4.532466787970445665e+00,4.545414553916842237e+00
1.821806419253218401e+00,1.939457686868389041e+00,2.030151843383998678e+00,2.037934407151763772e+00,2.056937859280482783e+00,2.057276421895938512e+00,2.060175607817885890e+00,2.070184961428094716e+00,2.086813150509697845e+00,2.107875827176767913e+00,2.131994859570848888e+00,2.158185626562419746e+00,2.185572894136203814e+00,2.213304825259690745e+00,2.240624878073496085e+00,2.266940184472717945e+00,2.291844552435624571e+00,2.315101211412139648e+00,2.336606012982798131e+00,2.356346558707647088e+00,2.374365768120845210e+00,2.390733366463382747e+00,2.405525993708946153e+00,2.418815167462908367e+00,2.430661618858040107e+00,2.441114269166158479e+00,2.450212173589029874e+00,2.457988010359573039e+00,2.464472037727006626e+00,2.469695799000032999e+00,2.473695173184887963e+00,2.476512617538281447e+00,2.478198620023825516e+00,2.478812479177688655e+00,2.478422569188812652e+00,2.477106245649940419e+00,2.474949519381973495e+00,2.472046586934317336e+00,2.468499268267294600e+00,2.464416371988266352e+00,2.459912989534066341e+00,2.455109711767248459e+00,2.450131762328849216e+00,2.445108048557036895e+00,2.440170139661128612e+00,2.435451190612028860e+00,2.431084837251041186e+00,2.427204092650887546e+00,2.423940276626477264e+00,2.421422009685975762e+00,2.419774299978741716e+00,2.419117747307344857e+00,2.419567882391785218e+00,2.421234652681588440e+00,2.424222058522174983e+00,2.428627935865744103e+00,2.434543874482712589e+00,2.442055254288467481e+00,2.451241377415798617e+00,2.462175670407566130e+00,2.474925929622942888e+00,2.489554583746349525e+00,2.506118950116735800e+00,2.524671466270556941e+00,2.545259884297997210e+00,2.567927422911979285e+00,2.592712879977605134e+00,2.619650716004230162e+00,2.648771126044053847e+00,2.680100122799622842e+00,2.713659656735118553e+00,2.749467798867880397e+00,2.787539008040349042e+00,2.827884496353721744e+00,2.870512693820198802e+00,2.915429796165763143e+00,2.962640358385775663e+00,3.012147871706462254e+00,3.063955233888408181e+00,3.118064993421777675e+00,3.174479218469752784e+00,3.233198813159286367e+00,3.294222079404812931e+00,3.357542305481465483e+00,3.423144158642783985e+00,3.490998676848890980e+00,3.561056706853167775e+00,3.633240739734641789e+00,3.707435271066946925e+00,3.783476080874932368e+00,3.861139197476041840e+00,3.940130762279253407e+00,4.020079486657449408e+00,4.100533761985988512e+00,4.180965566365267172e+00,4.260782908429603388e+00,4.339351538888618798e+00,4.416025109180963248e+00,4.490181168677219503e+00,4.561258837928082066e+00,4.628793129867686318e+00
1.758381611565026592e+00,1.882367868180032211e+00,1.942467068420683063e+00,1.895644168015586661e+00,1.860554989441674856e+00,1.825655356712621247e+00,1.789481958810124951e+00,1.753089112499846669e+00,1.722463645473611749e+00,1.700594507136049538e+00,1.686715177313819147e+00,1.678262317106304469e+00,1.672522917438844958e+00,1.667243608605036176e+00,1.660739863538005734e+00,1.651882891489287575e+00,1.640065235405556487e+00,1.625140335966638094e+00,1.607329769937694053e+00,1.587110876999121567e+00,1.565106017223372170e+00,1.541991279025557660e+00,1.518433623025182033e+00,1.495056779036368688e+00,1.472430474961997859e+00,1.451075230093078927e+00,1.431475180769733679e+00,1.414093043374275327e+00,1.399383357151667617e+00,1.387801964011415201e+00,1.379811004429595256e+00,1.375879509887812713e+00,1.376480052199555049e+00,1.382082010963737284e+00,1.393141978330733499e+00,1.410091742811215410e+00,1.433324255401428271e+00,1.463178027557157090e+00,1.499920565149317042e+00,1.543731710410855218e+00,1.594688127969639657e+00,1.652750581386909001e+00,1.717756005288120669e+00,1.789416530068681288e+00,1.867327361985378520e+00,1.950984571104503740e+00,2.039812311514541676e+00,2.133196939044889717e+00,2.230523350150167783e+00,2.331207336695014565e+00,2.434717549495845290e+00,2.540582186512600593e+00,2.648378573684381898e+00,2.757707559883968429e+00,2.868157915790689128e+00,2.979267667189935409e+00,3.090489151718567751e+00,3.201163214943674173e+00,3.310506766939854018e+00,3.417618087206229394e+00,3.521505474867672625e+00,3.621144791183269707e+00,3.715566925241733820e+00,3.803965569343002340e+00,3.885801843628502006e+00,3.960873937994231042e+00,4.029326406006939365e+00,4.091595207446243165e+00,4.148308823881908580e+00,4.200178166621784115e+00,4.247903879632282553e+00,4.292115588003247773e+00,4.333343484362958797e+00,4.372014246805870030e+00,4.408461161215208257e+00,4.442940088455169523e+00,4.475645944018885380e+00,4.506727035644714441e+00,4.536296382322732690e+00,4.564440081466626609e+00,4.591223170980849311e+00,4.616693504699001416e+00,4.640884093831677326e+00,4.663814256047517759e+00,4.685489798594476341e+00,4.705902355384385949e+00,4.725027899666066844e+00,4.742824357100672295e+00,4.759228138782383155e+00,4.774149287434174660e+00,4.787464767082243888e+00,4.799009208219075617e+00,4.808562126527896829e+00,4.815830249167016852e+00,4.820423121280184908e+00,4.821819721682349957e+00,4.819323691918825148e+00,4.812005738819268963e+00,4.798635463099210519e+00,4.777614316526097582e+00,4.746940538583313440e+00
1.641739687541688086e+00,1.803335542344613796e+00,1.869498799651136967e+00,1.821256509509580734e+00,1.749399880776070004e+00,1.668810208951605478e+00,1.590518279990202899e+00,1.516521299569276282e+00,1.448302334587931117e+00,1.386810403927876578e+00,1.332138851367571153e+00,1.283572771126006984e+00,1.239983274481702313e+00,1.200250906395108785e+00,1.163586624055209517e+00,1.129704855890313553e+00,1.098852870489804623e+00,1.071729102666013844e+00,1.049337183424843056e+00,1.032824101630318125e+00,1.023341186743226050e+00,1.021949430896688993e+00,1.029572717146705063e+00,1.046989514054353698e+00,1.074847718647183648e+00,1.113687339870545800e+00,1.163958769133473847e+00,1.226027859819108556e+00,1.300161447899804923e+00,1.386488029919132225e+00,1.484928834503525863e+00,1.595096240044566072e+00,1.716162341364448674e+00,1.846714198729301648e+00,1.984635852301862347e+00,2.127084276102781057e+00,2.270635454717319313e+00,2.411636140767650538e+00,2.546697966984857509e+00,2.673167962250627028e+00,2.789398374243497791e+00,2.894749223187446763e+00,2.989396098952752823e+00,3.074068688801399496e+00,3.149805364923543127e+00,3.217752816106852265e+00,3.279016277008263813e+00,3.334563027316094441e+00,3.385176224948885704e+00,3.431446924664832032e+00,3.473787924578247477e+00,3.512455658843328887e+00,3.547571669450298337e+00,3.579139720682537273e+00,3.607057425317790056e+00,3.631122830731801088e+00,3.651037460371281185e+00,3.666408274382324528e+00,3.676752100004605506e+00,3.681507229288968119e+00,3.680057659193379127e+00,3.671774919544953164e+00,3.656079292360304489e+00,3.632515683725095812e+00,3.600830994565127785e+00,3.561034841413148744e+00,3.513430855358211868e+00,3.458622551388940813e+00,3.397513806695971361e+00,3.331320629037669789e+00,3.261586275808630919e+00,3.190174826169155153e+00,3.119237742556209891e+00,3.051181710622359766e+00,2.988658945937211708e+00,2.934545971603635284e+00,2.891831826100570879e+00,2.863357835608615787e+00,2.851438211394313083e+00,2.857483633213113272e+00,2.881770755378815885e+00,2.923427557565977164e+00,2.980602376289353206e+00,3.050735788721508968e+00,3.130873131231987294e+00,3.217990800447265709e+00,3.309317204814921531e+00,3.402612749224817712e+00,3.496364051216483304e+00,3.589860119385676285e+00,3.683131157738608330e+00,3.776721141559456818e+00,3.871261193903878350e+00,3.966883749844417384e+00,4.062690635245091997e+00,4.156631375040081622e+00,4.246012339150271764e+00,4.328395191217813576e+00,4.402293592466906880e+00,4.467291471763148891e+00,4.523722007413660151e+00
1.840077212863345135e+00,1.940936666368139329e+00,2.011567388021871849e+00,1.996258515761680563e+00,2.011998069466930161e+00,2.024214913051026521e+00,2.036956371048724623e+00,2.046970988605012920e+00,2.054496633497701730e+00,2.059271563324247545e+00,2.061604005402223105e+00,2.062012758364919485e+00,2.061165029182590036e+00,2.059712516812409966e+00,2.058207719705602123e+00,2.057061706714133464e+00,2.056541982411623337e+00,2.056790947539826497e+00,2.057853146499412755e+00,2.059702885882073620e+00,2.062268295594298806e+00,2.065450506528456742e+00,2.069138093524167221e+00,2.073217493537519829e+00,2.077580215027572841e+00,2.082127562176419477e+00,2.086773458503055068e+00,2.091445827924517609e+00,2.096086893293072073e+00,2.100652679955555158e+00,2.105111957700891434e+00,2.109444812191969110e+00,2.113641002327866669e+00,2.117698230391826808e+00,2.121620425857012382e+00,2.125416120530609909e+00,2.129096971876768940e+00,2.132676472675700374e+00,2.136168868628159245e+00,2.139588291189527869e+00,2.142948100947857260e+00,2.146260427357455924e+00,2.149535883643566958e+00,2.152783431139991599e+00,2.156010365032815734e+00,2.159222393181265964e+00,2.162423781017744240e+00,2.165617538098611128e+00,2.168805625283634964e+00,2.171989165386749576e+00,2.175168644131492357e+00,2.178344092089552930e+00,2.181515241776136982e+00,2.184681657084407203e+00,2.187842834688357385e+00,2.190998278907646757e+00,2.194147552830442827e+00,2.197290309283987941e+00,2.200426305600878152e+00,2.203555406136387340e+00,2.206677576235642313e+00,2.209792870912579144e+00,2.212901420960295074e+00,2.216003418628138544e+00,2.219099104425262148e+00,2.222188756080521355e+00,2.225272680229338107e+00,2.228351207022900127e+00,2.231424687568050125e+00,2.234493493904373018e+00,2.237558021099949723e+00,2.240618690987445039e+00,2.243675957054402481e+00,2.246730310032245104e+00,2.249782283785027204e+00,2.252832461170017897e+00,2.255881479618722096e+00,2.258930036261604268e+00,2.261978892487657600e+00,2.265028877887810044e+00,2.268080893577414603e+00,2.271135914927524979e+00,2.274194993757969740e+00,2.277259260058746015e+00,2.280329923311727569e+00,2.283408273483853446e+00,2.286495681757728882e+00,2.289593601057464234e+00,2.292703566418033301e+00,2.295827195236480822e+00,2.298966187433802766e+00,2.302122325547770298e+00,2.305297474769666177e+00,2.308493582932037658e+00,2.311712680450007884e+00,2.314956880215443658e+00,2.318228377441092558e+00,2.321529449450489224e+00,2.324862455408808426e+00,2.328229835989739094e+00,2.331634112973622219e+00
1.837761655049050535e+00,1.875338618378066480e+00,1.984163284671571770e+00,2.017060085000037084e+00,2.044382385446029016e+00,2.045356216156787976e+00,2.042225686022346220e+00,2.037314000976864659e+00,2.029316174520523486e+00,2.017605356961822416e+00,2.002678831551328642e+00,1.985122427402442824e+00,1.965305134506930784e+00,1.943420658171731485e+00,1.919607170148409647e+00,1.894020422471215603e+00,1.866857428169443001e+00,1.838351154401155929e+00,1.808752210190743615e+00,1.778305375051175918e+00,1.747225405665281839e+00,1.715676379687077535e+00,1.683758872893695857e+00,1.651507797590515914e+00,1.618901029167232775e+00,1.585876269021325946e+00,1.552351984246783445e+00,1.518248048771172476e+00,1.483502598588479326e+00,1.448083061468518951e+00,1.411990830059020041e+00,1.375260296628622703e+00,1.337953803249481766e+00,1.300154428619330726e+00,1.261958445846098842e+00,1.223468835266388277e+00,1.184790590709884350e+00,1.146027918228609721e+00,1.107282959046552495e+00,1.068655451271513179e+00,1.030242759814310460e+00,9.921398683486502001e-01,9.544391401063591074e-01,9.172298353117197545e-01,8.805974810436284494e-01,8.446232218933760194e-01,8.093832596065905216e-01,7.749484471909114935e-01,7.413840618633511514e-01,7.087497535950714189e-01,6.770996526142213368e-01,6.464826147257956013e-01,6.169425817528300104e-01,5.885190324933877726e-01,5.612474971994672046e-01,5.351601074197280816e-01,5.102861547748811510e-01,4.866526372216279928e-01,4.642847784622934348e-01,4.432065133507688826e-01,4.234409374946524474e-01,4.050107216633146434e-01,3.879384910944014275e-01,3.722471672521588393e-01,3.579602663416665553e-01,3.451021461394475631e-01,3.336981912491854274e-01,3.237749269860380474e-01,3.153600535490271861e-01,3.084823945259334010e-01,3.031717566103161454e-01,2.994587003156006788e-01,2.973742242306444128e-01,2.969493679174474154e-01,2.982147409550270911e-01,3.011999879737181085e-01,3.059332018678884713e-01,3.124402997211346844e-01,3.207443782357869422e-01,3.308650674474748477e-01,3.428179029725786364e-01,3.566137376867690723e-01,3.722582132702843549e-01,3.897513102284263509e-01,4.090869916451269628e-01,4.302529510325029949e-01,4.532304683544081669e-01,4.779943709789727380e-01,5.045130885057289571e-01,5.327487828463423059e-01,5.626575284720760628e-01,5.941895132881386266e-01,6.272892290263527570e-01,6.618956220837253213e-01,6.979421818294000435e-01,7.353569536310166077e-01,7.740624778105896775e-01,8.139756724763462792e-01,8.550076961563897182e-01,8.970638433006501433e-01,9.400435395105355418e-01
1.751048653014099621e+00,1.793589399873566137e+00,1.849765727023346074e+00,1.815417251224500594e+00,1.785614336023293669e+00,1.743879300930104348e+00,1.689058382731680519e+00,1.627279672396122479e+00,1.567014984437029579e+00,1.511359430228847334e+00,1.459414207949970121e+00,1.409108667152679129e+00,1.358525942530547148e+00,1.306289152804807507e+00,1.251656554508348451e+00,1.194462534191615299e+00,1.134954412899030984e+00,1.073602165532427488e+00,1.010945143549799585e+00,9.475007717437777810e-01,8.837292396792305604e-01,8.200352606298664249e-01,7.567878072942317846e-01,6.943439758112543991e-01,6.330690889379395614e-01,5.733498360100353075e-01,5.156002230415206444e-01,4.602616070065662091e-01,4.077985606054446710e-01,3.586921948268247395e-01,3.134321883450236212e-01,2.725083407293836801e-01,2.364020833368437602e-01,2.055780874716104933e-01,1.804759147184070434e-01,1.615015595472089893e-01,1.490187343294602784e-01,1.433398301505083017e-01,1.447166329543049246e-01,1.533310550061249833e-01,1.692863225924571280e-01,1.925992081996481531e-01,2.231939802745076806e-01,2.608987476356758872e-01,3.054447947405883879e-01,3.564693509286027684e-01,4.135220389694293508e-01,4.760750408639298215e-01,5.435368309321375602e-01,6.152691638634187887e-01,6.906068398699607425e-01,7.688795414624387536e-01,8.494346859018495621e-01,9.316597479706318907e-01,1.015001950943309028e+00,1.098982769817961724e+00,1.183204570937898659e+00,1.267347139930332878e+00,1.351152937201343995e+00,1.434401618741856899e+00,1.516876443653317530e+00,1.598327267940645946e+00,1.678436375308587136e+00,1.756793839910812727e+00,1.832887971463097454e+00,1.906113539113135635e+00,1.975796424226310855e+00,2.041229326263510835e+00,2.101710656153711998e+00,2.156578840749713954e+00,2.205236823829594073e+00,2.247165328924739747e+00,2.281926800645345033e+00,2.309163761602003540e+00,2.328595474345154237e+00,2.340015852531620144e+00,2.343294252225903485e+00,2.338379593799103873e+00,2.325307408879559556e+00,2.304208858148450112e+00,2.275320413486192628e+00,2.238992595818659836e+00,2.195695754874043892e+00,2.146020266162619983e+00,2.090667764308694387e+00,2.030429473035288090e+00,1.966147960626104751e+00,1.898660456023986143e+00,1.828725641414765901e+00,1.756941524100821717e+00,1.683669148262324056e+00,1.608984962585001455e+00,1.532692108584182256e+00,1.454422336763552481e+00,1.373843227605017647e+00,1.290936366033850646e+00,1.206242242428948064e+00,1.120936906356738483e+00,1.036677634665331915e+00,9.552899212184922106e-01,8.784338247723405546e-01
1.613645671770257639e+00,1.693636124669166909e+00,1.741270757164217420e+00,1.679433875454380498e+00,1.588523024203910117e+00,1.479894940451686125e+00,1.363264091111780596e+00,1.244126149728607800e+00,1.127422303656229863e+00,1.016286843039255761e+00,9.116865780692571253e-01,8.130265863462194931e-01,7.192664732880509337e-01,6.298805272722648452e-01,5.452107537226988931e-01,4.662293549908003709e-01,3.940655870576504904e-01,3.296442323434775057e-01,2.735622251162582730e-01,2.261442883521548874e-01,1.875654093554680324e-01,1.579609252722082580e-01,1.374941599877119724e-01,1.263830431429133205e-01,1.248982060950824813e-01,1.333443817634227258e-01,1.520326339617081024e-01,1.812472319864825154e-01,2.212090748457267442e-01,2.720372445764135394e-01,3.337109163282682145e-01,4.060347961092034552e-01,4.886117491517757982e-01,5.808255455349010665e-01,6.818342113787911885e-01,7.905707970349752367e-01,9.057453516671587490e-01,1.025842368838108865e+00,1.149113778861309942e+00,1.273577122092550029e+00,1.397036364675626974e+00,1.517142493227010114e+00,1.631499792815487737e+00,1.737805304912404258e+00,1.833992567921717942e+00,1.918346081710296858e+00,1.989563442748558009e+00,2.046761313168752316e+00,2.089437401363513302e+00,2.117405806921467182e+00,2.130719610157499666e+00,2.129590695878467610e+00,2.114318586732007788e+00,2.085246587114991001e+00,2.042767298958893196e+00,1.987389941197319265e+00,1.919850656250651433e+00,1.841198726791731577e+00,1.752758668900864070e+00,1.655909753988312971e+00,1.551773960776742456e+00,1.441075515909837401e+00,1.324424052310156474e+00,1.202962118303256611e+00,1.078921888305833132e+00,9.555864767677548777e-01,8.366021567150669913e-01,7.251250019302801775e-01,6.233564421303353642e-01,5.326206164852897995e-01,4.537422415694588596e-01,3.874130375455800968e-01,3.343907266088538832e-01,2.955334557751974067e-01,2.717371150258793833e-01,2.638363408813652056e-01,2.724994727473186718e-01,2.981219331444940890e-01,3.407131210503602237e-01,3.997811236480318664e-01,4.742411629189486888e-01,5.623929418303311722e-01,6.620101535065570086e-01,7.705515188786491443e-01,8.854475400704400201e-01,1.004372765797650890e+00,1.125411806162555095e+00,1.247076213481729701e+00,1.368206258107491191e+00,1.487851589450090550e+00,1.605215050099064067e+00,1.719655041543579843e+00,1.830662993230184110e+00,1.937768866646945698e+00,2.040433047062238714e+00,2.138014071008919714e+00,2.229833068560024056e+00,2.315284543664588135e+00,2.393931546435814184e+00,2.465553203738390486e+00,2.530144737157700163e+00
1.859422915083106309e+00,1.923034572741794346e+00,2.044172824318145842e+00,2.079332227310364267e+00,2.114291893883938567e+00,2.122973690303399330e+00,2.122516664137759079e+00,2.117596329358963025e+00,2.111534827382792301e+00,2.104807110218683608e+00,2.097736209954226716e+00,2.090691290213367637e+00,2.084165195724411834e+00,2.078600486985003215e+00,2.074299289806879276e+00,2.071393876243460053e+00,2.069871598351388897e+00,2.069619210908214324e+00,2.070467296729555429e+00,2.072224867895753331e+00,2.074702615407066908e+00,2.077726634109098747e+00,2.081145356989000383e+00,2.084832063031165639e+00,2.088684683156631916e+00,2.092624055253509585e+00,2.096591368237603614e+00,2.100545262374635680e+00,2.104458877735189581e+00,2.108317029657165609e+00,2.112113616510213898e+00,2.115849316616130515e+00,2.119529599105948403e+00,2.123163052212140300e+00,2.126760018364848737e+00,2.130331516094654987e+00,2.133888422606164958e+00,2.137440887033105863e+00,2.140997942265766341e+00,2.144567282540990938e+00,2.148155174507865084e+00,2.151766471070635234e+00,2.155404699797099255e+00,2.159072200870570946e+00,2.162770293234862251e+00,2.166499451500247364e+00,2.170259480115756201e+00,2.174049675065596876e+00,2.177868966749518798e+00,2.181716040640367282e+00,2.185589434707893464e+00,2.189487614434153073e+00,2.193409027540574208e+00,2.197352141349492971e+00,2.201315466084485362e+00,2.205297567456960817e+00,2.209297071677105428e+00,2.213312665647838795e+00,2.217343094624410149e+00,2.221387159111207321e+00,2.225443712269130625e+00,2.229511658655706441e+00,2.233589954737286831e+00,2.237677611308539927e+00,2.241773697730198300e+00,2.245877347746427333e+00,2.249987766558336766e+00,2.254104238797878246e+00,2.258226137053581883e+00,2.262352930633781956e+00,2.266484194302956112e+00,2.270619616783376760e+00,2.274759008870289811e+00,2.278902311059422203e+00,2.283049600627638398e+00,2.287201098139783895e+00,2.291357173376941780e+00,2.295518350694345067e+00,2.299685313822486421e+00,2.303858910124071624e+00,2.308040154314236148e+00,2.312230231643407574e+00,2.316430500532685954e+00,2.320642494641839360e+00,2.324867924340613179e+00,2.329108677545643324e+00,2.333366819878105236e+00,2.337644594091341954e+00,2.341944418713129750e+00,2.346268885843754148e+00,2.350620758048523662e+00,2.355002964281494471e+00,2.359418594775991807e+00,2.363870894836543446e+00,2.368363257466350014e+00,2.372899214763986020e+00,2.377482428022876348e+00,2.382116676467058713e+00,2.386805844556967315e+00,2.391553907799435663e+00,2.396364916996882144e+00
1.838129949092330628e+00,1.825702858974545872e+00,1.963964749271671639e+00,2.032365399234045356e+00,2.071778224263097101e+00,2.073760793268383473e+00,2.067194841983179820e+00,2.059257079302803550e+00,2.050123952749665079e+00,2.038812607788708764e+00,2.024938659466314572e+00,2.008454927776775367e+00,1.989442864574855196e+00,1.968031906988375379e+00,1.944405124172063015e+00,1.918807510648100179e+00,1.891534961407978166e+00,1.862906395134832360e+00,1.833229315284689243e+00,1.802767670717108750e+00,1.771717978249948811e+00,1.740197245952098015e+00,1.708244159374585402e+00,1.675832664879166600e+00,1.642894681968355419e+00,1.609346927656446713e+00,1.575116357018089941e+00,1.540159629771486571e+00,1.504473922714202327e+00,1.468098671970998748e+00,1.431109803159559490e+00,1.393609255687996651e+00,1.355712973508483632e+00,1.317540109212706589e+00,1.279205229124679155e+00,1.240814151138080579e+00,1.202463021272802912e+00,1.164239573509479486e+00,1.126225310341892438e+00,1.088497532252817201e+00,1.051130574923393013e+00,1.014196093150091293e+00,9.777626039030496985e-01,9.418946866964644782e-01,9.066522385194423217e-01,8.720900533358554307e-01,8.382578248594538817e-01,8.052005256617310591e-01,7.729590332869864522e-01,7.415708585030950095e-01,7.110708623151332786e-01,6.814918988524771848e-01,6.528653669331074827e-01,6.252216810324818796e-01,5.985906807624712389e-01,5.730019926077850601e-01,5.484853470360324668e-01,5.250708452610672872e-01,5.027891665149610834e-01,4.816717087836775990e-01,4.617506614239522134e-01,4.430590140697122092e-01,4.256305105079953299e-01,4.094995576976385721e-01,3.947010989326407704e-01,3.812704572088125854e-01,3.692431513109203367e-01,3.586546840482459642e-01,3.495403001316756408e-01,3.419347107092618465e-01,3.358717825330740370e-01,3.313841918769606099e-01,3.285030463200705464e-01,3.272574809908601612e-01,3.276742394874777586e-01,3.297772531400923191e-01,3.335872352698155963e-01,3.391213093511955545e-01,3.463926912329674535e-01,3.554104455617956848e-01,3.661793350663841151e-01,3.786997782354497022e-01,3.929679260954484499e-01,4.089758623160743012e-01,4.267119229372439704e-01,4.461611229605106921e-01,4.673056673552764551e-01,4.901255142771084317e-01,5.145989491288422979e-01,5.407031201811033361e-01,5.684144804500030901e-01,5.977090769963526729e-01,6.285626282935368181e-01,6.609503332989314917e-01,6.948463628411938320e-01,7.302229954283381286e-01,7.670493761823554690e-01,8.052898999492572596e-01,8.449022482714988458e-01,8.858351450526127380e-01,9.280259368326488900e-01
1.736618762333025812e+00,1.711488755532158290e+00,1.782094066398395960e+00,1.783900669608224243e+00,1.776304738886192114e+00,1.743513293929478181e+00,1.690388548635014532e+00,1.628475985833321316e+00,1.567576156322897152e+00,1.510637194499832026e+00,1.456811796322619701e+00,1.404361322396862732e+00,1.351727465446984189e+00,1.297806217642297089e+00,1.242011807351136810e+00,1.184224923033163179e+00,1.124659905773078172e+00,1.063709841989725957e+00,1.001820415030652889e+00,9.394147599294966344e-01,8.768665472187986420e-01,8.145058602630069755e-01,7.526405727857371497e-01,6.915800159583829210e-01,6.316534371760385014e-01,5.732205900885388727e-01,5.166748775267460125e-01,4.624408996577860642e-01,4.109685418065159856e-01,3.627254004346290861e-01,3.181887836550623683e-01,2.778379611234792490e-01,2.421468799147519224e-01,2.115772403030140580e-01,1.865716383422502678e-01,1.675464175349460627e-01,1.548839091155120584e-01,1.489238534054131147e-01,1.499539539798933341e-01,1.581996939902717558e-01,1.738137186447072102e-01,1.968652491981482677e-01,2.273301427693891763e-01,2.650823563093341328e-01,3.098877165313373983e-01,3.614010309855612002e-01,4.191676672282310112e-01,4.826307234168955018e-01,5.511447466425722919e-01,6.239965566217783310e-01,7.004330505133422591e-01,7.796948863287982423e-01,8.610537225918697413e-01,9.438493874235973635e-01,1.027522233502615290e+00,1.111635355208278497e+00,1.195881626300629108e+00,1.280071844876227161e+00,1.364102622254750763e+00,1.447905808906963410e+00,1.531384872223236160e+00,1.614347274744422966e+00,1.696444884842633005e+00,1.777135769943658516e+00,1.855679061867922641e+00,1.931168889792275634e+00,2.002603941000578480e+00,2.068978628487021965e+00,2.129374606733681397e+00,2.183031474317627563e+00,2.229383428650843157e+00,2.268060537862282899e+00,2.298863474237031301e+00,2.321725246466334713e+00,2.336672582478543703e+00,2.343795560049703575e+00,2.343229488317949638e+00,2.335149376921314968e+00,2.319774857488007047e+00,2.297381835383565551e+00,2.268316144530186484e+00,2.233004021404425998e+00,2.191954510124925370e+00,2.145750185902508989e+00,2.095024829765557151e+00,2.040429494233591434e+00,1.982590994795617512e+00,1.922068382113718776e+00,1.859312914993417110e+00,1.794635904024734385e+00,1.728188146524426427e+00,1.659956748388349057e+00,1.589790859014007074e+00,1.517473763016115473e+00,1.442854673287776501e+00,1.366026600634957067e+00,1.287488532354363446e+00,1.208197805423623761e+00,1.129456622898332485e+00,1.052681643769568076e+00,9.791809810334366482e-01
1.586565483618379346e+00,1.588730436510858546e+00,1.633808475171959707e+00,1.589587660971053307e+00,1.516978585742034813e+00,1.424887280286007307e+00,1.320625810064239181e+00,1.209385493504401943e+00,1.096991762140322457e+00,9.882265551668121262e-01,8.856383843680557533e-01,7.896345673457121350e-01,6.994264292719243326e-01,6.140600296393943225e-01,5.330748187602469823e-01,4.566830962755769607e-01,3.855947525698436573e-01,3.207199962174152041e-01,2.629399846460080958e-01,2.130062339811290562e-01,1.715340386658109895e-01,1.390343823765114728e-01,1.159487828237124041e-01,1.026738474922268829e-01,9.957389024510240882e-02,1.069833138872472167e-01,1.252006252727708713e-01,1.544755991037936038e-01,1.949909443431420975e-01,2.468398542138428020e-01,3.100009713178250026e-01,3.843124552811851280e-01,4.694466327018259610e-01,5.648854819546290651e-01,6.698944728703257745e-01,7.834888085682195635e-01,9.043850097315818681e-01,1.030936865724332963e+00,1.161070662771991557e+00,1.292255097211037373e+00,1.421552262403484868e+00,1.545782638487923411e+00,1.661796585025113071e+00,1.766794269802311579e+00,1.858604448274379983e+00,1.935842388447811535e+00,1.997915016320621184e+00,2.044897412951562465e+00,2.077337075836711566e+00,2.096041629299943310e+00,2.101886498536523540e+00,2.095660765836778960e+00,2.077960901652569081e+00,2.049141222947184371e+00,2.009330194401428571e+00,1.958516776137634752e+00,1.896696870884559294e+00,1.824046687475942008e+00,1.741065755783214541e+00,1.648625851331027903e+00,1.547893502869791993e+00,1.440163339783685714e+00,1.326709576443624972e+00,1.208772867165063714e+00,1.087718340949001217e+00,9.652718274053113667e-01,8.436671549393809366e-01,7.255911830018296760e-01,6.139569837598956026e-01,5.116426143135577309e-01,4.213153114932215448e-01,3.453580180736107730e-01,2.858348500595079278e-01,2.444325271662213805e-01,2.223668820046117989e-01,2.202870547788434441e-01,2.382167474316408129e-01,2.755554140636869986e-01,3.311459632052237145e-01,4.034060280842552415e-01,4.905074060684166959e-01,5.905654555879565892e-01,7.017769342035956592e-01,8.224443459558795633e-01,9.508644108541992601e-01,1.085129488631768391e+00,1.222954733545050132e+00,1.361647298868152944e+00,1.498257654481736534e+00,1.629853518020543790e+00,1.753814588523705087e+00,1.868065466039052325e+00,1.971195990765109096e+00,2.062451423527843275e+00,2.141617289381303468e+00,2.208854838861596726e+00,2.264542700223750593e+00,2.309157275692493183e+00,2.343199712616123698e+00,2.367162474107630032e+00,2.381523839518359331e+00
1.851441317081886861e+00,1.937026827662508222e+00,2.093951606889335348e+00,2.158601562366404103e+00,2.200454080253365419e+00,2.214978040380115587e+00,2.225133625203949528e+00,2.237787699854194567e+00,2.255511722637812522e+00,2.277362500967035519e+00,2.301960693162579563e+00,2.328169792712952102e+00,2.355315349877107778e+00,2.383037655650496411e+00,2.411156594103879947e+00,2.439577240804775560e+00,2.468243369721978109e+00,2.497116043170750643e+00,2.526164824956311783e+00,2.555364105774243111e+00,2.584691541005203597e+00,2.614127307980868675e+00,2.643653708508006073e+00,2.673254920338445473e+00,2.702916819873705911e+00,2.732626841284107932e+00,2.762373855643352805e+00,2.792148060650494479e+00,2.821940874712046465e+00,2.851744831055419649e+00,2.881553469217435826e+00,2.911361222822591799e+00,2.941163303929018369e+00,2.970955585238577168e+00,3.000734482085753996e+00,3.030496836361632251e+00,3.060239804470802127e+00,3.089960751156561880e+00,3.119657150655115618e+00,3.149326496226891869e+00,3.178966218715213454e+00,3.208573614431194709e+00,3.238145782374155957e+00,3.267679570572250114e+00,3.297171531164099889e+00,3.326617883730566660e+00,3.356014486316482692e+00,3.385356813545269627e+00,3.414639941216258467e+00,3.443858536777771651e+00,3.473006855082963806e+00,3.502078738855942674e+00,3.531067623319660509e+00,3.559966544462795035e+00,3.588768150449053618e+00,3.617464715698565758e+00,3.646048157197048223e+00,3.674510052614360145e+00,3.702841659839983812e+00,3.731033937569146808e+00,3.759077566599883458e+00,3.786962971528433641e+00,3.814680342558039783e+00,3.842219657164443802e+00,3.869570701390033562e+00,3.896723090567610459e+00,3.923666289303916699e+00,3.950389630582226808e+00,3.976882333872323372e+00,4.003133522164998404e+00,4.029132237876625666e+00,4.054867457597591596e+00,4.080328105686279017e+00,4.105503066738201312e+00,4.130381196987901404e+00,4.154951334729609869e+00,4.179202309871653753e+00,4.203122952769455800e+00,4.226702102512698289e+00,4.249928614873901722e+00,4.272791370157839275e+00,4.295279281223386647e+00,4.317381301980258712e+00,4.339086436691123261e+00,4.360383750432237804e+00,4.381262381079920942e+00,4.401711553191847592e+00,4.421720594136391291e+00,4.441278952784506906e+00,4.460376221010704079e+00,4.479002158146405677e+00,4.497146718384491315e+00,4.514800080943688343e+00,4.531952682563690438e+00,4.548595251617775226e+00,4.564718842806072097e+00,4.580314871042225455e+00,4.595375142789413836e+00,4.609891882767122695e+00,4.623857753673894955e+00,4.637265866396664826e+00
1.823116765114213056e+00,1.801133553393865272e+00,1.952336737149771517e+00,2.036391186280808618e+00,2.074078288738730791e+00,2.074381273222155375e+00,2.070479042258737579e+00,2.073260152688699787e+00,2.083632692946634890e+00,2.099801282787038037e+00,2.119954004238002288e+00,2.142730799529160457e+00,2.167177026202069534e+00,2.192579918970721575e+00,2.218362420183779271e+00,2.244037176029157088e+00,2.269193015028184934e+00,2.293491521278552270e+00,2.316664023257583693e+00,2.338506327378466310e+00,2.358871292688805354e+00,2.377660062481096404e+00,2.394812842114889762e+00,2.410300017177181342e+00,2.424114258763734320e+00,2.436264073577123490e+00,2.446769036384793594e+00,2.455656719185060677e+00,2.462961139432016555e+00,2.468722414497426243e+00,2.472987241252684765e+00,2.475809813778422352e+00,2.477252834951012339e+00,2.477388351470562355e+00,2.476298229708850052e+00,2.474074177402278973e+00,2.470817293440483731e+00,2.466637188535545810e+00,2.461650760683290695e+00,2.455980731236490744e+00,2.449754052470363597e+00,2.443100289537416536e+00,2.436150063175142044e+00,2.429033618923591487e+00,2.421879567782629028e+00,2.414813824975043488e+00,2.407958759284147376e+00,2.401432555561247018e+00,2.395348786727451440e+00,2.389816187635393607e+00,2.384938620103443263e+00,2.380815215149476138e+00,2.377540674300294476e+00,2.375205706771826630e+00,2.373897573718240839e+00,2.373700705341249773e+00,2.374697352219145685e+00,2.376968229440725722e+00,2.380593111478216617e+00,2.385651337418978724e+00,2.392222190186335418e+00,2.400385119543323675e+00,2.410219786730325886e+00,2.421805918247493139e+00,2.435222967253881876e+00,2.450549592985990177e+00,2.467862981083278395e+00,2.487238040172442766e+00,2.508746521698510534e+00,2.532456119717030774e+00,2.558429613835684791e+00,2.586724120209286326e+00,2.617390510961239425e+00,2.650473050411198184e+00,2.686009276373733101e+00,2.724030126706336929e+00,2.764560276336935463e+00,2.807618610255175895e+00,2.853218716251915144e+00,2.901369240862637255e+00,2.952073916508483276e+00,3.005331040723459246e+00,3.061132173211978724e+00,3.119459817526696543e+00,3.180283877143915472e+00,3.243556728994215543e+00,3.309206852824988498e+00,3.377131106960410190e+00,3.447185965394858442e+00,3.519178337186346983e+00,3.592856969361495345e+00,3.667905849232862003e+00,3.743941383116779598e+00,3.820515291793312507e+00,3.897124942383872082e+00,3.973232053562939736e+00,4.048289289546159964e+00,4.121772342142672407e+00,4.193213142769740109e+00,4.262228573093842066e+00,4.328539201522057844e+00
1.717317255518532537e+00,1.649965326573732405e+00,1.733637998565374927e+00,1.770374435060069862e+00,1.787077426893225685e+00,1.777937856232823188e+00,1.754492405833393720e+00,1.727361683431382966e+00,1.703320714478051112e+00,1.684488356958055100e+00,1.670191478525232531e+00,1.658863729521252051e+00,1.648976379023823657e+00,1.639305030930704898e+00,1.628960585443788966e+00,1.617360820191264814e+00,1.604189567408346395e+00,1.589352334535084621e+00,1.572931131360119528e+00,1.555141311647603164e+00,1.536293234088842441e+00,1.516760917996348601e+00,1.496958829486460640e+00,1.477326727325651845e+00,1.458321394687222661e+00,1.440413310560496596e+00,1.424085979617825348e+00,1.409835721351854421e+00,1.398170112755598549e+00,1.389603848821719945e+00,1.384651410689436535e+00,1.383816527768896298e+00,1.387578942231444845e+00,1.396379415033968785e+00,1.410604247651668031e+00,1.430570826019714303e+00,1.456515804849480844e+00,1.488587511868949331e+00,1.526843928872859912e+00,1.571257175760152780e+00,1.621724787674142298e+00,1.678087277650834874e+00,1.740150607111183412e+00,1.807711367459665652e+00,1.880581836419877195e+00,1.958611706871093094e+00,2.041703220692004717e+00,2.129816627264135231e+00,2.222963235942362559e+00,2.321183789426692901e+00,2.424510539216070182e+00,2.532912594004422147e+00,2.646226467292669859e+00,2.764078039275351450e+00,2.885808717663449929e+00,3.010426248389975967e+00,3.136605392575539941e+00,3.262758888421094294e+00,3.387179445510033027e+00,3.508222733078370403e+00,3.624476377092011870e+00,3.734861458857163363e+00,3.838645315025181137e+00,3.935387157643391198e+00,4.024862120825638989e+00,4.107002642658266645e+00,4.181871057115253087e+00,4.249654993992795227e+00,4.310668652925211397e+00,4.365346144822860097e+00,4.414220951088014822e+00,4.457892918020792017e+00,4.496988785243984488e+00,4.532123625171151637e+00,4.563869325924019726e+00,4.592733513746699359e+00,4.619149354753875336e+00,4.643474467400766414e+00,4.665996114317965571e+00,4.686939797505123018e+00,4.706478953631041406e+00,4.724744224619951360e+00,4.741831485848141625e+00,4.757808329891700438e+00,4.772719018560559689e+00,4.786588073778932362e+00,4.799422734278238956e+00,4.811214506832807380e+00,4.821940020215898848e+00,4.831561366630045207e+00,4.840026099291385719e+00,4.847267050261783616e+00,4.853202139286909578e+00,4.857734357796650748e+00,4.860752122222623761e+00,4.862130179355132142e+00,4.861731185643739295e+00,4.859407935030502834e+00,4.855005937728154919e+00,4.848365636131225287e+00,4.839323019463177999e+00
1.564553635155614852e+00,1.504939175798459150e+00,1.555555752065659547e+00,1.555776312306788700e+00,1.543014833353845372e+00,1.517087584696412916e+00,1.479627062980136021e+00,1.433751112546582718e+00,1.383810396011690091e+00,1.333465170421563428e+00,1.285186411893029845e+00,1.240346940384698282e+00,1.199520835477489555e+00,1.162835531400719713e+00,1.130269570979346216e+00,1.101849984314884789e+00,1.077754204298467799e+00,1.058340801248608409e+00,1.044134338080783042e+00,1.035784790882962270e+00,1.034016227706495705e+00,1.039574154202876910e+00,1.053176759647707517e+00,1.075472654180084531e+00,1.107006479486616568e+00,1.148193407726588067e+00,1.199303339810896318e+00,1.260455141401630064e+00,1.331620339623428073e+00,1.412634286799774763e+00,1.503210857956728486e+00,1.602954356991690865e+00,1.711359784623223357e+00,1.827790821457849102e+00,1.951425614861459268e+00,2.081166891479618197e+00,2.215528998425648322e+00,2.352541447389229212e+00,2.489736945877629726e+00,2.624294505064681537e+00,2.753352916782475290e+00,2.874405674465175586e+00,2.985615979115811669e+00,3.085932379356823851e+00,3.175010698858388380e+00,3.253037788125704655e+00,3.320549261774764283e+00,3.378281907393139161e+00,3.427062561369120797e+00,3.467724646092003482e+00,3.501046965111801690e+00,3.527713018546725365e+00,3.548289315682943812e+00,3.563219621367116119e+00,3.572830810768938381e+00,3.577345798495201734e+00,3.576899717779879140e+00,3.571556750711525563e+00,3.561326440728777243e+00,3.546179808204918960e+00,3.526067067016964707e+00,3.500940062098249150e+00,3.470783390485942199e+00,3.435658020570008020e+00,3.395759535700686449e+00,3.351489562514428755e+00,3.303533576730286025e+00,3.252931582661584553e+00,3.201121058596059665e+00,3.149926507746555249e+00,3.101473051850037521e+00,3.058020965662068047e+00,3.021753106820701529e+00,2.994576611919828046e+00,2.977995199350549349e+00,2.973066699365562560e+00,2.980414787212264383e+00,3.000247505402256820e+00,3.032351475428962218e+00,3.076060812743937056e+00,3.130224464824167718e+00,3.193205199376914383e+00,3.262935966455866144e+00,3.337039097638391016e+00,3.412990155501770317e+00,3.488292152425168879e+00,3.560624198532367224e+00,3.627940436901282872e+00,3.688512831868633768e+00,3.740926415619188816e+00,3.784043429934913938e+00,3.816953776844598245e+00,3.838926037366127808e+00,3.849368593358135193e+00,3.847805902510747167e+00,3.833872492061174420e+00,3.807328609340258740e+00,3.768106883785529160e+00,3.716404270057791059e+00,3.652827741886298440e+00,3.578575681222484484e+00
