0.000000000000000000e+00,9.993301331996917725e-02,1.988655328750610352e-01,2.958070933818817139e-01,3.897871077060699463e-01,4.798647165298461914e-01,5.651380419731140137e-01,6.447534561157226562e-01,7.179138064384460449e-01,7.838866114616394043e-01
9.993301331996917725e-02,1.988655328750610352e-01,2.958070933818817139e-01,3.897871077060699463e-01,4.798647165298461914e-01,5.651380419731140137e-01,6.447534561157226562e-01,7.179138064384460449e-01,7.838866114616394043e-01,8.420113921165466309e-01
1.988655328750610352e-01,2.958070933818817139e-01,3.897871077060699463e-01,4.798647165298461914e-01,5.651380419731140137e-01,6.447534561157226562e-01,7.179138064384460449e-01,7.838866114616394043e-01,8.420113921165466309e-01,8.917062878608703613e-01
2.958070933818817139e-01,3.897871077060699463e-01,4.798647165298461914e-01,5.651380419731140137e-01,6.447534561157226562e-01,7.179138064384460449e-01,7.838866114616394043e-01,8.420113921165466309e-01,8.917062878608703613e-01,9.324736595153808594e-01
3.897871077060699463e-01,4.798647165298461914e-01,5.651380419731140137e-01,6.447534561157226562e-01,7.179138064384460449e-01,7.838866114616394043e-01,8.420113921165466309e-01,8.917062878608703613e-01,9.324736595153808594e-01,9.639054536819458008e-01
4.798647165298461914e-01,5.651380419731140137e-01,6.447534561157226562e-01,7.179138064384460449e-01,7.838866114616394043e-01,8.420113921165466309e-01,8.917062878608703613e-01,9.324736595153808594e-01,9.639054536819458008e-01,9.856869578361511230e-01
5.651380419731140137e-01,6.447534561157226562e-01,7.179138064384460449e-01,7.838866114616394043e-01,8.420113921165466309e-01,8.917062878608703613e-01,9.324736595153808594e-01,9.639054536819458008e-01,9.856869578361511230e-01,9.976000785827636719e-01
6.447534561157226562e-01,7.179138064384460449e-01,7.838866114616394043e-01,8.420113921165466309e-01,8.917062878608703613e-01,9.324736595153808594e-01,9.639054536819458008e-01,9.856869578361511230e-01,9.976000785827636719e-01,9.995255470275878906e-01
7.179138064384460449e-01,7.838866114616394043e-01,8.420113921165466309e-01,8.917062878608703613e-01,9.324736595153808594e-01,9.639054536819458008e-01,9.856869578361511230e-01,9.976000785827636719e-01,9.995255470275878906e-01,9.914441108703613281e-01
7.838866114616394043e-01,8.420113921165466309e-01,8.917062878608703613e-01,9.324736595153808594e-01,9.639054536819458008e-01,9.856869578361511230e-01,9.976000785827636719e-01,9.995255470275878906e-01,9.914441108703613281e-01,9.734366536140441895e-01
8.420113921165466309e-01,8.917062878608703613e-01,9.324736595153808594e-01,9.639054536819458008e-01,9.856869578361511230e-01,9.976000785827636719e-01,9.995255470275878906e-01,9.914441108703613281e-01,9.734366536140441895e-01,9.456835389137268066e-01
8.917062878608703613e-01,9.324736595153808594e-01,9.639054536819458008e-01,9.856869578361511230e-01,9.976000785827636719e-01,9.995255470275878906e-01,9.914441108703613281e-01,9.734366536140441895e-01,9.456835389137268066e-01,9.084624648094177246e-01
9.324736595153808594e-01,9.639054536819458008e-01,9.856869578361511230e-01,9.976000785827636719e-01,9.995255470275878906e-01,9.914441108703613281e-01,9.734366536140441895e-01,9.456835389137268066e-01,9.084624648094177246e-01,8.621461987495422363e-01
9.639054536819458008e-01,9.856869578361511230e-01,9.976000785827636719e-01,9.995255470275878906e-01,9.914441108703613281e-01,9.734366536140441895e-01,9.456835389137268066e-01,9.084624648094177246e-01,8.621461987495422363e-01,8.071984648704528809e-01
9.856869578361511230e-01,9.976000785827636719e-01,9.995255470275878906e-01,9.914441108703613281e-01,9.734366536140441895e-01,9.456835389137268066e-01,9.084624648094177246e-01,8.621461987495422363e-01,8.071984648704528809e-01,7.441692948341369629e-01
9.976000785827636719e-01,9.995255470275878906e-01,9.914441108703613281e-01,9.734366536140441895e-01,9.456835389137268066e-01,9.084624648094177246e-01,8.621461987495422363e-01,8.071984648704528809e-01,7.441692948341369629e-01,6.736897230148315430e-01
9.995255470275878906e-01,9.914441108703613281e-01,9.734366536140441895e-01,9.456835389137268066e-01,9.084624648094177246e-01,8.621461987495422363e-01,8.071984648704528809e-01,7.441692948341369629e-01,6.736897230148315430e-01,5.964654088020324707e-01
9.914441108703613281e-01,9.734366536140441895e-01,9.456835389137268066e-01,9.084624648094177246e-01,8.621461987495422363e-01,8.071984648704528809e-01,7.441692948341369629e-01,6.736897230148315430e-01,5.964654088020324707e-01,5.132694840431213379e-01
9.734366536140441895e-01,9.456835389137268066e-01,9.084624648094177246e-01,8.621461987495422363e-01,8.071984648704528809e-01,7.441692948341369629e-01,6.736897230148315430e-01,5.964654088020324707e-01,5.132694840431213379e-01,4.249348938465118408e-01
9.456835389137268066e-01,9.084624648094177246e-01,8.621461987495422363e-01,8.071984648704528809e-01,7.441692948341369629e-01,6.736897230148315430e-01,5.964654088020324707e-01,5.132694840431213379e-01,4.249348938465118408e-01,3.323459625244140625e-01
9.084624648094177246e-01,8.621461987495422363e-01,8.071984648704528809e-01,7.441692948341369629e-01,6.736897230148315430e-01,5.964654088020324707e-01,5.132694840431213379e-01,4.249348938465118408e-01,3.323459625244140625e-01,2.364297211170196533e-01
8.621461987495422363e-01,8.071984648704528809e-01,7.441692948341369629e-01,6.736897230148315430e-01,5.964654088020324707e-01,5.132694840431213379e-01,4.249348938465118408e-01,3.323459625244140625e-01,2.364297211170196533e-01,1.381464302539825439e-01
8.071984648704528809e-01,7.441692948341369629e-01,6.736897230148315430e-01,5.964654088020324707e-01,5.132694840431213379e-01,4.249348938465118408e-01,3.323459625244140625e-01,2.364297211170196533e-01,1.381464302539825439e-01,3.848004713654518127e-02
7.441692948341369629e-01,6.736897230148315430e-01,5.964654088020324707e-01,5.132694840431213379e-01,4.249348938465118408e-01,3.323459625244140625e-01,2.364297211170196533e-01,1.381464302539825439e-01,3.848004713654518127e-02,-6.157157942652702332e-02
6.736897230148315430e-01,5.964654088020324707e-01,5.132694840431213379e-01,4.249348938465118408e-01,3.323459625244140625e-01,2.364297211170196533e-01,1.381464302539825439e-01,3.848004713654518127e-02,-6.157157942652702332e-02,-1.610067784786224365e-01
5.964654088020324707e-01,5.132694840431213379e-01,4.249348938465118408e-01,3.323459625244140625e-01,2.364297211170196533e-01,1.381464302539825439e-01,3.848004713654518127e-02,-6.157157942652702332e-02,-1.610067784786224365e-01,-2.588300108909606934e-01
5.132694840431213379e-01,4.249348938465118408e-01,3.323459625244140625e-01,2.364297211170196533e-01,1.381464302539825439e-01,3.848004713654518127e-02,-6.157157942652702332e-02,-1.610067784786224365e-01,-2.588300108909606934e-01,-3.540619611740112305e-01
4.249348938465118408e-01,3.323459625244140625e-01,2.364297211170196533e-01,1.381464302539825439e-01,3.848004713654518127e-02,-6.157157942652702332e-02,-1.610067784786224365e-01,-2.588300108909606934e-01,-3.540619611740112305e-01,-4.457491338253021240e-01
3.323459625244140625e-01,2.364297211170196533e-01,1.381464302539825439e-01,3.848004713654518127e-02,-6.157157942652702332e-02,-1.610067784786224365e-01,-2.588300108909606934e-01,-3.540619611740112305e-01,-4.457491338253021240e-01,-5.329735875129699707e-01
2.364297211170196533e-01,1.381464302539825439e-01,3.848004713654518127e-02,-6.157157942652702332e-02,-1.610067784786224365e-01,-2.588300108909606934e-01,-3.540619611740112305e-01,-4.457491338253021240e-01,-5.329735875129699707e-01,-6.148621439933776855e-01
1.381464302539825439e-01,3.848004713654518127e-02,-6.157157942652702332e-02,-1.610067784786224365e-01,-2.588300108909606934e-01,-3.540619611740112305e-01,-4.457491338253021240e-01,-5.329735875129699707e-01,-6.148621439933776855e-01,-6.905948519706726074e-01
3.848004713654518127e-02,-6.157157942652702332e-02,-1.610067784786224365e-01,-2.588300108909606934e-01,-3.540619611740112305e-01,-4.457491338253021240e-01,-5.329735875129699707e-01,-6.148621439933776855e-01,-6.905948519706726074e-01,-7.594135999679565430e-01
-6.157157942652702332e-02,-1.610067784786224365e-01,-2.588300108909606934e-01,-3.540619611740112305e-01,-4.457491338253021240e-01,-5.329735875129699707e-01,-6.148621439933776855e-01,-6.905948519706726074e-01,-7.594135999679565430e-01,-8.206293582916259766e-01
-1.610067784786224365e-01,-2.588300108909606934e-01,-3.540619611740112305e-01,-4.457491338253021240e-01,-5.329735875129699707e-01,-6.148621439933776855e-01,-6.905948519706726074e-01,-7.594135999679565430e-01,-8.206293582916259766e-01,-8.736292123794555664e-01
-2.588300108909606934e-01,-3.540619611740112305e-01,-4.457491338253021240e-01,-5.329735875129699707e-01,-6.148621439933776855e-01,-6.905948519706726074e-01,-7.594135999679565430e-01,-8.206293582916259766e-01,-8.736292123794555664e-01,-9.178826212882995605e-01
-3.540619611740112305e-01,-4.457491338253021240e-01,-5.329735875129699707e-01,-6.148621439933776855e-01,-6.905948519706726074e-01,-7.594135999679565430e-01,-8.206293582916259766e-01,-8.736292123794555664e-01,-9.178826212882995605e-01,-9.529464840888977051e-01
-4.457491338253021240e-01,-5.329735875129699707e-01,-6.148621439933776855e-01,-6.905948519706726074e-01,-7.594135999679565430e-01,-8.206293582916259766e-01,-8.736292123794555664e-01,-9.178826212882995605e-01,-9.529464840888977051e-01,-9.784697294235229492e-01
-5.329735875129699707e-01,-6.148621439933776855e-01,-6.905948519706726074e-01,-7.594135999679565430e-01,-8.206293582916259766e-01,-8.736292123794555664e-01,-9.178826212882995605e-01,-9.529464840888977051e-01,-9.784697294235229492e-01,-9.941968917846679688e-01
-6.148621439933776855e-01,-6.905948519706726074e-01,-7.594135999679565430e-01,-8.206293582916259766e-01,-8.736292123794555664e-01,-9.178826212882995605e-01,-9.529464840888977051e-01,-9.784697294235229492e-01,-9.941968917846679688e-01,-9.999704957008361816e-01
-6.905948519706726074e-01,-7.594135999679565430e-01,-8.206293582916259766e-01,-8.736292123794555664e-01,-9.178826212882995605e-01,-9.529464840888977051e-01,-9.784697294235229492e-01,-9.941968917846679688e-01,-9.999704957008361816e-01,-9.957327246665954590e-01
-7.594135999679565430e-01,-8.206293582916259766e-01,-8.736292123794555664e-01,-9.178826212882995605e-01,-9.529464840888977051e-01,-9.784697294235229492e-01,-9.941968917846679688e-01,-9.999704957008361816e-01,-9.957327246665954590e-01,-9.815259575843811035e-01
-8.206293582916259766e-01,-8.736292123794555664e-01,-9.178826212882995605e-01,-9.529464840888977051e-01,-9.784697294235229492e-01,-9.941968917846679688e-01,-9.999704957008361816e-01,-9.957327246665954590e-01,-9.815259575843811035e-01,-9.574925303459167480e-01
-8.736292123794555664e-01,-9.178826212882995605e-01,-9.529464840888977051e-01,-9.784697294235229492e-01,-9.941968917846679688e-01,-9.999704957008361816e-01,-9.957327246665954590e-01,-9.815259575843811035e-01,-9.574925303459167480e-01,-9.238730072975158691e-01
-9.178826212882995605e-01,-9.529464840888977051e-01,-9.784697294235229492e-01,-9.941968917846679688e-01,-9.999704957008361816e-01,-9.957327246665954590e-01,-9.815259575843811035e-01,-9.574925303459167480e-01,-9.238730072975158691e-01,-8.810039758682250977e-01
-9.529464840888977051e-01,-9.784697294235229492e-01,-9.941968917846679688e-01,-9.999704957008361816e-01,-9.957327246665954590e-01,-9.815259575843811035e-01,-9.574925303459167480e-01,-9.238730072975158691e-01,-8.810039758682250977e-01,-8.293145895004272461e-01
-9.784697294235229492e-01,-9.941968917846679688e-01,-9.999704957008361816e-01,-9.957327246665954590e-01,-9.815259575843811035e-01,-9.574925303459167480e-01,-9.238730072975158691e-01,-8.810039758682250977e-01,-8.293145895004272461e-01,-7.693224549293518066e-01
-9.941968917846679688e-01,-9.999704957008361816e-01,-9.957327246665954590e-01,-9.815259575843811035e-01,-9.574925303459167480e-01,-9.238730072975158691e-01,-8.810039758682250977e-01,-8.293145895004272461e-01,-7.693224549293518066e-01,-7.016280889511108398e-01
-9.999704957008361816e-01,-9.957327246665954590e-01,-9.815259575843811035e-01,-9.574925303459167480e-01,-9.238730072975158691e-01,-8.810039758682250977e-01,-8.293145895004272461e-01,-7.693224549293518066e-01,-7.016280889511108398e-01,-6.269091963768005371e-01
-9.957327246665954590e-01,-9.815259575843811035e-01,-9.574925303459167480e-01,-9.238730072975158691e-01,-8.810039758682250977e-01,-8.293145895004272461e-01,-7.693224549293518066e-01,-7.016280889511108398e-01,-6.269091963768005371e-01,-5.459139943122863770e-01
-9.815259575843811035e-01,-9.574925303459167480e-01,-9.238730072975158691e-01,-8.810039758682250977e-01,-8.293145895004272461e-01,-7.693224549293518066e-01,-7.016280889511108398e-01,-6.269091963768005371e-01,-5.459139943122863770e-01,-4.594532251358032227e-01
-9.574925303459167480e-01,-9.238730072975158691e-01,-8.810039758682250977e-01,-8.293145895004272461e-01,-7.693224549293518066e-01,-7.016280889511108398e-01,-6.269091963768005371e-01,-5.459139943122863770e-01,-4.594532251358032227e-01,-3.683925867080688477e-01
-9.238730072975158691e-01,-8.810039758682250977e-01,-8.293145895004272461e-01,-7.693224549293518066e-01,-7.016280889511108398e-01,-6.269091963768005371e-01,-5.459139943122863770e-01,-4.594532251358032227e-01,-3.683925867080688477e-01,-2.736437022686004639e-01
-8.810039758682250977e-01,-8.293145895004272461e-01,-7.693224549293518066e-01,-7.016280889511108398e-01,-6.269091963768005371e-01,-5.459139943122863770e-01,-4.594532251358032227e-01,-3.683925867080688477e-01,-2.736437022686004639e-01,-1.761552095413208008e-01
-8.293145895004272461e-01,-7.693224549293518066e-01,-7.016280889511108398e-01,-6.269091963768005371e-01,-5.459139943122863770e-01,-4.594532251358032227e-01,-3.683925867080688477e-01,-2.736437022686004639e-01,-1.761552095413208008e-01,-7.690309733152389526e-02
-7.693224549293518066e-01,-7.016280889511108398e-01,-6.269091963768005371e-01,-5.459139943122863770e-01,-4.594532251358032227e-01,-3.683925867080688477e-01,-2.736437022686004639e-01,-1.761552095413208008e-01,-7.690309733152389526e-02,2.311893925070762634e-02
-7.016280889511108398e-01,-6.269091963768005371e-01,-5.459139943122863770e-01,-4.594532251358032227e-01,-3.683925867080688477e-01,-2.736437022686004639e-01,-1.761552095413208008e-01,-7.690309733152389526e-02,2.311893925070762634e-02,1.229095160961151123e-01
-6.269091963768005371e-01,-5.459139943122863770e-01,-4.594532251358032227e-01,-3.683925867080688477e-01,-2.736437022686004639e-01,-1.761552095413208008e-01,-7.690309733152389526e-02,2.311893925070762634e-02,1.229095160961151123e-01,2.214695662260055542e-01
-5.459139943122863770e-01,-4.594532251358032227e-01,-3.683925867080688477e-01,-2.736437022686004639e-01,-1.761552095413208008e-01,-7.690309733152389526e-02,2.311893925070762634e-02,1.229095160961151123e-01,2.214695662260055542e-01,3.178123235702514648e-01
-4.594532251358032227e-01,-3.683925867080688477e-01,-2.736437022686004639e-01,-1.761552095413208008e-01,-7.690309733152389526e-02,2.311893925070762634e-02,1.229095160961151123e-01,2.214695662260055542e-01,3.178123235702514648e-01,4.109732806682586670e-01
-3.683925867080688477e-01,-2.736437022686004639e-01,-1.761552095413208008e-01,-7.690309733152389526e-02,2.311893925070762634e-02,1.229095160961151123e-01,2.214695662260055542e-01,3.178123235702514648e-01,4.109732806682586670e-01,5.000196695327758789e-01
-2.736437022686004639e-01,-1.761552095413208008e-01,-7.690309733152389526e-02,2.311893925070762634e-02,1.229095160961151123e-01,2.214695662260055542e-01,3.178123235702514648e-01,4.109732806682586670e-01,5.000196695327758789e-01,5.840600728988647461e-01
-1.761552095413208008e-01,-7.690309733152389526e-02,2.311893925070762634e-02,1.229095160961151123e-01,2.214695662260055542e-01,3.178123235702514648e-01,4.109732806682586670e-01,5.000196695327758789e-01,5.840600728988647461e-01,6.622530221939086914e-01
-7.690309733152389526e-02,2.311893925070762634e-02,1.229095160961151123e-01,2.214695662260055542e-01,3.178123235702514648e-01,4.109732806682586670e-01,5.000196695327758789e-01,5.840600728988647461e-01,6.622530221939086914e-01,7.338157296180725098e-01
2.311893925070762634e-02,1.229095160961151123e-01,2.214695662260055542e-01,3.178123235702514648e-01,4.109732806682586670e-01,5.000196695327758789e-01,5.840600728988647461e-01,6.622530221939086914e-01,7.338157296180725098e-01,7.980317473411560059e-01
1.229095160961151123e-01,2.214695662260055542e-01,3.178123235702514648e-01,4.109732806682586670e-01,5.000196695327758789e-01,5.840600728988647461e-01,6.622530221939086914e-01,7.338157296180725098e-01,7.980317473411560059e-01,8.542581200599670410e-01
2.214695662260055542e-01,3.178123235702514648e-01,4.109732806682586670e-01,5.000196695327758789e-01,5.840600728988647461e-01,6.622530221939086914e-01,7.338157296180725098e-01,7.980317473411560059e-01,8.542581200599670410e-01,9.019318819046020508e-01
3.178123235702514648e-01,4.109732806682586670e-01,5.000196695327758789e-01,5.840600728988647461e-01,6.622530221939086914e-01,7.338157296180725098e-01,7.980317473411560059e-01,8.542581200599670410e-01,9.019318819046020508e-01,9.405758976936340332e-01
4.109732806682586670e-01,5.000196695327758789e-01,5.840600728988647461e-01,6.622530221939086914e-01,7.338157296180725098e-01,7.980317473411560059e-01,8.542581200599670410e-01,9.019318819046020508e-01,9.405758976936340332e-01,9.698031544685363770e-01
5.000196695327758789e-01,5.840600728988647461e-01,6.622530221939086914e-01,7.338157296180725098e-01,7.980317473411560059e-01,8.542581200599670410e-01,9.019318819046020508e-01,9.405758976936340332e-01,9.698031544685363770e-01,9.893210530281066895e-01
5.840600728988647461e-01,6.622530221939086914e-01,7.338157296180725098e-01,7.980317473411560059e-01,8.542581200599670410e-01,9.019318819046020508e-01,9.405758976936340332e-01,9.698031544685363770e-01,9.893210530281066895e-01,9.989341497421264648e-01
6.622530221939086914e-01,7.338157296180725098e-01,7.980317473411560059e-01,8.542581200599670410e-01,9.019318819046020508e-01,9.405758976936340332e-01,9.698031544685363770e-01,9.893210530281066895e-01,9.989341497421264648e-01,9.985463023185729980e-01
7.338157296180725098e-01,7.980317473411560059e-01,8.542581200599670410e-01,9.019318819046020508e-01,9.405758976936340332e-01,9.698031544685363770e-01,9.893210530281066895e-01,9.989341497421264648e-01,9.985463023185729980e-01,9.881613850593566895e-01
7.980317473411560059e-01,8.542581200599670410e-01,9.019318819046020508e-01,9.405758976936340332e-01,9.698031544685363770e-01,9.893210530281066895e-01,9.989341497421264648e-01,9.985463023185729980e-01,9.881613850593566895e-01,9.678832888603210449e-01
8.542581200599670410e-01,9.019318819046020508e-01,9.405758976936340332e-01,9.698031544685363770e-01,9.893210530281066895e-01,9.989341497421264648e-01,9.985463023185729980e-01,9.881613850593566895e-01,9.678832888603210449e-01,9.379150271415710449e-01
9.019318819046020508e-01,9.405758976936340332e-01,9.698031544685363770e-01,9.893210530281066895e-01,9.989341497421264648e-01,9.985463023185729980e-01,9.881613850593566895e-01,9.678832888603210449e-01,9.379150271415710449e-01,8.985567092895507812e-01
9.405758976936340332e-01,9.698031544685363770e-01,9.893210530281066895e-01,9.989341497421264648e-01,9.985463023185729980e-01,9.881613850593566895e-01,9.678832888603210449e-01,9.379150271415710449e-01,8.985567092895507812e-01,8.502023816108703613e-01
9.698031544685363770e-01,9.893210530281066895e-01,9.989341497421264648e-01,9.985463023185729980e-01,9.881613850593566895e-01,9.678832888603210449e-01,9.379150271415710449e-01,8.985567092895507812e-01,8.502023816108703613e-01,7.933360338211059570e-01
9.893210530281066895e-01,9.989341497421264648e-01,9.985463023185729980e-01,9.881613850593566895e-01,9.678832888603210449e-01,9.379150271415710449e-01,8.985567092895507812e-01,8.502023816108703613e-01,7.933360338211059570e-01,7.285271286964416504e-01
9.989341497421264648e-01,9.985463023185729980e-01,9.881613850593566895e-01,9.678832888603210449e-01,9.379150271415710449e-01,8.985567092895507812e-01,8.502023816108703613e-01,7.933360338211059570e-01,7.285271286964416504e-01,6.564244031906127930e-01
9.985463023185729980e-01,9.881613850593566895e-01,9.678832888603210449e-01,9.379150271415710449e-01,8.985567092895507812e-01,8.502023816108703613e-01,7.933360338211059570e-01,7.285271286964416504e-01,6.564244031906127930e-01,5.777498483657836914e-01
9.881613850593566895e-01,9.678832888603210449e-01,9.379150271415710449e-01,8.985567092895507812e-01,8.502023816108703613e-01,7.933360338211059570e-01,7.285271286964416504e-01,6.564244031906127930e-01,5.777498483657836914e-01,4.932909905910491943e-01
9.678832888603210449e-01,9.379150271415710449e-01,8.985567092895507812e-01,8.502023816108703613e-01,7.933360338211059570e-01,7.285271286964416504e-01,6.564244031906127930e-01,5.777498483657836914e-01,4.932909905910491943e-01,4.038935005664825439e-01
9.379150271415710449e-01,8.985567092895507812e-01,8.502023816108703613e-01,7.933360338211059570e-01,7.285271286964416504e-01,6.564244031906127930e-01,5.777498483657836914e-01,4.932909905910491943e-01,4.038935005664825439e-01,3.104523420333862305e-01
8.985567092895507812e-01,8.502023816108703613e-01,7.933360338211059570e-01,7.285271286964416504e-01,6.564244031906127930e-01,5.777498483657836914e-01,4.932909905910491943e-01,4.038935005664825439e-01,3.104523420333862305e-01,2.139030545949935913e-01
8.502023816108703613e-01,7.933360338211059570e-01,7.285271286964416504e-01,6.564244031906127930e-01,5.777498483657836914e-01,4.932909905910491943e-01,4.038935005664825439e-01,3.104523420333862305e-01,2.139030545949935913e-01,1.152122318744659424e-01
7.933360338211059570e-01,7.285271286964416504e-01,6.564244031906127930e-01,5.777498483657836914e-01,4.932909905910491943e-01,4.038935005664825439e-01,3.104523420333862305e-01,2.139030545949935913e-01,1.152122318744659424e-01,1.536794658750295639e-02
7.285271286964416504e-01,6.564244031906127930e-01,5.777498483657836914e-01,4.932909905910491943e-01,4.038935005664825439e-01,3.104523420333862305e-01,2.139030545949935913e-01,1.152122318744659424e-01,1.536794658750295639e-02,-8.463019877672195435e-02
6.564244031906127930e-01,5.777498483657836914e-01,4.932909905910491943e-01,4.038935005664825439e-01,3.104523420333862305e-01,2.139030545949935913e-01,1.152122318744659424e-01,1.536794658750295639e-02,-8.463019877672195435e-02,-1.837810575962066650e-01
5.777498483657836914e-01,4.932909905910491943e-01,4.038935005664825439e-01,3.104523420333862305e-01,2.139030545949935913e-01,1.152122318744659424e-01,1.536794658750295639e-02,-8.463019877672195435e-02,-1.837810575962066650e-01,-2.810919582843780518e-01
4.932909905910491943e-01,4.038935005664825439e-01,3.104523420333862305e-01,2.139030545949935913e-01,1.152122318744659424e-01,1.536794658750295639e-02,-8.463019877672195435e-02,-1.837810575962066650e-01,-2.810919582843780518e-01,-3.755886554718017578e-01
4.038935005664825439e-01,3.104523420333862305e-01,2.139030545949935913e-01,1.152122318744659424e-01,1.536794658750295639e-02,-8.463019877672195435e-02,-1.837810575962066650e-01,-2.810919582843780518e-01,-3.755886554718017578e-01,-4.663250744342803955e-01
3.104523420333862305e-01,2.139030545949935913e-01,1.152122318744659424e-01,1.536794658750295639e-02,-8.463019877672195435e-02,-1.837810575962066650e-01,-2.810919582843780518e-01,-3.755886554718017578e-01,-4.663250744342803955e-01,-5.523928403854370117e-01
2.139030545949935913e-01,1.152122318744659424e-01,1.536794658750295639e-02,-8.463019877672195435e-02,-1.837810575962066650e-01,-2.810919582843780518e-01,-3.755886554718017578e-01,-4.663250744342803955e-01,-5.523928403854370117e-01,-6.329302191734313965e-01
1.152122318744659424e-01,1.536794658750295639e-02,-8.463019877672195435e-02,-1.837810575962066650e-01,-2.810919582843780518e-01,-3.755886554718017578e-01,-4.663250744342803955e-01,-5.523928403854370117e-01,-6.329302191734313965e-01,-7.071309089660644531e-01
1.536794658750295639e-02,-8.463019877672195435e-02,-1.837810575962066650e-01,-2.810919582843780518e-01,-3.755886554718017578e-01,-4.663250744342803955e-01,-5.523928403854370117e-01,-6.329302191734313965e-01,-7.071309089660644531e-01,-7.742519974708557129e-01
-8.463019877672195435e-02,-1.837810575962066650e-01,-2.810919582843780518e-01,-3.755886554718017578e-01,-4.663250744342803955e-01,-5.523928403854370117e-01,-6.329302191734313965e-01,-7.071309089660644531e-01,-7.742519974708557129e-01,-8.336215615272521973e-01
-1.837810575962066650e-01,-2.810919582843780518e-01,-3.755886554718017578e-01,-4.663250744342803955e-01,-5.523928403854370117e-01,-6.329302191734313965e-01,-7.071309089660644531e-01,-7.742519974708557129e-01,-8.336215615272521973e-01,-8.846452236175537109e-01
-2.810919582843780518e-01,-3.755886554718017578e-01,-4.663250744342803955e-01,-5.523928403854370117e-01,-6.329302191734313965e-01,-7.071309089660644531e-01,-7.742519974708557129e-01,-8.336215615272521973e-01,-8.846452236175537109e-01,-9.268120527267456055e-01
-3.755886554718017578e-01,-4.663250744342803955e-01,-5.523928403854370117e-01,-6.329302191734313965e-01,-7.071309089660644531e-01,-7.742519974708557129e-01,-8.336215615272521973e-01,-8.846452236175537109e-01,-9.268120527267456055e-01,-9.596999883651733398e-01
-4.663250744342803955e-01,-5.523928403854370117e-01,-6.329302191734313965e-01,-7.071309089660644531e-01,-7.742519974708557129e-01,-8.336215615272521973e-01,-8.846452236175537109e-01,-9.268120527267456055e-01,-9.596999883651733398e-01,-9.829797148704528809e-01
-5.523928403854370117e-01,-6.329302191734313965e-01,-7.071309089660644531e-01,-7.742519974708557129e-01,-8.336215615272521973e-01,-8.846452236175537109e-01,-9.268120527267456055e-01,-9.596999883651733398e-01,-9.829797148704528809e-01,-9.964181780815124512e-01
-6.329302191734313965e-01,-7.071309089660644531e-01,-7.742519974708557129e-01,-8.336215615272521973e-01,-8.846452236175537109e-01,-9.268120527267456055e-01,-9.596999883651733398e-01,-9.829797148704528809e-01,-9.964181780815124512e-01,-9.998808503150939941e-01
-7.071309089660644531e-01,-7.742519974708557129e-01,-8.336215615272521973e-01,-8.846452236175537109e-01,-9.268120527267456055e-01,-9.596999883651733398e-01,-9.829797148704528809e-01,-9.964181780815124512e-01,-9.998808503150939941e-01,-9.933330416679382324e-01
-7.742519974708557129e-01,-8.336215615272521973e-01,-8.846452236175537109e-01,-9.268120527267456055e-01,-9.596999883651733398e-01,-9.829797148704528809e-01,-9.964181780815124512e-01,-9.998808503150939941e-01,-9.933330416679382324e-01,-9.768403172492980957e-01
-8.336215615272521973e-01,-8.846452236175537109e-01,-9.268120527267456055e-01,-9.596999883651733398e-01,-9.829797148704528809e-01,-9.964181780815124512e-01,-9.998808503150939941e-01,-9.933330416679382324e-01,-9.768403172492980957e-01,-9.505677819252014160e-01
-8.846452236175537109e-01,-9.268120527267456055e-01,-9.596999883651733398e-01,-9.829797148704528809e-01,-9.964181780815124512e-01,-9.998808503150939941e-01,-9.933330416679382324e-01,-9.768403172492980957e-01,-9.505677819252014160e-01,-9.147784709930419922e-01
-9.268120527267456055e-01,-9.596999883651733398e-01,-9.829797148704528809e-01,-9.964181780815124512e-01,-9.998808503150939941e-01,-9.933330416679382324e-01,-9.768403172492980957e-01,-9.505677819252014160e-01,-9.147784709930419922e-01,-8.698307275772094727e-01
-9.596999883651733398e-01,-9.829797148704528809e-01,-9.964181780815124512e-01,-9.998808503150939941e-01,-9.933330416679382324e-01,-9.768403172492980957e-01,-9.505677819252014160e-01,-9.147784709930419922e-01,-8.698307275772094727e-01,-8.161745071411132812e-01
-9.829797148704528809e-01,-9.964181780815124512e-01,-9.998808503150939941e-01,-9.933330416679382324e-01,-9.768403172492980957e-01,-9.505677819252014160e-01,-9.147784709930419922e-01,-8.698307275772094727e-01,-8.161745071411132812e-01,-7.543470263481140137e-01
-9.964181780815124512e-01,-9.998808503150939941e-01,-9.933330416679382324e-01,-9.768403172492980957e-01,-9.505677819252014160e-01,-9.147784709930419922e-01,-8.698307275772094727e-01,-8.161745071411132812e-01,-7.543470263481140137e-01,-6.849672794342041016e-01
-9.998808503150939941e-01,-9.933330416679382324e-01,-9.768403172492980957e-01,-9.505677819252014160e-01,-9.147784709930419922e-01,-8.698307275772094727e-01,-8.161745071411132812e-01,-7.543470263481140137e-01,-6.849672794342041016e-01,-6.087298989295959473e-01
-9.933330416679382324e-01,-9.768403172492980957e-01,-9.505677819252014160e-01,-9.147784709930419922e-01,-8.698307275772094727e-01,-8.161745071411132812e-01,-7.543470263481140137e-01,-6.849672794342041016e-01,-6.087298989295959473e-01,-5.263980627059936523e-01
-9.768403172492980957e-01,-9.505677819252014160e-01,-9.147784709930419922e-01,-8.698307275772094727e-01,-8.161745071411132812e-01,-7.543470263481140137e-01,-6.849672794342041016e-01,-6.087298989295959473e-01,-5.263980627059936523e-01,-4.387961328029632568e-01
-9.505677819252014160e-01,-9.147784709930419922e-01,-8.698307275772094727e-01,-8.161745071411132812e-01,-7.543470263481140137e-01,-6.849672794342041016e-01,-6.087298989295959473e-01,-5.263980627059936523e-01,-4.387961328029632568e-01,-3.468011319637298584e-01
-9.147784709930419922e-01,-8.698307275772094727e-01,-8.161745071411132812e-01,-7.543470263481140137e-01,-6.849672794342041016e-01,-6.087298989295959473e-01,-5.263980627059936523e-01,-4.387961328029632568e-01,-3.468011319637298584e-01,-2.513340413570404053e-01
-8.698307275772094727e-01,-8.161745071411132812e-01,-7.543470263481140137e-01,-6.849672794342041016e-01,-6.087298989295959473e-01,-5.263980627059936523e-01,-4.387961328029632568e-01,-3.468011319637298584e-01,-2.513340413570404053e-01,-1.533507108688354492e-01
-8.161745071411132812e-01,-7.543470263481140137e-01,-6.849672794342041016e-01,-6.087298989295959473e-01,-5.263980627059936523e-01,-4.387961328029632568e-01,-3.468011319637298584e-01,-2.513340413570404053e-01,-1.533507108688354492e-01,-5.383206903934478760e-02
-7.543470263481140137e-01,-6.849672794342041016e-01,-6.087298989295959473e-01,-5.263980627059936523e-01,-4.387961328029632568e-01,-3.468011319637298584e-01,-2.513340413570404053e-01,-1.533507108688354492e-01,-5.383206903934478760e-02,4.622552171349525452e-02
-6.849672794342041016e-01,-6.087298989295959473e-01,-5.263980627059936523e-01,-4.387961328029632568e-01,-3.468011319637298584e-01,-2.513340413570404053e-01,-1.533507108688354492e-01,-5.383206903934478760e-02,4.622552171349525452e-02,1.458203196525573730e-01
-6.087298989295959473e-01,-5.263980627059936523e-01,-4.387961328029632568e-01,-3.468011319637298584e-01,-2.513340413570404053e-01,-1.533507108688354492e-01,-5.383206903934478760e-02,4.622552171349525452e-02,1.458203196525573730e-01,2.439552098512649536e-01
-5.263980627059936523e-01,-4.387961328029632568e-01,-3.468011319637298584e-01,-2.513340413570404053e-01,-1.533507108688354492e-01,-5.383206903934478760e-02,4.622552171349525452e-02,1.458203196525573730e-01,2.439552098512649536e-01,3.396476805210113525e-01
-4.387961328029632568e-01,-3.468011319637298584e-01,-2.513340413570404053e-01,-1.533507108688354492e-01,-5.383206903934478760e-02,4.622552171349525452e-02,1.458203196525573730e-01,2.439552098512649536e-01,3.396476805210113525e-01,4.319397509098052979e-01
-3.468011319637298584e-01,-2.513340413570404053e-01,-1.533507108688354492e-01,-5.383206903934478760e-02,4.622552171349525452e-02,1.458203196525573730e-01,2.439552098512649536e-01,3.396476805210113525e-01,4.319397509098052979e-01,5.199073553085327148e-01
-2.513340413570404053e-01,-1.533507108688354492e-01,-5.383206903934478760e-02,4.622552171349525452e-02,1.458203196525573730e-01,2.439552098512649536e-01,3.396476805210113525e-01,4.319397509098052979e-01,5.199073553085327148e-01,6.026698350906372070e-01
-1.533507108688354492e-01,-5.383206903934478760e-02,4.622552171349525452e-02,1.458203196525573730e-01,2.439552098512649536e-01,3.396476805210113525e-01,4.319397509098052979e-01,5.199073553085327148e-01,6.026698350906372070e-01,6.793985962867736816e-01
-5.383206903934478760e-02,4.622552171349525452e-02,1.458203196525573730e-01,2.439552098512649536e-01,3.396476805210113525e-01,4.319397509098052979e-01,5.199073553085327148e-01,6.026698350906372070e-01,6.793985962867736816e-01,7.493253946304321289e-01
4.622552171349525452e-02,1.458203196525573730e-01,2.439552098512649536e-01,3.396476805210113525e-01,4.319397509098052979e-01,5.199073553085327148e-01,6.026698350906372070e-01,6.793985962867736816e-01,7.493253946304321289e-01,8.117502331733703613e-01
1.458203196525573730e-01,2.439552098512649536e-01,3.396476805210113525e-01,4.319397509098052979e-01,5.199073553085327148e-01,6.026698350906372070e-01,6.793985962867736816e-01,7.493253946304321289e-01,8.117502331733703613e-01,8.660480976104736328e-01
2.439552098512649536e-01,3.396476805210113525e-01,4.319397509098052979e-01,5.199073553085327148e-01,6.026698350906372070e-01,6.793985962867736816e-01,7.493253946304321289e-01,8.117502331733703613e-01,8.660480976104736328e-01,9.116753935813903809e-01
3.396476805210113525e-01,4.319397509098052979e-01,5.199073553085327148e-01,6.026698350906372070e-01,6.793985962867736816e-01,7.493253946304321289e-01,8.117502331733703613e-01,8.660480976104736328e-01,9.116753935813903809e-01,9.481753110885620117e-01
4.319397509098052979e-01,5.199073553085327148e-01,6.026698350906372070e-01,6.793985962867736816e-01,7.493253946304321289e-01,8.117502331733703613e-01,8.660480976104736328e-01,9.116753935813903809e-01,9.481753110885620117e-01,9.751823544502258301e-01
5.199073553085327148e-01,6.026698350906372070e-01,6.793985962867736816e-01,7.493253946304321289e-01,8.117502331733703613e-01,8.660480976104736328e-01,9.116753935813903809e-01,9.481753110885620117e-01,9.751823544502258301e-01,9.924262762069702148e-01
6.026698350906372070e-01,6.793985962867736816e-01,7.493253946304321289e-01,8.117502331733703613e-01,8.660480976104736328e-01,9.116753935813903809e-01,9.481753110885620117e-01,9.751823544502258301e-01,9.924262762069702148e-01,9.997342824935913086e-01
6.793985962867736816e-01,7.493253946304321289e-01,8.117502331733703613e-01,8.660480976104736328e-01,9.116753935813903809e-01,9.481753110885620117e-01,9.751823544502258301e-01,9.924262762069702148e-01,9.997342824935913086e-01,9.970332980155944824e-01
7.493253946304321289e-01,8.117502331733703613e-01,8.660480976104736328e-01,9.116753935813903809e-01,9.481753110885620117e-01,9.751823544502258301e-01,9.924262762069702148e-01,9.997342824935913086e-01,9.970332980155944824e-01,9.843503832817077637e-01
8.117502331733703613e-01,8.660480976104736328e-01,9.116753935813903809e-01,9.481753110885620117e-01,9.751823544502258301e-01,9.924262762069702148e-01,9.997342824935913086e-01,9.970332980155944824e-01,9.843503832817077637e-01,9.618124961853027344e-01
8.660480976104736328e-01,9.116753935813903809e-01,9.481753110885620117e-01,9.751823544502258301e-01,9.924262762069702148e-01,9.997342824935913086e-01,9.970332980155944824e-01,9.843503832817077637e-01,9.618124961853027344e-01,9.296451807022094727e-01
9.116753935813903809e-01,9.481753110885620117e-01,9.751823544502258301e-01,9.924262762069702148e-01,9.997342824935913086e-01,9.970332980155944824e-01,9.843503832817077637e-01,9.618124961853027344e-01,9.296451807022094727e-01,8.881706595420837402e-01
9.481753110885620117e-01,9.751823544502258301e-01,9.924262762069702148e-01,9.997342824935913086e-01,9.970332980155944824e-01,9.843503832817077637e-01,9.618124961853027344e-01,9.296451807022094727e-01,8.881706595420837402e-01,8.378040194511413574e-01
9.751823544502258301e-01,9.924262762069702148e-01,9.997342824935913086e-01,9.970332980155944824e-01,9.843503832817077637e-01,9.618124961853027344e-01,9.296451807022094727e-01,8.881706595420837402e-01,8.378040194511413574e-01,7.790495753288269043e-01
9.924262762069702148e-01,9.997342824935913086e-01,9.970332980155944824e-01,9.843503832817077637e-01,9.618124961853027344e-01,9.296451807022094727e-01,8.881706595420837402e-01,8.378040194511413574e-01,7.790495753288269043e-01,7.124955654144287109e-01
9.997342824935913086e-01,9.970332980155944824e-01,9.843503832817077637e-01,9.618124961853027344e-01,9.296451807022094727e-01,8.881706595420837402e-01,8.378040194511413574e-01,7.790495753288269043e-01,7.124955654144287109e-01,6.388082504272460938e-01
9.970332980155944824e-01,9.843503832817077637e-01,9.618124961853027344e-01,9.296451807022094727e-01,8.881706595420837402e-01,8.378040194511413574e-01,7.790495753288269043e-01,7.124955654144287109e-01,6.388082504272460938e-01,5.587254166603088379e-01
9.843503832817077637e-01,9.618124961853027344e-01,9.296451807022094727e-01,8.881706595420837402e-01,8.378040194511413574e-01,7.790495753288269043e-01,7.124955654144287109e-01,6.388082504272460938e-01,5.587254166603088379e-01,4.730488061904907227e-01
9.618124961853027344e-01,9.296451807022094727e-01,8.881706595420837402e-01,8.378040194511413574e-01,7.790495753288269043e-01,7.124955654144287109e-01,6.388082504272460938e-01,5.587254166603088379e-01,4.730488061904907227e-01,3.826361894607543945e-01
9.296451807022094727e-01,8.881706595420837402e-01,8.378040194511413574e-01,7.790495753288269043e-01,7.124955654144287109e-01,6.388082504272460938e-01,5.587254166603088379e-01,4.730488061904907227e-01,3.826361894607543945e-01,2.883927524089813232e-01
8.881706595420837402e-01,8.378040194511413574e-01,7.790495753288269043e-01,7.124955654144287109e-01,6.388082504272460938e-01,5.587254166603088379e-01,4.730488061904907227e-01,3.826361894607543945e-01,2.883927524089813232e-01,1.912620365619659424e-01
8.378040194511413574e-01,7.790495753288269043e-01,7.124955654144287109e-01,6.388082504272460938e-01,5.587254166603088379e-01,4.730488061904907227e-01,3.826361894607543945e-01,2.883927524089813232e-01,1.912620365619659424e-01,9.221644699573516846e-02
7.790495753288269043e-01,7.124955654144287109e-01,6.388082504272460938e-01,5.587254166603088379e-01,4.730488061904907227e-01,3.826361894607543945e-01,2.883927524089813232e-01,1.912620365619659424e-01,9.221644699573516846e-02,-7.752370089292526245e-03
7.124955654144287109e-01,6.388082504272460938e-01,5.587254166603088379e-01,4.730488061904907227e-01,3.826361894607543945e-01,2.883927524089813232e-01,1.912620365619659424e-01,9.221644699573516846e-02,-7.752370089292526245e-03,-1.076435744762420654e-01
6.388082504272460938e-01,5.587254166603088379e-01,4.730488061904907227e-01,3.826361894607543945e-01,2.883927524089813232e-01,1.912620365619659424e-01,9.221644699573516846e-02,-7.752370089292526245e-03,-1.076435744762420654e-01,-2.064570933580398560e-01
5.587254166603088379e-01,4.730488061904907227e-01,3.826361894607543945e-01,2.883927524089813232e-01,1.912620365619659424e-01,9.221644699573516846e-02,-7.752370089292526245e-03,-1.076435744762420654e-01,-2.064570933580398560e-01,-3.032036125659942627e-01
4.730488061904907227e-01,3.826361894607543945e-01,2.883927524089813232e-01,1.912620365619659424e-01,9.221644699573516846e-02,-7.752370089292526245e-03,-1.076435744762420654e-01,-2.064570933580398560e-01,-3.032036125659942627e-01,-3.969146013259887695e-01
3.826361894607543945e-01,2.883927524089813232e-01,1.912620365619659424e-01,9.221644699573516846e-02,-7.752370089292526245e-03,-1.076435744762420654e-01,-2.064570933580398560e-01,-3.032036125659942627e-01,-3.969146013259887695e-01,-4.866517782211303711e-01
2.883927524089813232e-01,1.912620365619659424e-01,9.221644699573516846e-02,-7.752370089292526245e-03,-1.076435744762420654e-01,-2.064570933580398560e-01,-3.032036125659942627e-01,-3.969146013259887695e-01,-4.866517782211303711e-01,-5.715167522430419922e-01
1.912620365619659424e-01,9.221644699573516846e-02,-7.752370089292526245e-03,-1.076435744762420654e-01,-2.064570933580398560e-01,-3.032036125659942627e-01,-3.969146013259887695e-01,-4.866517782211303711e-01,-5.715167522430419922e-01,-6.506599187850952148e-01
9.221644699573516846e-02,-7.752370089292526245e-03,-1.076435744762420654e-01,-2.064570933580398560e-01,-3.032036125659942627e-01,-3.969146013259887695e-01,-4.866517782211303711e-01,-5.715167522430419922e-01,-6.506599187850952148e-01,-7.232888936996459961e-01
-7.752370089292526245e-03,-1.076435744762420654e-01,-2.064570933580398560e-01,-3.032036125659942627e-01,-3.969146013259887695e-01,-4.866517782211303711e-01,-5.715167522430419922e-01,-6.506599187850952148e-01,-7.232888936996459961e-01,-7.886765003204345703e-01
-1.076435744762420654e-01,-2.064570933580398560e-01,-3.032036125659942627e-01,-3.969146013259887695e-01,-4.866517782211303711e-01,-5.715167522430419922e-01,-6.506599187850952148e-01,-7.232888936996459961e-01,-7.886765003204345703e-01,-8.461682200431823730e-01
-2.064570933580398560e-01,-3.032036125659942627e-01,-3.969146013259887695e-01,-4.866517782211303711e-01,-5.715167522430419922e-01,-6.506599187850952148e-01,-7.232888936996459961e-01,-7.886765003204345703e-01,-8.461682200431823730e-01,-8.951883316040039062e-01
-3.032036125659942627e-01,-3.969146013259887695e-01,-4.866517782211303711e-01,-5.715167522430419922e-01,-6.506599187850952148e-01,-7.232888936996459961e-01,-7.886765003204345703e-01,-8.461682200431823730e-01,-8.951883316040039062e-01,-9.352461099624633789e-01
-3.969146013259887695e-01,-4.866517782211303711e-01,-5.715167522430419922e-01,-6.506599187850952148e-01,-7.232888936996459961e-01,-7.886765003204345703e-01,-8.461682200431823730e-01,-8.951883316040039062e-01,-9.352461099624633789e-01,-9.659405350685119629e-01
-4.866517782211303711e-01,-5.715167522430419922e-01,-6.506599187850952148e-01,-7.232888936996459961e-01,-7.886765003204345703e-01,-8.461682200431823730e-01,-8.951883316040039062e-01,-9.352461099624633789e-01,-9.659405350685119629e-01,-9.869642853736877441e-01
-5.715167522430419922e-01,-6.506599187850952148e-01,-7.232888936996459961e-01,-7.886765003204345703e-01,-8.461682200431823730e-01,-8.951883316040039062e-01,-9.352461099624633789e-01,-9.659405350685119629e-01,-9.869642853736877441e-01,-9.981068372726440430e-01
-6.506599187850952148e-01,-7.232888936996459961e-01,-7.886765003204345703e-01,-8.461682200431823730e-01,-8.951883316040039062e-01,-9.352461099624633789e-01,-9.659405350685119629e-01,-9.869642853736877441e-01,-9.981068372726440430e-01,-9.992567300796508789e-01
-7.232888936996459961e-01,-7.886765003204345703e-01,-8.461682200431823730e-01,-8.951883316040039062e-01,-9.352461099624633789e-01,-9.659405350685119629e-01,-9.869642853736877441e-01,-9.981068372726440430e-01,-9.992567300796508789e-01,-9.904024004936218262e-01
-7.886765003204345703e-01,-8.461682200431823730e-01,-8.951883316040039062e-01,-9.352461099624633789e-01,-9.659405350685119629e-01,-9.869642853736877441e-01,-9.981068372726440430e-01,-9.992567300796508789e-01,-9.904024004936218262e-01,-9.716324806213378906e-01
-8.461682200431823730e-01,-8.951883316040039062e-01,-9.352461099624633789e-01,-9.659405350685119629e-01,-9.869642853736877441e-01,-9.981068372726440430e-01,-9.992567300796508789e-01,-9.904024004936218262e-01,-9.716324806213378906e-01,-9.431349039077758789e-01
-8.951883316040039062e-01,-9.352461099624633789e-01,-9.659405350685119629e-01,-9.869642853736877441e-01,-9.981068372726440430e-01,-9.992567300796508789e-01,-9.904024004936218262e-01,-9.716324806213378906e-01,-9.431349039077758789e-01,-9.051949381828308105e-01
-9.352461099624633789e-01,-9.659405350685119629e-01,-9.869642853736877441e-01,-9.981068372726440430e-01,-9.992567300796508789e-01,-9.904024004936218262e-01,-9.716324806213378906e-01,-9.431349039077758789e-01,-9.051949381828308105e-01,-8.581925034523010254e-01
-9.659405350685119629e-01,-9.869642853736877441e-01,-9.981068372726440430e-01,-9.992567300796508789e-01,-9.904024004936218262e-01,-9.716324806213378906e-01,-9.431349039077758789e-01,-9.051949381828308105e-01,-8.581925034523010254e-01,-8.025981187820434570e-01
-9.869642853736877441e-01,-9.981068372726440430e-01,-9.992567300796508789e-01,-9.904024004936218262e-01,-9.716324806213378906e-01,-9.431349039077758789e-01,-9.051949381828308105e-01,-8.581925034523010254e-01,-8.025981187820434570e-01,-7.389683723449707031e-01
-9.981068372726440430e-01,-9.992567300796508789e-01,-9.904024004936218262e-01,-9.716324806213378906e-01,-9.431349039077758789e-01,-9.051949381828308105e-01,-8.581925034523010254e-01,-8.025981187820434570e-01,-7.389683723449707031e-01,-6.679403781890869141e-01
-9.992567300796508789e-01,-9.904024004936218262e-01,-9.716324806213378906e-01,-9.431349039077758789e-01,-9.051949381828308105e-01,-8.581925034523010254e-01,-8.025981187820434570e-01,-7.389683723449707031e-01,-6.679403781890869141e-01,-5.902251601219177246e-01
-9.904024004936218262e-01,-9.716324806213378906e-01,-9.431349039077758789e-01,-9.051949381828308105e-01,-8.581925034523010254e-01,-8.025981187820434570e-01,-7.389683723449707031e-01,-6.679403781890869141e-01,-5.902251601219177246e-01,-5.066007375717163086e-01
-9.716324806213378906e-01,-9.431349039077758789e-01,-9.051949381828308105e-01,-8.581925034523010254e-01,-8.025981187820434570e-01,-7.389683723449707031e-01,-6.679403781890869141e-01,-5.902251601219177246e-01,-5.066007375717163086e-01,-4.179044961929321289e-01
-9.431349039077758789e-01,-9.051949381828308105e-01,-8.581925034523010254e-01,-8.025981187820434570e-01,-7.389683723449707031e-01,-6.679403781890869141e-01,-5.902251601219177246e-01,-5.066007375717163086e-01,-4.179044961929321289e-01,-3.250242769718170166e-01
-9.051949381828308105e-01,-8.581925034523010254e-01,-8.025981187820434570e-01,-7.389683723449707031e-01,-6.679403781890869141e-01,-5.902251601219177246e-01,-5.066007375717163086e-01,-4.179044961929321289e-01,-3.250242769718170166e-01,-2.288900464773178101e-01
-8.581925034523010254e-01,-8.025981187820434570e-01,-7.389683723449707031e-01,-6.679403781890869141e-01,-5.902251601219177246e-01,-5.066007375717163086e-01,-4.179044961929321289e-01,-3.250242769718170166e-01,-2.288900464773178101e-01,-1.304642409086227417e-01
-8.025981187820434570e-01,-7.389683723449707031e-01,-6.679403781890869141e-01,-5.902251601219177246e-01,-5.066007375717163086e-01,-4.179044961929321289e-01,-3.250242769718170166e-01,-2.288900464773178101e-01,-1.304642409086227417e-01,-3.073226287961006165e-02
-7.389683723449707031e-01,-6.679403781890869141e-01,-5.902251601219177246e-01,-5.066007375717163086e-01,-4.179044961929321289e-01,-3.250242769718170166e-01,-2.288900464773178101e-01,-1.304642409086227417e-01,-3.073226287961006165e-02,6.930738687515258789e-02
-6.679403781890869141e-01,-5.902251601219177246e-01,-5.066007375717163086e-01,-4.179044961929321289e-01,-3.250242769718170166e-01,-2.288900464773178101e-01,-1.304642409086227417e-01,-3.073226287961006165e-02,6.930738687515258789e-02,1.686531603336334229e-01
-5.902251601219177246e-01,-5.066007375717163086e-01,-4.179044961929321289e-01,-3.250242769718170166e-01,-2.288900464773178101e-01,-1.304642409086227417e-01,-3.073226287961006165e-02,6.930738687515258789e-02,1.686531603336334229e-01,2.663104236125946045e-01
-5.066007375717163086e-01,-4.179044961929321289e-01,-3.250242769718170166e-01,-2.288900464773178101e-01,-1.304642409086227417e-01,-3.073226287961006165e-02,6.930738687515258789e-02,1.686531603336334229e-01,2.663104236125946045e-01,3.613014817237854004e-01
-4.179044961929321289e-01,-3.250242769718170166e-01,-2.288900464773178101e-01,-1.304642409086227417e-01,-3.073226287961006165e-02,6.930738687515258789e-02,1.686531603336334229e-01,2.663104236125946045e-01,3.613014817237854004e-01,4.526753127574920654e-01
-3.250242769718170166e-01,-2.288900464773178101e-01,-1.304642409086227417e-01,-3.073226287961006165e-02,6.930738687515258789e-02,1.686531603336334229e-01,2.663104236125946045e-01,3.613014817237854004e-01,4.526753127574920654e-01,5.395171046257019043e-01
-2.288900464773178101e-01,-1.304642409086227417e-01,-3.073226287961006165e-02,6.930738687515258789e-02,1.686531603336334229e-01,2.663104236125946045e-01,3.613014817237854004e-01,4.526753127574920654e-01,5.395171046257019043e-01,6.209574341773986816e-01
-1.304642409086227417e-01,-3.073226287961006165e-02,6.930738687515258789e-02,1.686531603336334229e-01,2.663104236125946045e-01,3.613014817237854004e-01,4.526753127574920654e-01,5.395171046257019043e-01,6.209574341773986816e-01,6.961809396743774414e-01
-3.073226287961006165e-02,6.930738687515258789e-02,1.686531603336334229e-01,2.663104236125946045e-01,3.613014817237854004e-01,4.526753127574920654e-01,5.395171046257019043e-01,6.209574341773986816e-01,6.961809396743774414e-01,7.644345760345458984e-01
6.930738687515258789e-02,1.686531603336334229e-01,2.663104236125946045e-01,3.613014817237854004e-01,4.526753127574920654e-01,5.395171046257019043e-01,6.209574341773986816e-01,6.961809396743774414e-01,7.644345760345458984e-01,8.250348567962646484e-01
1.686531603336334229e-01,2.663104236125946045e-01,3.613014817237854004e-01,4.526753127574920654e-01,5.395171046257019043e-01,6.209574341773986816e-01,6.961809396743774414e-01,7.644345760345458984e-01,8.250348567962646484e-01,8.773751854896545410e-01
2.663104236125946045e-01,3.613014817237854004e-01,4.526753127574920654e-01,5.395171046257019043e-01,6.209574341773986816e-01,6.961809396743774414e-01,7.644345760345458984e-01,8.250348567962646484e-01,8.773751854896545410e-01,9.209315776824951172e-01
3.613014817237854004e-01,4.526753127574920654e-01,5.395171046257019043e-01,6.209574341773986816e-01,6.961809396743774414e-01,7.644345760345458984e-01,8.250348567962646484e-01,8.773751854896545410e-01,9.209315776824951172e-01,9.552678465843200684e-01
4.526753127574920654e-01,5.395171046257019043e-01,6.209574341773986816e-01,6.961809396743774414e-01,7.644345760345458984e-01,8.250348567962646484e-01,8.773751854896545410e-01,9.209315776824951172e-01,9.552678465843200684e-01,9.800403118133544922e-01
5.395171046257019043e-01,6.209574341773986816e-01,6.961809396743774414e-01,7.644345760345458984e-01,8.250348567962646484e-01,8.773751854896545410e-01,9.209315776824951172e-01,9.552678465843200684e-01,9.800403118133544922e-01,9.950009584426879883e-01
6.209574341773986816e-01,6.961809396743774414e-01,7.644345760345458984e-01,8.250348567962646484e-01,8.773751854896545410e-01,9.209315776824951172e-01,9.552678465843200684e-01,9.800403118133544922e-01,9.950009584426879883e-01,1.000000000000000000e+00
6.961809396743774414e-01,7.644345760345458984e-01,8.250348567962646484e-01,8.773751854896545410e-01,9.209315776824951172e-01,9.552678465843200684e-01,9.800403118133544922e-01,9.950009584426879883e-01,1.000000000000000000e+00,9.949873685836791992e-01
7.644345760345458984e-01,8.250348567962646484e-01,8.773751854896545410e-01,9.209315776824951172e-01,9.552678465843200684e-01,9.800403118133544922e-01,9.950009584426879883e-01,1.000000000000000000e+00,9.949873685836791992e-01,9.800132513046264648e-01
8.250348567962646484e-01,8.773751854896545410e-01,9.209315776824951172e-01,9.552678465843200684e-01,9.800403118133544922e-01,9.950009584426879883e-01,1.000000000000000000e+00,9.949873685836791992e-01,9.800132513046264648e-01,9.552275538444519043e-01
8.773751854896545410e-01,9.209315776824951172e-01,9.552678465843200684e-01,9.800403118133544922e-01,9.950009584426879883e-01,1.000000000000000000e+00,9.949873685836791992e-01,9.800132513046264648e-01,9.552275538444519043e-01,9.208784103393554688e-01
9.209315776824951172e-01,9.552678465843200684e-01,9.800403118133544922e-01,9.950009584426879883e-01,1.000000000000000000e+00,9.949873685836791992e-01,9.800132513046264648e-01,9.552275538444519043e-01,9.208784103393554688e-01,8.773097991943359375e-01
9.552678465843200684e-01,9.800403118133544922e-01,9.950009584426879883e-01,1.000000000000000000e+00,9.949873685836791992e-01,9.800132513046264648e-01,9.552275538444519043e-01,9.208784103393554688e-01,8.773097991943359375e-01,8.249577879905700684e-01
9.800403118133544922e-01,9.950009584426879883e-01,1.000000000000000000e+00,9.949873685836791992e-01,9.800132513046264648e-01,9.552275538444519043e-01,9.208784103393554688e-01,8.773097991943359375e-01,8.249577879905700684e-01,7.643466591835021973e-01
9.950009584426879883e-01,1.000000000000000000e+00,9.949873685836791992e-01,9.800132513046264648e-01,9.552275538444519043e-01,9.208784103393554688e-01,8.773097991943359375e-01,8.249577879905700684e-01,7.643466591835021973e-01,6.960830688476562500e-01
1.000000000000000000e+00,9.949873685836791992e-01,9.800132513046264648e-01,9.552275538444519043e-01,9.208784103393554688e-01,8.773097991943359375e-01,8.249577879905700684e-01,7.643466591835021973e-01,6.960830688476562500e-01,6.208505630493164062e-01
9.949873685836791992e-01,9.800132513046264648e-01,9.552275538444519043e-01,9.208784103393554688e-01,8.773097991943359375e-01,8.249577879905700684e-01,7.643466591835021973e-01,6.960830688476562500e-01,6.208505630493164062e-01,5.394023060798645020e-01
9.800132513046264648e-01,9.552275538444519043e-01,9.208784103393554688e-01,8.773097991943359375e-01,8.249577879905700684e-01,7.643466591835021973e-01,6.960830688476562500e-01,6.208505630493164062e-01,5.394023060798645020e-01,4.525537490844726562e-01
9.552275538444519043e-01,9.208784103393554688e-01,8.773097991943359375e-01,8.249577879905700684e-01,7.643466591835021973e-01,6.960830688476562500e-01,6.208505630493164062e-01,5.394023060798645020e-01,4.525537490844726562e-01,3.611743450164794922e-01
9.208784103393554688e-01,8.773097991943359375e-01,8.249577879905700684e-01,7.643466591835021973e-01,6.960830688476562500e-01,6.208505630493164062e-01,5.394023060798645020e-01,4.525537490844726562e-01,3.611743450164794922e-01,2.661790251731872559e-01
8.773097991943359375e-01,8.249577879905700684e-01,7.643466591835021973e-01,6.960830688476562500e-01,6.208505630493164062e-01,5.394023060798645020e-01,4.525537490844726562e-01,3.611743450164794922e-01,2.661790251731872559e-01,1.685187667608261108e-01
8.249577879905700684e-01,7.643466591835021973e-01,6.960830688476562500e-01,6.208505630493164062e-01,5.394023060798645020e-01,4.525537490844726562e-01,3.611743450164794922e-01,2.661790251731872559e-01,1.685187667608261108e-01,6.917137652635574341e-02
7.643466591835021973e-01,6.960830688476562500e-01,6.208505630493164062e-01,5.394023060798645020e-01,4.525537490844726562e-01,3.611743450164794922e-01,2.661790251731872559e-01,1.685187667608261108e-01,6.917137652635574341e-02,-3.086854331195354462e-02
6.960830688476562500e-01,6.208505630493164062e-01,5.394023060798645020e-01,4.525537490844726562e-01,3.611743450164794922e-01,2.661790251731872559e-01,1.685187667608261108e-01,6.917137652635574341e-02,-3.086854331195354462e-02,-1.305994093418121338e-01
6.208505630493164062e-01,5.394023060798645020e-01,4.525537490844726562e-01,3.611743450164794922e-01,2.661790251731872559e-01,1.685187667608261108e-01,6.917137652635574341e-02,-3.086854331195354462e-02,-1.305994093418121338e-01,-2.290227711200714111e-01
5.394023060798645020e-01,4.525537490844726562e-01,3.611743450164794922e-01,2.661790251731872559e-01,1.685187667608261108e-01,6.917137652635574341e-02,-3.086854331195354462e-02,-1.305994093418121338e-01,-2.290227711200714111e-01,-3.251532316207885742e-01
4.525537490844726562e-01,3.611743450164794922e-01,2.661790251731872559e-01,1.685187667608261108e-01,6.917137652635574341e-02,-3.086854331195354462e-02,-1.305994093418121338e-01,-2.290227711200714111e-01,-3.251532316207885742e-01,-4.180283546447753906e-01
3.611743450164794922e-01,2.661790251731872559e-01,1.685187667608261108e-01,6.917137652635574341e-02,-3.086854331195354462e-02,-1.305994093418121338e-01,-2.290227711200714111e-01,-3.251532316207885742e-01,-4.180283546447753906e-01,-5.067183375358581543e-01
2.661790251731872559e-01,1.685187667608261108e-01,6.917137652635574341e-02,-3.086854331195354462e-02,-1.305994093418121338e-01,-2.290227711200714111e-01,-3.251532316207885742e-01,-4.180283546447753906e-01,-5.067183375358581543e-01,-5.903351902961730957e-01
1.685187667608261108e-01,6.917137652635574341e-02,-3.086854331195354462e-02,-1.305994093418121338e-01,-2.290227711200714111e-01,-3.251532316207885742e-01,-4.180283546447753906e-01,-5.067183375358581543e-01,-5.903351902961730957e-01,-6.680418252944946289e-01
6.917137652635574341e-02,-3.086854331195354462e-02,-1.305994093418121338e-01,-2.290227711200714111e-01,-3.251532316207885742e-01,-4.180283546447753906e-01,-5.067183375358581543e-01,-5.903351902961730957e-01,-6.680418252944946289e-01,-7.390602231025695801e-01
-3.086854331195354462e-02,-1.305994093418121338e-01,-2.290227711200714111e-01,-3.251532316207885742e-01,-4.180283546447753906e-01,-5.067183375358581543e-01,-5.903351902961730957e-01,-6.680418252944946289e-01,-7.390602231025695801e-01,-8.026794195175170898e-01
-1.305994093418121338e-01,-2.290227711200714111e-01,-3.251532316207885742e-01,-4.180283546447753906e-01,-5.067183375358581543e-01,-5.903351902961730957e-01,-6.680418252944946289e-01,-7.390602231025695801e-01,-8.026794195175170898e-01,-8.582624793052673340e-01
-2.290227711200714111e-01,-3.251532316207885742e-01,-4.180283546447753906e-01,-5.067183375358581543e-01,-5.903351902961730957e-01,-6.680418252944946289e-01,-7.390602231025695801e-01,-8.026794195175170898e-01,-8.582624793052673340e-01,-9.052528738975524902e-01
-3.251532316207885742e-01,-4.180283546447753906e-01,-5.067183375358581543e-01,-5.903351902961730957e-01,-6.680418252944946289e-01,-7.390602231025695801e-01,-8.026794195175170898e-01,-8.582624793052673340e-01,-9.052528738975524902e-01,-9.431802034378051758e-01
-4.180283546447753906e-01,-5.067183375358581543e-01,-5.903351902961730957e-01,-6.680418252944946289e-01,-7.390602231025695801e-01,-8.026794195175170898e-01,-8.582624793052673340e-01,-9.052528738975524902e-01,-9.431802034378051758e-01,-9.716647267341613770e-01
-5.067183375358581543e-01,-5.903351902961730957e-01,-6.680418252944946289e-01,-7.390602231025695801e-01,-8.026794195175170898e-01,-8.582624793052673340e-01,-9.052528738975524902e-01,-9.431802034378051758e-01,-9.716647267341613770e-01,-9.904212355613708496e-01
-5.903351902961730957e-01,-6.680418252944946289e-01,-7.390602231025695801e-01,-8.026794195175170898e-01,-8.582624793052673340e-01,-9.052528738975524902e-01,-9.431802034378051758e-01,-9.716647267341613770e-01,-9.904212355613708496e-01,-9.992619752883911133e-01
-6.680418252944946289e-01,-7.390602231025695801e-01,-8.026794195175170898e-01,-8.582624793052673340e-01,-9.052528738975524902e-01,-9.431802034378051758e-01,-9.716647267341613770e-01,-9.904212355613708496e-01,-9.992619752883911133e-01,-9.980984926223754883e-01
-7.390602231025695801e-01,-8.026794195175170898e-01,-8.582624793052673340e-01,-9.052528738975524902e-01,-9.431802034378051758e-01,-9.716647267341613770e-01,-9.904212355613708496e-01,-9.992619752883911133e-01,-9.980984926223754883e-01,-9.869423508644104004e-01
-8.026794195175170898e-01,-8.582624793052673340e-01,-9.052528738975524902e-01,-9.431802034378051758e-01,-9.716647267341613770e-01,-9.904212355613708496e-01,-9.992619752883911133e-01,-9.980984926223754883e-01,-9.869423508644104004e-01,-9.659052491188049316e-01
-8.582624793052673340e-01,-9.052528738975524902e-01,-9.431802034378051758e-01,-9.716647267341613770e-01,-9.904212355613708496e-01,-9.992619752883911133e-01,-9.980984926223754883e-01,-9.869423508644104004e-01,-9.659052491188049316e-01,-9.351978302001953125e-01
-9.052528738975524902e-01,-9.431802034378051758e-01,-9.716647267341613770e-01,-9.904212355613708496e-01,-9.992619752883911133e-01,-9.980984926223754883e-01,-9.869423508644104004e-01,-9.659052491188049316e-01,-9.351978302001953125e-01,-8.951275348663330078e-01
-9.431802034378051758e-01,-9.716647267341613770e-01,-9.904212355613708496e-01,-9.992619752883911133e-01,-9.980984926223754883e-01,-9.869423508644104004e-01,-9.659052491188049316e-01,-9.351978302001953125e-01,-8.951275348663330078e-01,-8.460955023765563965e-01
-9.716647267341613770e-01,-9.904212355613708496e-01,-9.992619752883911133e-01,-9.980984926223754883e-01,-9.869423508644104004e-01,-9.659052491188049316e-01,-9.351978302001953125e-01,-8.951275348663330078e-01,-8.460955023765563965e-01,-7.885926961898803711e-01
-9.904212355613708496e-01,-9.992619752883911133e-01,-9.980984926223754883e-01,-9.869423508644104004e-01,-9.659052491188049316e-01,-9.351978302001953125e-01,-8.951275348663330078e-01,-8.460955023765563965e-01,-7.885926961898803711e-01,-7.231947183609008789e-01
-9.992619752883911133e-01,-9.980984926223754883e-01,-9.869423508644104004e-01,-9.659052491188049316e-01,-9.351978302001953125e-01,-8.951275348663330078e-01,-8.460955023765563965e-01,-7.885926961898803711e-01,-7.231947183609008789e-01,-6.505563855171203613e-01
-9.980984926223754883e-01,-9.869423508644104004e-01,-9.659052491188049316e-01,-9.351978302001953125e-01,-8.951275348663330078e-01,-8.460955023765563965e-01,-7.885926961898803711e-01,-7.231947183609008789e-01,-6.505563855171203613e-01,-5.714048743247985840e-01
-9.869423508644104004e-01,-9.659052491188049316e-01,-9.351978302001953125e-01,-8.951275348663330078e-01,-8.460955023765563965e-01,-7.885926961898803711e-01,-7.231947183609008789e-01,-6.505563855171203613e-01,-5.714048743247985840e-01,-4.865326583385467529e-01
-9.659052491188049316e-01,-9.351978302001953125e-01,-8.951275348663330078e-01,-8.460955023765563965e-01,-7.885926961898803711e-01,-7.231947183609008789e-01,-6.505563855171203613e-01,-5.714048743247985840e-01,-4.865326583385467529e-01,-3.967894315719604492e-01
-9.351978302001953125e-01,-8.951275348663330078e-01,-8.460955023765563965e-01,-7.885926961898803711e-01,-7.231947183609008789e-01,-6.505563855171203613e-01,-5.714048743247985840e-01,-4.865326583385467529e-01,-3.967894315719604492e-01,-3.030737042427062988e-01
-8.951275348663330078e-01,-8.460955023765563965e-01,-7.885926961898803711e-01,-7.231947183609008789e-01,-6.505563855171203613e-01,-5.714048743247985840e-01,-4.865326583385467529e-01,-3.967894315719604492e-01,-3.030737042427062988e-01,-2.063236832618713379e-01
-8.460955023765563965e-01,-7.885926961898803711e-01,-7.231947183609008789e-01,-6.505563855171203613e-01,-5.714048743247985840e-01,-4.865326583385467529e-01,-3.967894315719604492e-01,-3.030737042427062988e-01,-2.063236832618713379e-01,-1.075080260634422302e-01
-7.885926961898803711e-01,-7.231947183609008789e-01,-6.505563855171203613e-01,-5.714048743247985840e-01,-4.865326583385467529e-01,-3.967894315719604492e-01,-3.030737042427062988e-01,-2.063236832618713379e-01,-1.075080260634422302e-01,-7.616030052304267883e-03
-7.231947183609008789e-01,-6.505563855171203613e-01,-5.714048743247985840e-01,-4.865326583385467529e-01,-3.967894315719604492e-01,-3.030737042427062988e-01,-2.063236832618713379e-01,-1.075080260634422302e-01,-7.616030052304267883e-03,9.235221147537231445e-02
-6.505563855171203613e-01,-5.714048743247985840e-01,-4.865326583385467529e-01,-3.967894315719604492e-01,-3.030737042427062988e-01,-2.063236832618713379e-01,-1.075080260634422302e-01,-7.616030052304267883e-03,9.235221147537231445e-02,1.913958489894866943e-01
-5.714048743247985840e-01,-4.865326583385467529e-01,-3.967894315719604492e-01,-3.030737042427062988e-01,-2.063236832618713379e-01,-1.075080260634422302e-01,-7.616030052304267883e-03,9.235221147537231445e-02,1.913958489894866943e-01,2.885233163833618164e-01
-4.865326583385467529e-01,-3.967894315719604492e-01,-3.030737042427062988e-01,-2.063236832618713379e-01,-1.075080260634422302e-01,-7.616030052304267883e-03,9.235221147537231445e-02,1.913958489894866943e-01,2.885233163833618164e-01,3.827621638774871826e-01
-3.967894315719604492e-01,-3.030737042427062988e-01,-2.063236832618713379e-01,-1.075080260634422302e-01,-7.616030052304267883e-03,9.235221147537231445e-02,1.913958489894866943e-01,2.885233163833618164e-01,3.827621638774871826e-01,4.731689393520355225e-01
-3.030737042427062988e-01,-2.063236832618713379e-01,-1.075080260634422302e-01,-7.616030052304267883e-03,9.235221147537231445e-02,1.913958489894866943e-01,2.885233163833618164e-01,3.827621638774871826e-01,4.731689393520355225e-01,5.588384866714477539e-01
-2.063236832618713379e-01,-1.075080260634422302e-01,-7.616030052304267883e-03,9.235221147537231445e-02,1.913958489894866943e-01,2.885233163833618164e-01,3.827621638774871826e-01,4.731689393520355225e-01,5.588384866714477539e-01,6.389131546020507812e-01
-1.075080260634422302e-01,-7.616030052304267883e-03,9.235221147537231445e-02,1.913958489894866943e-01,2.885233163833618164e-01,3.827621638774871826e-01,4.731689393520355225e-01,5.588384866714477539e-01,6.389131546020507812e-01,7.125911712646484375e-01
-7.616030052304267883e-03,9.235221147537231445e-02,1.913958489894866943e-01,2.885233163833618164e-01,3.827621638774871826e-01,4.731689393520355225e-01,5.588384866714477539e-01,6.389131546020507812e-01,7.125911712646484375e-01,7.791350483894348145e-01
9.235221147537231445e-02,1.913958489894866943e-01,2.885233163833618164e-01,3.827621638774871826e-01,4.731689393520355225e-01,5.588384866714477539e-01,6.389131546020507812e-01,7.125911712646484375e-01,7.791350483894348145e-01,8.378784656524658203e-01
1.913958489894866943e-01,2.885233163833618164e-01,3.827621638774871826e-01,4.731689393520355225e-01,5.588384866714477539e-01,6.389131546020507812e-01,7.125911712646484375e-01,7.791350483894348145e-01,8.378784656524658203e-01,8.882333040237426758e-01
2.885233163833618164e-01,3.827621638774871826e-01,4.731689393520355225e-01,5.588384866714477539e-01,6.389131546020507812e-01,7.125911712646484375e-01,7.791350483894348145e-01,8.378784656524658203e-01,8.882333040237426758e-01,9.296954274177551270e-01
3.827621638774871826e-01,4.731689393520355225e-01,5.588384866714477539e-01,6.389131546020507812e-01,7.125911712646484375e-01,7.791350483894348145e-01,8.378784656524658203e-01,8.882333040237426758e-01,9.296954274177551270e-01,9.618498086929321289e-01
4.731689393520355225e-01,5.588384866714477539e-01,6.389131546020507812e-01,7.125911712646484375e-01,7.791350483894348145e-01,8.378784656524658203e-01,8.882333040237426758e-01,9.296954274177551270e-01,9.618498086929321289e-01,9.843744039535522461e-01
5.588384866714477539e-01,6.389131546020507812e-01,7.125911712646484375e-01,7.791350483894348145e-01,8.378784656524658203e-01,8.882333040237426758e-01,9.296954274177551270e-01,9.618498086929321289e-01,9.843744039535522461e-01,9.970437884330749512e-01
6.389131546020507812e-01,7.125911712646484375e-01,7.791350483894348145e-01,8.378784656524658203e-01,8.882333040237426758e-01,9.296954274177551270e-01,9.618498086929321289e-01,9.843744039535522461e-01,9.970437884330749512e-01,9.997311234474182129e-01
7.125911712646484375e-01,7.791350483894348145e-01,8.378784656524658203e-01,8.882333040237426758e-01,9.296954274177551270e-01,9.618498086929321289e-01,9.843744039535522461e-01,9.970437884330749512e-01,9.997311234474182129e-01,9.924095273017883301e-01
7.791350483894348145e-01,8.378784656524658203e-01,8.882333040237426758e-01,9.296954274177551270e-01,9.618498086929321289e-01,9.843744039535522461e-01,9.970437884330749512e-01,9.997311234474182129e-01,9.924095273017883301e-01,9.751521944999694824e-01
8.378784656524658203e-01,8.882333040237426758e-01,9.296954274177551270e-01,9.618498086929321289e-01,9.843744039535522461e-01,9.970437884330749512e-01,9.997311234474182129e-01,9.924095273017883301e-01,9.751521944999694824e-01,9.481319785118103027e-01
8.882333040237426758e-01,9.296954274177551270e-01,9.618498086929321289e-01,9.843744039535522461e-01,9.970437884330749512e-01,9.997311234474182129e-01,9.924095273017883301e-01,9.751521944999694824e-01,9.481319785118103027e-01,9.116193652153015137e-01
9.296954274177551270e-01,9.618498086929321289e-01,9.843744039535522461e-01,9.970437884330749512e-01,9.997311234474182129e-01,9.924095273017883301e-01,9.751521944999694824e-01,9.481319785118103027e-01,9.116193652153015137e-01,8.659799695014953613e-01
9.618498086929321289e-01,9.843744039535522461e-01,9.970437884330749512e-01,9.997311234474182129e-01,9.924095273017883301e-01,9.751521944999694824e-01,9.481319785118103027e-01,9.116193652153015137e-01,8.659799695014953613e-01,8.116706013679504395e-01
9.843744039535522461e-01,9.970437884330749512e-01,9.997311234474182129e-01,9.924095273017883301e-01,9.751521944999694824e-01,9.481319785118103027e-01,9.116193652153015137e-01,8.659799695014953613e-01,8.116706013679504395e-01,7.492351531982421875e-01
9.970437884330749512e-01,9.997311234474182129e-01,9.924095273017883301e-01,9.751521944999694824e-01,9.481319785118103027e-01,9.116193652153015137e-01,8.659799695014953613e-01,8.116706013679504395e-01,7.492351531982421875e-01,6.792985200881958008e-01
9.997311234474182129e-01,9.924095273017883301e-01,9.751521944999694824e-01,9.481319785118103027e-01,9.116193652153015137e-01,8.659799695014953613e-01,8.116706013679504395e-01,7.492351531982421875e-01,6.792985200881958008e-01,6.025610566139221191e-01
9.924095273017883301e-01,9.751521944999694824e-01,9.481319785118103027e-01,9.116193652153015137e-01,8.659799695014953613e-01,8.116706013679504395e-01,7.492351531982421875e-01,6.792985200881958008e-01,6.025610566139221191e-01,5.197908878326416016e-01
9.751521944999694824e-01,9.481319785118103027e-01,9.116193652153015137e-01,8.659799695014953613e-01,8.116706013679504395e-01,7.492351531982421875e-01,6.792985200881958008e-01,6.025610566139221191e-01,5.197908878326416016e-01,4.318167865276336670e-01
9.481319785118103027e-01,9.116193652153015137e-01,8.659799695014953613e-01,8.116706013679504395e-01,7.492351531982421875e-01,6.792985200881958008e-01,6.025610566139221191e-01,5.197908878326416016e-01,4.318167865276336670e-01,3.395194411277770996e-01
9.116193652153015137e-01,8.659799695014953613e-01,8.116706013679504395e-01,7.492351531982421875e-01,6.792985200881958008e-01,6.025610566139221191e-01,5.197908878326416016e-01,4.318167865276336670e-01,3.395194411277770996e-01,2.438229769468307495e-01
8.659799695014953613e-01,8.116706013679504395e-01,7.492351531982421875e-01,6.792985200881958008e-01,6.025610566139221191e-01,5.197908878326416016e-01,4.318167865276336670e-01,3.395194411277770996e-01,2.438229769468307495e-01,1.456854194402694702e-01
8.116706013679504395e-01,7.492351531982421875e-01,6.792985200881958008e-01,6.025610566139221191e-01,5.197908878326416016e-01,4.318167865276336670e-01,3.395194411277770996e-01,2.438229769468307495e-01,1.456854194402694702e-01,4.608932137489318848e-02
7.492351531982421875e-01,6.792985200881958008e-01,6.025610566139221191e-01,5.197908878326416016e-01,4.318167865276336670e-01,3.395194411277770996e-01,2.438229769468307495e-01,1.456854194402694702e-01,4.608932137489318848e-02,-5.396821349859237671e-02
6.792985200881958008e-01,6.025610566139221191e-01,5.197908878326416016e-01,4.318167865276336670e-01,3.395194411277770996e-01,2.438229769468307495e-01,1.456854194402694702e-01,4.608932137489318848e-02,-5.396821349859237671e-02,-1.534854322671890259e-01
6.025610566139221191e-01,5.197908878326416016e-01,4.318167865276336670e-01,3.395194411277770996e-01,2.438229769468307495e-01,1.456854194402694702e-01,4.608932137489318848e-02,-5.396821349859237671e-02,-1.534854322671890259e-01,-2.514660060405731201e-01
5.197908878326416016e-01,4.318167865276336670e-01,3.395194411277770996e-01,2.438229769468307495e-01,1.456854194402694702e-01,4.608932137489318848e-02,-5.396821349859237671e-02,-1.534854322671890259e-01,-2.514660060405731201e-01,-3.469290137290954590e-01
4.318167865276336670e-01,3.395194411277770996e-01,2.438229769468307495e-01,1.456854194402694702e-01,4.608932137489318848e-02,-5.396821349859237671e-02,-1.534854322671890259e-01,-2.514660060405731201e-01,-3.469290137290954590e-01,-4.389186501502990723e-01
3.395194411277770996e-01,2.438229769468307495e-01,1.456854194402694702e-01,4.608932137489318848e-02,-5.396821349859237671e-02,-1.534854322671890259e-01,-2.514660060405731201e-01,-3.469290137290954590e-01,-4.389186501502990723e-01,-5.265139937400817871e-01
2.438229769468307495e-01,1.456854194402694702e-01,4.608932137489318848e-02,-5.396821349859237671e-02,-1.534854322671890259e-01,-2.514660060405731201e-01,-3.469290137290954590e-01,-4.389186501502990723e-01,-5.265139937400817871e-01,-6.088380217552185059e-01
1.456854194402694702e-01,4.608932137489318848e-02,-5.396821349859237671e-02,-1.534854322671890259e-01,-2.514660060405731201e-01,-3.469290137290954590e-01,-4.389186501502990723e-01,-5.265139937400817871e-01,-6.088380217552185059e-01,-6.850666403770446777e-01
4.608932137489318848e-02,-5.396821349859237671e-02,-1.534854322671890259e-01,-2.514660060405731201e-01,-3.469290137290954590e-01,-4.389186501502990723e-01,-5.265139937400817871e-01,-6.088380217552185059e-01,-6.850666403770446777e-01,-7.544365525245666504e-01
-5.396821349859237671e-02,-1.534854322671890259e-01,-2.514660060405731201e-01,-3.469290137290954590e-01,-4.389186501502990723e-01,-5.265139937400817871e-01,-6.088380217552185059e-01,-6.850666403770446777e-01,-7.544365525245666504e-01,-8.162533044815063477e-01
-1.534854322671890259e-01,-2.514660060405731201e-01,-3.469290137290954590e-01,-4.389186501502990723e-01,-5.265139937400817871e-01,-6.088380217552185059e-01,-6.850666403770446777e-01,-7.544365525245666504e-01,-8.162533044815063477e-01,-8.698979616165161133e-01
-2.514660060405731201e-01,-3.469290137290954590e-01,-4.389186501502990723e-01,-5.265139937400817871e-01,-6.088380217552185059e-01,-6.850666403770446777e-01,-7.544365525245666504e-01,-8.162533044815063477e-01,-8.698979616165161133e-01,-9.148335456848144531e-01
-3.469290137290954590e-01,-4.389186501502990723e-01,-5.265139937400817871e-01,-6.088380217552185059e-01,-6.850666403770446777e-01,-7.544365525245666504e-01,-8.162533044815063477e-01,-8.698979616165161133e-01,-9.148335456848144531e-01,-9.506101012229919434e-01
-4.389186501502990723e-01,-5.265139937400817871e-01,-6.088380217552185059e-01,-6.850666403770446777e-01,-7.544365525245666504e-01,-8.162533044815063477e-01,-8.698979616165161133e-01,-9.148335456848144531e-01,-9.506101012229919434e-01,-9.768694639205932617e-01
-5.265139937400817871e-01,-6.088380217552185059e-01,-6.850666403770446777e-01,-7.544365525245666504e-01,-8.162533044815063477e-01,-8.698979616165161133e-01,-9.148335456848144531e-01,-9.506101012229919434e-01,-9.768694639205932617e-01,-9.933487772941589355e-01
-6.088380217552185059e-01,-6.850666403770446777e-01,-7.544365525245666504e-01,-8.162533044815063477e-01,-8.698979616165161133e-01,-9.148335456848144531e-01,-9.506101012229919434e-01,-9.768694639205932617e-01,-9.933487772941589355e-01,-9.998829364776611328e-01
-6.850666403770446777e-01,-7.544365525245666504e-01,-8.162533044815063477e-01,-8.698979616165161133e-01,-9.148335456848144531e-01,-9.506101012229919434e-01,-9.768694639205932617e-01,-9.933487772941589355e-01,-9.998829364776611328e-01,-9.964066743850708008e-01
-7.544365525245666504e-01,-8.162533044815063477e-01,-8.698979616165161133e-01,-9.148335456848144531e-01,-9.506101012229919434e-01,-9.768694639205932617e-01,-9.933487772941589355e-01,-9.998829364776611328e-01,-9.964066743850708008e-01,-9.829546809196472168e-01
-8.162533044815063477e-01,-8.698979616165161133e-01,-9.148335456848144531e-01,-9.506101012229919434e-01,-9.768694639205932617e-01,-9.933487772941589355e-01,-9.998829364776611328e-01,-9.964066743850708008e-01,-9.829546809196472168e-01,-9.596616625785827637e-01
-8.698979616165161133e-01,-9.148335456848144531e-01,-9.506101012229919434e-01,-9.768694639205932617e-01,-9.933487772941589355e-01,-9.998829364776611328e-01,-9.964066743850708008e-01,-9.829546809196472168e-01,-9.596616625785827637e-01,-9.267608523368835449e-01
-9.148335456848144531e-01,-9.506101012229919434e-01,-9.768694639205932617e-01,-9.933487772941589355e-01,-9.998829364776611328e-01,-9.964066743850708008e-01,-9.829546809196472168e-01,-9.596616625785827637e-01,-9.267608523368835449e-01,-8.845816254615783691e-01
-9.506101012229919434e-01,-9.768694639205932617e-01,-9.933487772941589355e-01,-9.998829364776611328e-01,-9.964066743850708008e-01,-9.829546809196472168e-01,-9.596616625785827637e-01,-9.267608523368835449e-01,-8.845816254615783691e-01,-8.335462808609008789e-01
-9.768694639205932617e-01,-9.933487772941589355e-01,-9.998829364776611328e-01,-9.964066743850708008e-01,-9.829546809196472168e-01,-9.596616625785827637e-01,-9.267608523368835449e-01,-8.845816254615783691e-01,-8.335462808609008789e-01,-7.741656899452209473e-01
-9.933487772941589355e-01,-9.998829364776611328e-01,-9.964066743850708008e-01,-9.829546809196472168e-01,-9.596616625785827637e-01,-9.267608523368835449e-01,-8.845816254615783691e-01,-8.335462808609008789e-01,-7.741656899452209473e-01,-7.070344686508178711e-01
-9.998829364776611328e-01,-9.964066743850708008e-01,-9.829546809196472168e-01,-9.596616625785827637e-01,-9.267608523368835449e-01,-8.845816254615783691e-01,-8.335462808609008789e-01,-7.741656899452209473e-01,-7.070344686508178711e-01,-6.328246593475341797e-01
-9.964066743850708008e-01,-9.829546809196472168e-01,-9.596616625785827637e-01,-9.267608523368835449e-01,-8.845816254615783691e-01,-8.335462808609008789e-01,-7.741656899452209473e-01,-7.070344686508178711e-01,-6.328246593475341797e-01,-5.522791743278503418e-01
-9.829546809196472168e-01,-9.596616625785827637e-01,-9.267608523368835449e-01,-8.845816254615783691e-01,-8.335462808609008789e-01,-7.741656899452209473e-01,-7.070344686508178711e-01,-6.328246593475341797e-01,-5.522791743278503418e-01,-4.662044644355773926e-01
-9.596616625785827637e-01,-9.267608523368835449e-01,-8.845816254615783691e-01,-8.335462808609008789e-01,-7.741656899452209473e-01,-7.070344686508178711e-01,-6.328246593475341797e-01,-5.522791743278503418e-01,-4.662044644355773926e-01,-3.754622936248779297e-01
-9.267608523368835449e-01,-8.845816254615783691e-01,-8.335462808609008789e-01,-7.741656899452209473e-01,-7.070344686508178711e-01,-6.328246593475341797e-01,-5.522791743278503418e-01,-4.662044644355773926e-01,-3.754622936248779297e-01,-2.809610962867736816e-01
-8.845816254615783691e-01,-8.335462808609008789e-01,-7.741656899452209473e-01,-7.070344686508178711e-01,-6.328246593475341797e-01,-5.522791743278503418e-01,-4.662044644355773926e-01,-3.754622936248779297e-01,-2.809610962867736816e-01,-1.836470216512680054e-01
-8.335462808609008789e-01,-7.741656899452209473e-01,-7.070344686508178711e-01,-6.328246593475341797e-01,-5.522791743278503418e-01,-4.662044644355773926e-01,-3.754622936248779297e-01,-2.809610962867736816e-01,-1.836470216512680054e-01,-8.449434489011764526e-02
-7.741656899452209473e-01,-7.070344686508178711e-01,-6.328246593475341797e-01,-5.522791743278503418e-01,-4.662044644355773926e-01,-3.754622936248779297e-01,-2.809610962867736816e-01,-1.836470216512680054e-01,-8.449434489011764526e-02,1.550427451729774475e-02
-7.070344686508178711e-01,-6.328246593475341797e-01,-5.522791743278503418e-01,-4.662044644355773926e-01,-3.754622936248779297e-01,-2.809610962867736816e-01,-1.836470216512680054e-01,-8.449434489011764526e-02,1.550427451729774475e-02,1.153476685285568237e-01
-6.328246593475341797e-01,-5.522791743278503418e-01,-4.662044644355773926e-01,-3.754622936248779297e-01,-2.809610962867736816e-01,-1.836470216512680054e-01,-8.449434489011764526e-02,1.550427451729774475e-02,1.153476685285568237e-01,2.140362411737442017e-01
-5.522791743278503418e-01,-4.662044644355773926e-01,-3.754622936248779297e-01,-2.809610962867736816e-01,-1.836470216512680054e-01,-8.449434489011764526e-02,1.550427451729774475e-02,1.153476685285568237e-01,2.140362411737442017e-01,3.105819523334503174e-01
-4.662044644355773926e-01,-3.754622936248779297e-01,-2.809610962867736816e-01,-1.836470216512680054e-01,-8.449434489011764526e-02,1.550427451729774475e-02,1.153476685285568237e-01,2.140362411737442017e-01,3.105819523334503174e-01,4.040182232856750488e-01
-3.754622936248779297e-01,-2.809610962867736816e-01,-1.836470216512680054e-01,-8.449434489011764526e-02,1.550427451729774475e-02,1.153476685285568237e-01,2.140362411737442017e-01,3.105819523334503174e-01,4.040182232856750488e-01,4.934095740318298340e-01
-2.809610962867736816e-01,-1.836470216512680054e-01,-8.449434489011764526e-02,1.550427451729774475e-02,1.153476685285568237e-01,2.140362411737442017e-01,3.105819523334503174e-01,4.040182232856750488e-01,4.934095740318298340e-01,5.778611302375793457e-01
-1.836470216512680054e-01,-8.449434489011764526e-02,1.550427451729774475e-02,1.153476685285568237e-01,2.140362411737442017e-01,3.105819523334503174e-01,4.040182232856750488e-01,4.934095740318298340e-01,5.778611302375793457e-01,6.565272808074951172e-01
-8.449434489011764526e-02,1.550427451729774475e-02,1.153476685285568237e-01,2.140362411737442017e-01,3.105819523334503174e-01,4.040182232856750488e-01,4.934095740318298340e-01,5.778611302375793457e-01,6.565272808074951172e-01,7.286205291748046875e-01
1.550427451729774475e-02,1.153476685285568237e-01,2.140362411737442017e-01,3.105819523334503174e-01,4.040182232856750488e-01,4.934095740318298340e-01,5.778611302375793457e-01,6.565272808074951172e-01,7.286205291748046875e-01,7.934190630912780762e-01
1.153476685285568237e-01,2.140362411737442017e-01,3.105819523334503174e-01,4.040182232856750488e-01,4.934095740318298340e-01,5.778611302375793457e-01,6.565272808074951172e-01,7.286205291748046875e-01,7.934190630912780762e-01,8.502741456031799316e-01
2.140362411737442017e-01,3.105819523334503174e-01,4.040182232856750488e-01,4.934095740318298340e-01,5.778611302375793457e-01,6.565272808074951172e-01,7.286205291748046875e-01,7.934190630912780762e-01,8.502741456031799316e-01,8.986165523529052734e-01
3.105819523334503174e-01,4.040182232856750488e-01,4.934095740318298340e-01,5.778611302375793457e-01,6.565272808074951172e-01,7.286205291748046875e-01,7.934190630912780762e-01,8.502741456031799316e-01,8.986165523529052734e-01,9.379623532295227051e-01
4.040182232856750488e-01,4.934095740318298340e-01,5.778611302375793457e-01,6.565272808074951172e-01,7.286205291748046875e-01,7.934190630912780762e-01,8.502741456031799316e-01,8.986165523529052734e-01,9.379623532295227051e-01,9.679175615310668945e-01
4.934095740318298340e-01,5.778611302375793457e-01,6.565272808074951172e-01,7.286205291748046875e-01,7.934190630912780762e-01,8.502741456031799316e-01,8.986165523529052734e-01,9.379623532295227051e-01,9.679175615310668945e-01,9.881823062896728516e-01
5.778611302375793457e-01,6.565272808074951172e-01,7.286205291748046875e-01,7.934190630912780762e-01,8.502741456031799316e-01,8.986165523529052734e-01,9.379623532295227051e-01,9.679175615310668945e-01,9.881823062896728516e-01,9.985536932945251465e-01
6.565272808074951172e-01,7.286205291748046875e-01,7.934190630912780762e-01,8.502741456031799316e-01,8.986165523529052734e-01,9.379623532295227051e-01,9.679175615310668945e-01,9.881823062896728516e-01,9.985536932945251465e-01,9.989278912544250488e-01
7.286205291748046875e-01,7.934190630912780762e-01,8.502741456031799316e-01,8.986165523529052734e-01,9.379623532295227051e-01,9.679175615310668945e-01,9.881823062896728516e-01,9.985536932945251465e-01,9.989278912544250488e-01,9.893011450767517090e-01
7.934190630912780762e-01,8.502741456031799316e-01,8.986165523529052734e-01,9.379623532295227051e-01,9.679175615310668945e-01,9.881823062896728516e-01,9.985536932945251465e-01,9.989278912544250488e-01,9.893011450767517090e-01,9.697698950767517090e-01
8.502741456031799316e-01,8.986165523529052734e-01,9.379623532295227051e-01,9.679175615310668945e-01,9.881823062896728516e-01,9.985536932945251465e-01,9.989278912544250488e-01,9.893011450767517090e-01,9.697698950767517090e-01,9.405295848846435547e-01
8.986165523529052734e-01,9.379623532295227051e-01,9.679175615310668945e-01,9.881823062896728516e-01,9.985536932945251465e-01,9.989278912544250488e-01,9.893011450767517090e-01,9.697698950767517090e-01,9.405295848846435547e-01,9.018729925155639648e-01
9.379623532295227051e-01,9.679175615310668945e-01,9.881823062896728516e-01,9.985536932945251465e-01,9.989278912544250488e-01,9.893011450767517090e-01,9.697698950767517090e-01,9.405295848846435547e-01,9.018729925155639648e-01,8.541871905326843262e-01
9.679175615310668945e-01,9.881823062896728516e-01,9.985536932945251465e-01,9.989278912544250488e-01,9.893011450767517090e-01,9.697698950767517090e-01,9.405295848846435547e-01,9.018729925155639648e-01,8.541871905326843262e-01,7.979495525360107422e-01
9.881823062896728516e-01,9.985536932945251465e-01,9.989278912544250488e-01,9.893011450767517090e-01,9.697698950767517090e-01,9.405295848846435547e-01,9.018729925155639648e-01,8.541871905326843262e-01,7.979495525360107422e-01,7.337231040000915527e-01
9.985536932945251465e-01,9.989278912544250488e-01,9.893011450767517090e-01,9.697698950767517090e-01,9.405295848846435547e-01,9.018729925155639648e-01,8.541871905326843262e-01,7.979495525360107422e-01,7.337231040000915527e-01,6.621508598327636719e-01
9.989278912544250488e-01,9.893011450767517090e-01,9.697698950767517090e-01,9.405295848846435547e-01,9.018729925155639648e-01,8.541871905326843262e-01,7.979495525360107422e-01,7.337231040000915527e-01,6.621508598327636719e-01,5.839493870735168457e-01
9.893011450767517090e-01,9.697698950767517090e-01,9.405295848846435547e-01,9.018729925155639648e-01,8.541871905326843262e-01,7.979495525360107422e-01,7.337231040000915527e-01,6.621508598327636719e-01,5.839493870735168457e-01,4.999015927314758301e-01
9.697698950767517090e-01,9.405295848846435547e-01,9.018729925155639648e-01,8.541871905326843262e-01,7.979495525360107422e-01,7.337231040000915527e-01,6.621508598327636719e-01,5.839493870735168457e-01,4.999015927314758301e-01,4.108489751815795898e-01
9.405295848846435547e-01,9.018729925155639648e-01,8.541871905326843262e-01,7.979495525360107422e-01,7.337231040000915527e-01,6.621508598327636719e-01,5.839493870735168457e-01,4.999015927314758301e-01,4.108489751815795898e-01,3.176830410957336426e-01
9.018729925155639648e-01,8.541871905326843262e-01,7.979495525360107422e-01,7.337231040000915527e-01,6.621508598327636719e-01,5.839493870735168457e-01,4.999015927314758301e-01,4.108489751815795898e-01,3.176830410957336426e-01,2.213366031646728516e-01
8.541871905326843262e-01,7.979495525360107422e-01,7.337231040000915527e-01,6.621508598327636719e-01,5.839493870735168457e-01,4.999015927314758301e-01,4.108489751815795898e-01,3.176830410957336426e-01,2.213366031646728516e-01,1.227742061018943787e-01
7.979495525360107422e-01,7.337231040000915527e-01,6.621508598327636719e-01,5.839493870735168457e-01,4.999015927314758301e-01,4.108489751815795898e-01,3.176830410957336426e-01,2.213366031646728516e-01,1.227742061018943787e-01,2.298263087868690491e-02
7.337231040000915527e-01,6.621508598327636719e-01,5.839493870735168457e-01,4.999015927314758301e-01,4.108489751815795898e-01,3.176830410957336426e-01,2.213366031646728516e-01,1.227742061018943787e-01,2.298263087868690491e-02,-7.703903317451477051e-02
6.621508598327636719e-01,5.839493870735168457e-01,4.999015927314758301e-01,4.108489751815795898e-01,3.176830410957336426e-01,2.213366031646728516e-01,1.227742061018943787e-01,2.298263087868690491e-02,-7.703903317451477051e-02,-1.762894093990325928e-01
5.839493870735168457e-01,4.999015927314758301e-01,4.108489751815795898e-01,3.176830410957336426e-01,2.213366031646728516e-01,1.227742061018943787e-01,2.298263087868690491e-02,-7.703903317451477051e-02,-1.762894093990325928e-01,-2.737748324871063232e-01
4.999015927314758301e-01,4.108489751815795898e-01,3.176830410957336426e-01,2.213366031646728516e-01,1.227742061018943787e-01,2.298263087868690491e-02,-7.703903317451477051e-02,-1.762894093990325928e-01,-2.737748324871063232e-01,-3.685193359851837158e-01
4.108489751815795898e-01,3.176830410957336426e-01,2.213366031646728516e-01,1.227742061018943787e-01,2.298263087868690491e-02,-7.703903317451477051e-02,-1.762894093990325928e-01,-2.737748324871063232e-01,-3.685193359851837158e-01,-4.595743119716644287e-01
3.176830410957336426e-01,2.213366031646728516e-01,1.227742061018943787e-01,2.298263087868690491e-02,-7.703903317451477051e-02,-1.762894093990325928e-01,-2.737748324871063232e-01,-3.685193359851837158e-01,-4.595743119716644287e-01,-5.460281968116760254e-01
2.213366031646728516e-01,1.227742061018943787e-01,2.298263087868690491e-02,-7.703903317451477051e-02,-1.762894093990325928e-01,-2.737748324871063232e-01,-3.685193359851837158e-01,-4.595743119716644287e-01,-5.460281968116760254e-01,-6.270154714584350586e-01
1.227742061018943787e-01,2.298263087868690491e-02,-7.703903317451477051e-02,-1.762894093990325928e-01,-2.737748324871063232e-01,-3.685193359851837158e-01,-4.595743119716644287e-01,-5.460281968116760254e-01,-6.270154714584350586e-01,-7.017251849174499512e-01
2.298263087868690491e-02,-7.703903317451477051e-02,-1.762894093990325928e-01,-2.737748324871063232e-01,-3.685193359851837158e-01,-4.595743119716644287e-01,-5.460281968116760254e-01,-6.270154714584350586e-01,-7.017251849174499512e-01,-7.694095373153686523e-01
-7.703903317451477051e-02,-1.762894093990325928e-01,-2.737748324871063232e-01,-3.685193359851837158e-01,-4.595743119716644287e-01,-5.460281968116760254e-01,-6.270154714584350586e-01,-7.017251849174499512e-01,-7.694095373153686523e-01,-8.293908238410949707e-01
-1.762894093990325928e-01,-2.737748324871063232e-01,-3.685193359851837158e-01,-4.595743119716644287e-01,-5.460281968116760254e-01,-6.270154714584350586e-01,-7.017251849174499512e-01,-7.694095373153686523e-01,-8.293908238410949707e-01,-8.810684680938720703e-01
-2.737748324871063232e-01,-3.685193359851837158e-01,-4.595743119716644287e-01,-5.460281968116760254e-01,-6.270154714584350586e-01,-7.017251849174499512e-01,-7.694095373153686523e-01,-8.293908238410949707e-01,-8.810684680938720703e-01,-9.239251613616943359e-01
-3.685193359851837158e-01,-4.595743119716644287e-01,-5.460281968116760254e-01,-6.270154714584350586e-01,-7.017251849174499512e-01,-7.694095373153686523e-01,-8.293908238410949707e-01,-8.810684680938720703e-01,-9.239251613616943359e-01,-9.575318694114685059e-01
-4.595743119716644287e-01,-5.460281968116760254e-01,-6.270154714584350586e-01,-7.017251849174499512e-01,-7.694095373153686523e-01,-8.293908238410949707e-01,-8.810684680938720703e-01,-9.239251613616943359e-01,-9.575318694114685059e-01,-9.815520644187927246e-01
-5.460281968116760254e-01,-6.270154714584350586e-01,-7.017251849174499512e-01,-7.694095373153686523e-01,-8.293908238410949707e-01,-8.810684680938720703e-01,-9.239251613616943359e-01,-9.575318694114685059e-01,-9.815520644187927246e-01,-9.957452416419982910e-01
-6.270154714584350586e-01,-7.017251849174499512e-01,-7.694095373153686523e-01,-8.293908238410949707e-01,-8.810684680938720703e-01,-9.239251613616943359e-01,-9.575318694114685059e-01,-9.815520644187927246e-01,-9.957452416419982910e-01,-9.999694228172302246e-01
-7.017251849174499512e-01,-7.694095373153686523e-01,-8.293908238410949707e-01,-8.810684680938720703e-01,-9.239251613616943359e-01,-9.575318694114685059e-01,-9.815520644187927246e-01,-9.957452416419982910e-01,-9.999694228172302246e-01,-9.941822290420532227e-01
-7.694095373153686523e-01,-8.293908238410949707e-01,-8.810684680938720703e-01,-9.239251613616943359e-01,-9.575318694114685059e-01,-9.815520644187927246e-01,-9.957452416419982910e-01,-9.999694228172302246e-01,-9.941822290420532227e-01,-9.784415960311889648e-01
-8.293908238410949707e-01,-8.810684680938720703e-01,-9.239251613616943359e-01,-9.575318694114685059e-01,-9.815520644187927246e-01,-9.957452416419982910e-01,-9.999694228172302246e-01,-9.941822290420532227e-01,-9.784415960311889648e-01,-9.529051184654235840e-01
-8.810684680938720703e-01,-9.239251613616943359e-01,-9.575318694114685059e-01,-9.815520644187927246e-01,-9.957452416419982910e-01,-9.999694228172302246e-01,-9.941822290420532227e-01,-9.784415960311889648e-01,-9.529051184654235840e-01,-9.178285002708435059e-01
-9.239251613616943359e-01,-9.575318694114685059e-01,-9.815520644187927246e-01,-9.957452416419982910e-01,-9.999694228172302246e-01,-9.941822290420532227e-01,-9.784415960311889648e-01,-9.529051184654235840e-01,-9.178285002708435059e-01,-8.735628724098205566e-01
-9.575318694114685059e-01,-9.815520644187927246e-01,-9.957452416419982910e-01,-9.999694228172302246e-01,-9.941822290420532227e-01,-9.784415960311889648e-01,-9.529051184654235840e-01,-9.178285002708435059e-01,-8.735628724098205566e-01,-8.205514550209045410e-01
-9.815520644187927246e-01,-9.957452416419982910e-01,-9.999694228172302246e-01,-9.941822290420532227e-01,-9.784415960311889648e-01,-9.529051184654235840e-01,-9.178285002708435059e-01,-8.735628724098205566e-01,-8.205514550209045410e-01,-7.593249082565307617e-01
-9.957452416419982910e-01,-9.999694228172302246e-01,-9.941822290420532227e-01,-9.784415960311889648e-01,-9.529051184654235840e-01,-9.178285002708435059e-01,-8.735628724098205566e-01,-8.205514550209045410e-01,-7.593249082565307617e-01,-6.904962658882141113e-01
-9.999694228172302246e-01,-9.941822290420532227e-01,-9.784415960311889648e-01,-9.529051184654235840e-01,-9.178285002708435059e-01,-8.735628724098205566e-01,-8.205514550209045410e-01,-7.593249082565307617e-01,-6.904962658882141113e-01,-6.147546172142028809e-01
-9.941822290420532227e-01,-9.784415960311889648e-01,-9.529051184654235840e-01,-9.178285002708435059e-01,-8.735628724098205566e-01,-8.205514550209045410e-01,-7.593249082565307617e-01,-6.904962658882141113e-01,-6.147546172142028809e-01,-5.328582525253295898e-01
-9.784415960311889648e-01,-9.529051184654235840e-01,-9.178285002708435059e-01,-8.735628724098205566e-01,-8.205514550209045410e-01,-7.593249082565307617e-01,-6.904962658882141113e-01,-6.147546172142028809e-01,-5.328582525253295898e-01,-4.456270635128021240e-01
-9.529051184654235840e-01,-9.178285002708435059e-01,-8.735628724098205566e-01,-8.205514550209045410e-01,-7.593249082565307617e-01,-6.904962658882141113e-01,-6.147546172142028809e-01,-5.328582525253295898e-01,-4.456270635128021240e-01,-3.539344370365142822e-01
-9.178285002708435059e-01,-8.735628724098205566e-01,-8.205514550209045410e-01,-7.593249082565307617e-01,-6.904962658882141113e-01,-6.147546172142028809e-01,-5.328582525253295898e-01,-4.456270635128021240e-01,-3.539344370365142822e-01,-2.586983144283294678e-01
-8.735628724098205566e-01,-8.205514550209045410e-01,-7.593249082565307617e-01,-6.904962658882141113e-01,-6.147546172142028809e-01,-5.328582525253295898e-01,-4.456270635128021240e-01,-3.539344370365142822e-01,-2.586983144283294678e-01,-1.608722060918807983e-01
-8.205514550209045410e-01,-7.593249082565307617e-01,-6.904962658882141113e-01,-6.147546172142028809e-01,-5.328582525253295898e-01,-4.456270635128021240e-01,-3.539344370365142822e-01,-2.586983144283294678e-01,-1.608722060918807983e-01,-6.143549457192420959e-02
-7.593249082565307617e-01,-6.904962658882141113e-01,-6.147546172142028809e-01,-5.328582525253295898e-01,-4.456270635128021240e-01,-3.539344370365142822e-01,-2.586983144283294678e-01,-1.608722060918807983e-01,-6.143549457192420959e-02,3.861629217863082886e-02
-6.904962658882141113e-01,-6.147546172142028809e-01,-5.328582525253295898e-01,-4.456270635128021240e-01,-3.539344370365142822e-01,-2.586983144283294678e-01,-1.608722060918807983e-01,-6.143549457192420959e-02,3.861629217863082886e-02,1.382814645767211914e-01
-6.147546172142028809e-01,-5.328582525253295898e-01,-4.456270635128021240e-01,-3.539344370365142822e-01,-2.586983144283294678e-01,-1.608722060918807983e-01,-6.143549457192420959e-02,3.861629217863082886e-02,1.382814645767211914e-01,2.365622073411941528e-01
-5.328582525253295898e-01,-4.456270635128021240e-01,-3.539344370365142822e-01,-2.586983144283294678e-01,-1.608722060918807983e-01,-6.143549457192420959e-02,3.861629217863082886e-02,1.382814645767211914e-01,2.365622073411941528e-01,3.324745595455169678e-01
-4.456270635128021240e-01,-3.539344370365142822e-01,-2.586983144283294678e-01,-1.608722060918807983e-01,-6.143549457192420959e-02,3.861629217863082886e-02,1.382814645767211914e-01,2.365622073411941528e-01,3.324745595455169678e-01,4.250583052635192871e-01
-3.539344370365142822e-01,-2.586983144283294678e-01,-1.608722060918807983e-01,-6.143549457192420959e-02,3.861629217863082886e-02,1.382814645767211914e-01,2.365622073411941528e-01,3.324745595455169678e-01,4.250583052635192871e-01,5.133864879608154297e-01
-2.586983144283294678e-01,-1.608722060918807983e-01,-6.143549457192420959e-02,3.861629217863082886e-02,1.382814645767211914e-01,2.365622073411941528e-01,3.324745595455169678e-01,4.250583052635192871e-01,5.133864879608154297e-01,5.965748429298400879e-01
-1.608722060918807983e-01,-6.143549457192420959e-02,3.861629217863082886e-02,1.382814645767211914e-01,2.365622073411941528e-01,3.324745595455169678e-01,4.250583052635192871e-01,5.133864879608154297e-01,5.965748429298400879e-01,6.737904548645019531e-01
-6.143549457192420959e-02,3.861629217863082886e-02,1.382814645767211914e-01,2.365622073411941528e-01,3.324745595455169678e-01,4.250583052635192871e-01,5.133864879608154297e-01,5.965748429298400879e-01,6.737904548645019531e-01,7.442603111267089844e-01
3.861629217863082886e-02,1.382814645767211914e-01,2.365622073411941528e-01,3.324745595455169678e-01,4.250583052635192871e-01,5.133864879608154297e-01,5.965748429298400879e-01,6.737904548645019531e-01,7.442603111267089844e-01,8.072789311408996582e-01
1.382814645767211914e-01,2.365622073411941528e-01,3.324745595455169678e-01,4.250583052635192871e-01,5.133864879608154297e-01,5.965748429298400879e-01,6.737904548645019531e-01,7.442603111267089844e-01,8.072789311408996582e-01,8.622152805328369141e-01
2.365622073411941528e-01,3.324745595455169678e-01,4.250583052635192871e-01,5.133864879608154297e-01,5.965748429298400879e-01,6.737904548645019531e-01,7.442603111267089844e-01,8.072789311408996582e-01,8.622152805328369141e-01,9.085194468498229980e-01
3.324745595455169678e-01,4.250583052635192871e-01,5.133864879608154297e-01,5.965748429298400879e-01,6.737904548645019531e-01,7.442603111267089844e-01,8.072789311408996582e-01,8.622152805328369141e-01,9.085194468498229980e-01,9.457278251647949219e-01
4.250583052635192871e-01,5.133864879608154297e-01,5.965748429298400879e-01,6.737904548645019531e-01,7.442603111267089844e-01,8.072789311408996582e-01,8.622152805328369141e-01,9.085194468498229980e-01,9.457278251647949219e-01,9.734678864479064941e-01
5.133864879608154297e-01,5.965748429298400879e-01,6.737904548645019531e-01,7.442603111267089844e-01,8.072789311408996582e-01,8.622152805328369141e-01,9.085194468498229980e-01,9.457278251647949219e-01,9.734678864479064941e-01,9.914619326591491699e-01
5.965748429298400879e-01,6.737904548645019531e-01,7.442603111267089844e-01,8.072789311408996582e-01,8.622152805328369141e-01,9.085194468498229980e-01,9.457278251647949219e-01,9.734678864479064941e-01,9.914619326591491699e-01,9.995297193527221680e-01
6.737904548645019531e-01,7.442603111267089844e-01,8.072789311408996582e-01,8.622152805328369141e-01,9.085194468498229980e-01,9.457278251647949219e-01,9.734678864479064941e-01,9.914619326591491699e-01,9.995297193527221680e-01,9.975906014442443848e-01
7.442603111267089844e-01,8.072789311408996582e-01,8.622152805328369141e-01,9.085194468498229980e-01,9.457278251647949219e-01,9.734678864479064941e-01,9.914619326591491699e-01,9.995297193527221680e-01,9.975906014442443848e-01,9.856639504432678223e-01
8.072789311408996582e-01,8.622152805328369141e-01,9.085194468498229980e-01,9.457278251647949219e-01,9.734678864479064941e-01,9.914619326591491699e-01,9.995297193527221680e-01,9.975906014442443848e-01,9.856639504432678223e-01,9.638691544532775879e-01
8.622152805328369141e-01,9.085194468498229980e-01,9.457278251647949219e-01,9.734678864479064941e-01,9.914619326591491699e-01,9.995297193527221680e-01,9.975906014442443848e-01,9.856639504432678223e-01,9.638691544532775879e-01,9.324244260787963867e-01
9.085194468498229980e-01,9.457278251647949219e-01,9.734678864479064941e-01,9.914619326591491699e-01,9.995297193527221680e-01,9.975906014442443848e-01,9.856639504432678223e-01,9.638691544532775879e-01,9.324244260787963867e-01,8.916445374488830566e-01
9.457278251647949219e-01,9.734678864479064941e-01,9.914619326591491699e-01,9.995297193527221680e-01,9.975906014442443848e-01,9.856639504432678223e-01,9.638691544532775879e-01,9.324244260787963867e-01,8.916445374488830566e-01,8.419378399848937988e-01
9.734678864479064941e-01,9.914619326591491699e-01,9.995297193527221680e-01,9.975906014442443848e-01,9.856639504432678223e-01,9.638691544532775879e-01,9.324244260787963867e-01,8.916445374488830566e-01,8.419378399848937988e-01,7.838019132614135742e-01
9.914619326591491699e-01,9.995297193527221680e-01,9.975906014442443848e-01,9.856639504432678223e-01,9.638691544532775879e-01,9.324244260787963867e-01,8.916445374488830566e-01,8.419378399848937988e-01,7.838019132614135742e-01,7.178188562393188477e-01
9.995297193527221680e-01,9.975906014442443848e-01,9.856639504432678223e-01,9.638691544532775879e-01,9.324244260787963867e-01,8.916445374488830566e-01,8.419378399848937988e-01,7.838019132614135742e-01,7.178188562393188477e-01,6.446492075920104980e-01
9.975906014442443848e-01,9.856639504432678223e-01,9.638691544532775879e-01,9.324244260787963867e-01,8.916445374488830566e-01,8.419378399848937988e-01,7.838019132614135742e-01,7.178188562393188477e-01,6.446492075920104980e-01,5.650255680084228516e-01
9.856639504432678223e-01,9.638691544532775879e-01,9.324244260787963867e-01,8.916445374488830566e-01,8.419378399848937988e-01,7.838019132614135742e-01,7.178188562393188477e-01,6.446492075920104980e-01,5.650255680084228516e-01,4.797450900077819824e-01
9.638691544532775879e-01,9.324244260787963867e-01,8.916445374488830566e-01,8.419378399848937988e-01,7.838019132614135742e-01,7.178188562393188477e-01,6.446492075920104980e-01,5.650255680084228516e-01,4.797450900077819824e-01,3.896615505218505859e-01
9.324244260787963867e-01,8.916445374488830566e-01,8.419378399848937988e-01,7.838019132614135742e-01,7.178188562393188477e-01,6.446492075920104980e-01,5.650255680084228516e-01,4.797450900077819824e-01,3.896615505218505859e-01,2.956768274307250977e-01
8.916445374488830566e-01,8.419378399848937988e-01,7.838019132614135742e-01,7.178188562393188477e-01,6.446492075920104980e-01,5.650255680084228516e-01,4.797450900077819824e-01,3.896615505218505859e-01,2.956768274307250977e-01,1.987319141626358032e-01
8.419378399848937988e-01,7.838019132614135742e-01,7.178188562393188477e-01,6.446492075920104980e-01,5.650255680084228516e-01,4.797450900077819824e-01,3.896615505218505859e-01,2.956768274307250977e-01,1.987319141626358032e-01,9.979735314846038818e-02
7.838019132614135742e-01,7.178188562393188477e-01,6.446492075920104980e-01,5.650255680084228516e-01,4.797450900077819824e-01,3.896615505218505859e-01,2.956768274307250977e-01,1.987319141626358032e-01,9.979735314846038818e-02,-1.363441697321832180e-04
7.178188562393188477e-01,6.446492075920104980e-01,5.650255680084228516e-01,4.797450900077819824e-01,3.896615505218505859e-01,2.956768274307250977e-01,1.987319141626358032e-01,9.979735314846038818e-02,-1.363441697321832180e-04,-1.000686734914779663e-01
6.446492075920104980e-01,5.650255680084228516e-01,4.797450900077819824e-01,3.896615505218505859e-01,2.956768274307250977e-01,1.987319141626358032e-01,9.979735314846038818e-02,-1.363441697321832180e-04,-1.000686734914779663e-01,-1.989991515874862671e-01
5.650255680084228516e-01,4.797450900077819824e-01,3.896615505218505859e-01,2.956768274307250977e-01,1.987319141626358032e-01,9.979735314846038818e-02,-1.363441697321832180e-04,-1.000686734914779663e-01,-1.989991515874862671e-01,-2.959373295307159424e-01
4.797450900077819824e-01,3.896615505218505859e-01,2.956768274307250977e-01,1.987319141626358032e-01,9.979735314846038818e-02,-1.363441697321832180e-04,-1.000686734914779663e-01,-1.989991515874862671e-01,-2.959373295307159424e-01,-3.899126648902893066e-01
3.896615505218505859e-01,2.956768274307250977e-01,1.987319141626358032e-01,9.979735314846038818e-02,-1.363441697321832180e-04,-1.000686734914779663e-01,-1.989991515874862671e-01,-2.959373295307159424e-01,-3.899126648902893066e-01,-4.799843132495880127e-01
2.956768274307250977e-01,1.987319141626358032e-01,9.979735314846038818e-02,-1.363441697321832180e-04,-1.000686734914779663e-01,-1.989991515874862671e-01,-2.959373295307159424e-01,-3.899126648902893066e-01,-4.799843132495880127e-01,-5.652505755424499512e-01
1.987319141626358032e-01,9.979735314846038818e-02,-1.363441697321832180e-04,-1.000686734914779663e-01,-1.989991515874862671e-01,-2.959373295307159424e-01,-3.899126648902893066e-01,-4.799843132495880127e-01,-5.652505755424499512e-01,-6.448576450347900391e-01
9.979735314846038818e-02,-1.363441697321832180e-04,-1.000686734914779663e-01,-1.989991515874862671e-01,-2.959373295307159424e-01,-3.899126648902893066e-01,-4.799843132495880127e-01,-5.652505755424499512e-01,-6.448576450347900391e-01,-7.180086970329284668e-01
-1.363441697321832180e-04,-1.000686734914779663e-01,-1.989991515874862671e-01,-2.959373295307159424e-01,-3.899126648902893066e-01,-4.799843132495880127e-01,-5.652505755424499512e-01,-6.448576450347900391e-01,-7.180086970329284668e-01,-7.839712500572204590e-01
-1.000686734914779663e-01,-1.989991515874862671e-01,-2.959373295307159424e-01,-3.899126648902893066e-01,-4.799843132495880127e-01,-5.652505755424499512e-01,-6.448576450347900391e-01,-7.180086970329284668e-01,-7.839712500572204590e-01,-8.420849442481994629e-01
-1.989991515874862671e-01,-2.959373295307159424e-01,-3.899126648902893066e-01,-4.799843132495880127e-01,-5.652505755424499512e-01,-6.448576450347900391e-01,-7.180086970329284668e-01,-7.839712500572204590e-01,-8.420849442481994629e-01,-8.917679786682128906e-01
-2.959373295307159424e-01,-3.899126648902893066e-01,-4.799843132495880127e-01,-5.652505755424499512e-01,-6.448576450347900391e-01,-7.180086970329284668e-01,-7.839712500572204590e-01,-8.420849442481994629e-01,-8.917679786682128906e-01,-9.325228929519653320e-01
-3.899126648902893066e-01,-4.799843132495880127e-01,-5.652505755424499512e-01,-6.448576450347900391e-01,-7.180086970329284668e-01,-7.839712500572204590e-01,-8.420849442481994629e-01,-8.917679786682128906e-01,-9.325228929519653320e-01,-9.639417529106140137e-01
-4.799843132495880127e-01,-5.652505755424499512e-01,-6.448576450347900391e-01,-7.180086970329284668e-01,-7.839712500572204590e-01,-8.420849442481994629e-01,-8.917679786682128906e-01,-9.325228929519653320e-01,-9.639417529106140137e-01,-9.857099056243896484e-01
-5.652505755424499512e-01,-6.448576450347900391e-01,-7.180086970329284668e-01,-7.839712500572204590e-01,-8.420849442481994629e-01,-8.917679786682128906e-01,-9.325228929519653320e-01,-9.639417529106140137e-01,-9.857099056243896484e-01,-9.976094961166381836e-01
-6.448576450347900391e-01,-7.180086970329284668e-01,-7.839712500572204590e-01,-8.420849442481994629e-01,-8.917679786682128906e-01,-9.325228929519653320e-01,-9.639417529106140137e-01,-9.857099056243896484e-01,-9.976094961166381836e-01,-9.995213747024536133e-01
-7.180086970329284668e-01,-7.839712500572204590e-01,-8.420849442481994629e-01,-8.917679786682128906e-01,-9.325228929519653320e-01,-9.639417529106140137e-01,-9.857099056243896484e-01,-9.976094961166381836e-01,-9.995213747024536133e-01,-9.914262890815734863e-01
-7.839712500572204590e-01,-8.420849442481994629e-01,-8.917679786682128906e-01,-9.325228929519653320e-01,-9.639417529106140137e-01,-9.857099056243896484e-01,-9.976094961166381836e-01,-9.995213747024536133e-01,-9.914262890815734863e-01,-9.734054803848266602e-01
-8.420849442481994629e-01,-8.917679786682128906e-01,-9.325228929519653320e-01,-9.639417529106140137e-01,-9.857099056243896484e-01,-9.976094961166381836e-01,-9.995213747024536133e-01,-9.914262890815734863e-01,-9.734054803848266602e-01,-9.456391930580139160e-01
-8.917679786682128906e-01,-9.325228929519653320e-01,-9.639417529106140137e-01,-9.857099056243896484e-01,-9.976094961166381836e-01,-9.995213747024536133e-01,-9.914262890815734863e-01,-9.734054803848266602e-01,-9.456391930580139160e-01,-9.084054827690124512e-01
-9.325228929519653320e-01,-9.639417529106140137e-01,-9.857099056243896484e-01,-9.976094961166381836e-01,-9.995213747024536133e-01,-9.914262890815734863e-01,-9.734054803848266602e-01,-9.456391930580139160e-01,-9.084054827690124512e-01,-8.620771169662475586e-01
-9.639417529106140137e-01,-9.857099056243896484e-01,-9.976094961166381836e-01,-9.995213747024536133e-01,-9.914262890815734863e-01,-9.734054803848266602e-01,-9.456391930580139160e-01,-9.084054827690124512e-01,-8.620771169662475586e-01,-8.071179389953613281e-01
-9.857099056243896484e-01,-9.976094961166381836e-01,-9.995213747024536133e-01,-9.914262890815734863e-01,-9.734054803848266602e-01,-9.456391930580139160e-01,-9.084054827690124512e-01,-8.620771169662475586e-01,-8.071179389953613281e-01,-7.440781593322753906e-01
-9.976094961166381836e-01,-9.995213747024536133e-01,-9.914262890815734863e-01,-9.734054803848266602e-01,-9.456391930580139160e-01,-9.084054827690124512e-01,-8.620771169662475586e-01,-8.071179389953613281e-01,-7.440781593322753906e-01,-6.735889315605163574e-01
-9.995213747024536133e-01,-9.914262890815734863e-01,-9.734054803848266602e-01,-9.456391930580139160e-01,-9.084054827690124512e-01,-8.620771169662475586e-01,-8.071179389953613281e-01,-7.440781593322753906e-01,-6.735889315605163574e-01,-5.963559746742248535e-01
-9.914262890815734863e-01,-9.734054803848266602e-01,-9.456391930580139160e-01,-9.084054827690124512e-01,-8.620771169662475586e-01,-8.071179389953613281e-01,-7.440781593322753906e-01,-6.735889315605163574e-01,-5.963559746742248535e-01,-5.131524801254272461e-01
-9.734054803848266602e-01,-9.456391930580139160e-01,-9.084054827690124512e-01,-8.620771169662475586e-01,-8.071179389953613281e-01,-7.440781593322753906e-01,-6.735889315605163574e-01,-5.963559746742248535e-01,-5.131524801254272461e-01,-4.248114526271820068e-01
-9.456391930580139160e-01,-9.084054827690124512e-01,-8.620771169662475586e-01,-8.071179389953613281e-01,-7.440781593322753906e-01,-6.735889315605163574e-01,-5.963559746742248535e-01,-5.131524801254272461e-01,-4.248114526271820068e-01,-3.322173655033111572e-01
-9.084054827690124512e-01,-8.620771169662475586e-01,-8.071179389953613281e-01,-7.440781593322753906e-01,-6.735889315605163574e-01,-5.963559746742248535e-01,-5.131524801254272461e-01,-4.248114526271820068e-01,-3.322173655033111572e-01,-2.362972497940063477e-01
-8.620771169662475586e-01,-8.071179389953613281e-01,-7.440781593322753906e-01,-6.735889315605163574e-01,-5.963559746742248535e-01,-5.131524801254272461e-01,-4.248114526271820068e-01,-3.322173655033111572e-01,-2.362972497940063477e-01,-1.380113810300827026e-01
-8.071179389953613281e-01,-7.440781593322753906e-01,-6.735889315605163574e-01,-5.963559746742248535e-01,-5.131524801254272461e-01,-4.248114526271820068e-01,-3.322173655033111572e-01,-2.362972497940063477e-01,-1.380113810300827026e-01,-3.834380581974983215e-02
-7.440781593322753906e-01,-6.735889315605163574e-01,-5.963559746742248535e-01,-5.131524801254272461e-01,-4.248114526271820068e-01,-3.322173655033111572e-01,-2.362972497940063477e-01,-1.380113810300827026e-01,-3.834380581974983215e-02,6.170766428112983704e-02
-6.735889315605163574e-01,-5.963559746742248535e-01,-5.131524801254272461e-01,-4.248114526271820068e-01,-3.322173655033111572e-01,-2.362972497940063477e-01,-1.380113810300827026e-01,-3.834380581974983215e-02,6.170766428112983704e-02,1.611413359642028809e-01
-5.963559746742248535e-01,-5.131524801254272461e-01,-4.248114526271820068e-01,-3.322173655033111572e-01,-2.362972497940063477e-01,-1.380113810300827026e-01,-3.834380581974983215e-02,6.170766428112983704e-02,1.611413359642028809e-01,2.589617073535919189e-01
-5.131524801254272461e-01,-4.248114526271820068e-01,-3.322173655033111572e-01,-2.362972497940063477e-01,-1.380113810300827026e-01,-3.834380581974983215e-02,6.170766428112983704e-02,1.611413359642028809e-01,2.589617073535919189e-01,3.541894555091857910e-01
-4.248114526271820068e-01,-3.322173655033111572e-01,-2.362972497940063477e-01,-1.380113810300827026e-01,-3.834380581974983215e-02,6.170766428112983704e-02,1.611413359642028809e-01,2.589617073535919189e-01,3.541894555091857910e-01,4.458711743354797363e-01
-3.322173655033111572e-01,-2.362972497940063477e-01,-1.380113810300827026e-01,-3.834380581974983215e-02,6.170766428112983704e-02,1.611413359642028809e-01,2.589617073535919189e-01,3.541894555091857910e-01,4.458711743354797363e-01,5.330889821052551270e-01
-2.362972497940063477e-01,-1.380113810300827026e-01,-3.834380581974983215e-02,6.170766428112983704e-02,1.611413359642028809e-01,2.589617073535919189e-01,3.541894555091857910e-01,4.458711743354797363e-01,5.330889821052551270e-01,6.149696707725524902e-01
-1.380113810300827026e-01,-3.834380581974983215e-02,6.170766428112983704e-02,1.611413359642028809e-01,2.589617073535919189e-01,3.541894555091857910e-01,4.458711743354797363e-01,5.330889821052551270e-01,6.149696707725524902e-01,6.906934976577758789e-01
-3.834380581974983215e-02,6.170766428112983704e-02,1.611413359642028809e-01,2.589617073535919189e-01,3.541894555091857910e-01,4.458711743354797363e-01,5.330889821052551270e-01,6.149696707725524902e-01,6.906934976577758789e-01,7.595022916793823242e-01
6.170766428112983704e-02,1.611413359642028809e-01,2.589617073535919189e-01,3.541894555091857910e-01,4.458711743354797363e-01,5.330889821052551270e-01,6.149696707725524902e-01,6.906934976577758789e-01,7.595022916793823242e-01,8.207072615623474121e-01
1.611413359642028809e-01,2.589617073535919189e-01,3.541894555091857910e-01,4.458711743354797363e-01,5.330889821052551270e-01,6.149696707725524902e-01,6.906934976577758789e-01,7.595022916793823242e-01,8.207072615623474121e-01,8.736955523490905762e-01
2.589617073535919189e-01,3.541894555091857910e-01,4.458711743354797363e-01,5.330889821052551270e-01,6.149696707725524902e-01,6.906934976577758789e-01,7.595022916793823242e-01,8.207072615623474121e-01,8.736955523490905762e-01,9.179366827011108398e-01
3.541894555091857910e-01,4.458711743354797363e-01,5.330889821052551270e-01,6.149696707725524902e-01,6.906934976577758789e-01,7.595022916793823242e-01,8.207072615623474121e-01,8.736955523490905762e-01,9.179366827011108398e-01,9.529877901077270508e-01
4.458711743354797363e-01,5.330889821052551270e-01,6.149696707725524902e-01,6.906934976577758789e-01,7.595022916793823242e-01,8.207072615623474121e-01,8.736955523490905762e-01,9.179366827011108398e-01,9.529877901077270508e-01,9.784978628158569336e-01
5.330889821052551270e-01,6.149696707725524902e-01,6.906934976577758789e-01,7.595022916793823242e-01,8.207072615623474121e-01,8.736955523490905762e-01,9.179366827011108398e-01,9.529877901077270508e-01,9.784978628158569336e-01,9.942115545272827148e-01
6.149696707725524902e-01,6.906934976577758789e-01,7.595022916793823242e-01,8.207072615623474121e-01,8.736955523490905762e-01,9.179366827011108398e-01,9.529877901077270508e-01,9.784978628158569336e-01,9.942115545272827148e-01,9.999715089797973633e-01
6.906934976577758789e-01,7.595022916793823242e-01,8.207072615623474121e-01,8.736955523490905762e-01,9.179366827011108398e-01,9.529877901077270508e-01,9.784978628158569336e-01,9.942115545272827148e-01,9.999715089797973633e-01,9.957200884819030762e-01
7.595022916793823242e-01,8.207072615623474121e-01,8.736955523490905762e-01,9.179366827011108398e-01,9.529877901077270508e-01,9.784978628158569336e-01,9.942115545272827148e-01,9.999715089797973633e-01,9.957200884819030762e-01,9.814998507499694824e-01
8.207072615623474121e-01,8.736955523490905762e-01,9.179366827011108398e-01,9.529877901077270508e-01,9.784978628158569336e-01,9.942115545272827148e-01,9.999715089797973633e-01,9.957200884819030762e-01,9.814998507499694824e-01,9.574531912803649902e-01
8.736955523490905762e-01,9.179366827011108398e-01,9.529877901077270508e-01,9.784978628158569336e-01,9.942115545272827148e-01,9.999715089797973633e-01,9.957200884819030762e-01,9.814998507499694824e-01,9.574531912803649902e-01,9.238207936286926270e-01
9.179366827011108398e-01,9.529877901077270508e-01,9.784978628158569336e-01,9.942115545272827148e-01,9.999715089797973633e-01,9.957200884819030762e-01,9.814998507499694824e-01,9.574531912803649902e-01,9.238207936286926270e-01,8.809394836425781250e-01
9.529877901077270508e-01,9.784978628158569336e-01,9.942115545272827148e-01,9.999715089797973633e-01,9.957200884819030762e-01,9.814998507499694824e-01,9.574531912803649902e-01,9.238207936286926270e-01,8.809394836425781250e-01,8.292384147644042969e-01
9.784978628158569336e-01,9.942115545272827148e-01,9.999715089797973633e-01,9.957200884819030762e-01,9.814998507499694824e-01,9.574531912803649902e-01,9.238207936286926270e-01,8.809394836425781250e-01,8.292384147644042969e-01,7.692353129386901855e-01
9.942115545272827148e-01,9.999715089797973633e-01,9.957200884819030762e-01,9.814998507499694824e-01,9.574531912803649902e-01,9.238207936286926270e-01,8.809394836425781250e-01,8.292384147644042969e-01,7.692353129386901855e-01,7.015309333801269531e-01
9.999715089797973633e-01,9.957200884819030762e-01,9.814998507499694824e-01,9.574531912803649902e-01,9.238207936286926270e-01,8.809394836425781250e-01,8.292384147644042969e-01,7.692353129386901855e-01,7.015309333801269531e-01,6.268029808998107910e-01
9.957200884819030762e-01,9.814998507499694824e-01,9.574531912803649902e-01,9.238207936286926270e-01,8.809394836425781250e-01,8.292384147644042969e-01,7.692353129386901855e-01,7.015309333801269531e-01,6.268029808998107910e-01,5.457997322082519531e-01
9.814998507499694824e-01,9.574531912803649902e-01,9.238207936286926270e-01,8.809394836425781250e-01,8.292384147644042969e-01,7.692353129386901855e-01,7.015309333801269531e-01,6.268029808998107910e-01,5.457997322082519531e-01,4.593321084976196289e-01
9.574531912803649902e-01,9.238207936286926270e-01,8.809394836425781250e-01,8.292384147644042969e-01,7.692353129386901855e-01,7.015309333801269531e-01,6.268029808998107910e-01,5.457997322082519531e-01,4.593321084976196289e-01,3.682658076286315918e-01
9.238207936286926270e-01,8.809394836425781250e-01,8.292384147644042969e-01,7.692353129386901855e-01,7.015309333801269531e-01,6.268029808998107910e-01,5.457997322082519531e-01,4.593321084976196289e-01,3.682658076286315918e-01,2.735125720500946045e-01
8.809394836425781250e-01,8.292384147644042969e-01,7.692353129386901855e-01,7.015309333801269531e-01,6.268029808998107910e-01,5.457997322082519531e-01,4.593321084976196289e-01,3.682658076286315918e-01,2.735125720500946045e-01,1.760209947824478149e-01
8.292384147644042969e-01,7.692353129386901855e-01,7.015309333801269531e-01,6.268029808998107910e-01,5.457997322082519531e-01,4.593321084976196289e-01,3.682658076286315918e-01,2.735125720500946045e-01,1.760209947824478149e-01,7.676715403795242310e-02
7.692353129386901855e-01,7.015309333801269531e-01,6.268029808998107910e-01,5.457997322082519531e-01,4.593321084976196289e-01,3.682658076286315918e-01,2.735125720500946045e-01,1.760209947824478149e-01,7.676715403795242310e-02,-2.325524762272834778e-02
7.015309333801269531e-01,6.268029808998107910e-01,5.457997322082519531e-01,4.593321084976196289e-01,3.682658076286315918e-01,2.735125720500946045e-01,1.760209947824478149e-01,7.676715403795242310e-02,-2.325524762272834778e-02,-1.230448260903358459e-01
6.268029808998107910e-01,5.457997322082519531e-01,4.593321084976196289e-01,3.682658076286315918e-01,2.735125720500946045e-01,1.760209947824478149e-01,7.676715403795242310e-02,-2.325524762272834778e-02,-1.230448260903358459e-01,-2.216025143861770630e-01
5.457997322082519531e-01,4.593321084976196289e-01,3.682658076286315918e-01,2.735125720500946045e-01,1.760209947824478149e-01,7.676715403795242310e-02,-2.325524762272834778e-02,-1.230448260903358459e-01,-2.216025143861770630e-01,-3.179416060447692871e-01
4.593321084976196289e-01,3.682658076286315918e-01,2.735125720500946045e-01,1.760209947824478149e-01,7.676715403795242310e-02,-2.325524762272834778e-02,-1.230448260903358459e-01,-2.216025143861770630e-01,-3.179416060447692871e-01,-4.110975563526153564e-01
3.682658076286315918e-01,2.735125720500946045e-01,1.760209947824478149e-01,7.676715403795242310e-02,-2.325524762272834778e-02,-1.230448260903358459e-01,-2.216025143861770630e-01,-3.179416060447692871e-01,-4.110975563526153564e-01,-5.001377463340759277e-01
2.735125720500946045e-01,1.760209947824478149e-01,7.676715403795242310e-02,-2.325524762272834778e-02,-1.230448260903358459e-01,-2.216025143861770630e-01,-3.179416060447692871e-01,-4.110975563526153564e-01,-5.001377463340759277e-01,-5.841706991195678711e-01
1.760209947824478149e-01,7.676715403795242310e-02,-2.325524762272834778e-02,-1.230448260903358459e-01,-2.216025143861770630e-01,-3.179416060447692871e-01,-4.110975563526153564e-01,-5.001377463340759277e-01,-5.841706991195678711e-01,-6.623551845550537109e-01
7.676715403795242310e-02,-2.325524762272834778e-02,-1.230448260903358459e-01,-2.216025143861770630e-01,-3.179416060447692871e-01,-4.110975563526153564e-01,-5.001377463340759277e-01,-5.841706991195678711e-01,-6.623551845550537109e-01,-7.339083552360534668e-01
-2.325524762272834778e-02,-1.230448260903358459e-01,-2.216025143861770630e-01,-3.179416060447692871e-01,-4.110975563526153564e-01,-5.001377463340759277e-01,-5.841706991195678711e-01,-6.623551845550537109e-01,-7.339083552360534668e-01,-7.981138825416564941e-01
-1.230448260903358459e-01,-2.216025143861770630e-01,-3.179416060447692871e-01,-4.110975563526153564e-01,-5.001377463340759277e-01,-5.841706991195678711e-01,-6.623551845550537109e-01,-7.339083552360534668e-01,-7.981138825416564941e-01,-8.543289899826049805e-01
-2.216025143861770630e-01,-3.179416060447692871e-01,-4.110975563526153564e-01,-5.001377463340759277e-01,-5.841706991195678711e-01,-6.623551845550537109e-01,-7.339083552360534668e-01,-7.981138825416564941e-01,-8.543289899826049805e-01,-9.019907712936401367e-01
-3.179416060447692871e-01,-4.110975563526153564e-01,-5.001377463340759277e-01,-5.841706991195678711e-01,-6.623551845550537109e-01,-7.339083552360534668e-01,-7.981138825416564941e-01,-8.543289899826049805e-01,-9.019907712936401367e-01,-9.406221508979797363e-01
-4.110975563526153564e-01,-5.001377463340759277e-01,-5.841706991195678711e-01,-6.623551845550537109e-01,-7.339083552360534668e-01,-7.981138825416564941e-01,-8.543289899826049805e-01,-9.019907712936401367e-01,-9.406221508979797363e-01,-9.698363542556762695e-01
-5.001377463340759277e-01,-5.841706991195678711e-01,-6.623551845550537109e-01,-7.339083552360534668e-01,-7.981138825416564941e-01,-8.543289899826049805e-01,-9.019907712936401367e-01,-9.406221508979797363e-01,-9.698363542556762695e-01,-9.893409013748168945e-01
-5.841706991195678711e-01,-6.623551845550537109e-01,-7.339083552360534668e-01,-7.981138825416564941e-01,-8.543289899826049805e-01,-9.019907712936401367e-01,-9.406221508979797363e-01,-9.698363542556762695e-01,-9.893409013748168945e-01,-9.989404678344726562e-01
-6.623551845550537109e-01,-7.339083552360534668e-01,-7.981138825416564941e-01,-8.543289899826049805e-01,-9.019907712936401367e-01,-9.406221508979797363e-01,-9.698363542556762695e-01,-9.893409013748168945e-01,-9.989404678344726562e-01,-9.985389709472656250e-01
-7.339083552360534668e-01,-7.981138825416564941e-01,-8.543289899826049805e-01,-9.019907712936401367e-01,-9.406221508979797363e-01,-9.698363542556762695e-01,-9.893409013748168945e-01,-9.989404678344726562e-01,-9.985389709472656250e-01,-9.881404638290405273e-01
-7.981138825416564941e-01,-8.543289899826049805e-01,-9.019907712936401367e-01,-9.406221508979797363e-01,-9.698363542556762695e-01,-9.893409013748168945e-01,-9.989404678344726562e-01,-9.985389709472656250e-01,-9.881404638290405273e-01,-9.678489565849304199e-01
-8.543289899826049805e-01,-9.019907712936401367e-01,-9.406221508979797363e-01,-9.698363542556762695e-01,-9.893409013748168945e-01,-9.989404678344726562e-01,-9.985389709472656250e-01,-9.881404638290405273e-01,-9.678489565849304199e-01,-9.378677606582641602e-01
-9.019907712936401367e-01,-9.406221508979797363e-01,-9.698363542556762695e-01,-9.893409013748168945e-01,-9.989404678344726562e-01,-9.985389709472656250e-01,-9.881404638290405273e-01,-9.678489565849304199e-01,-9.378677606582641602e-01,-8.984968662261962891e-01
-9.406221508979797363e-01,-9.698363542556762695e-01,-9.893409013748168945e-01,-9.989404678344726562e-01,-9.985389709472656250e-01,-9.881404638290405273e-01,-9.678489565849304199e-01,-9.378677606582641602e-01,-8.984968662261962891e-01,-8.501305580139160156e-01
-9.698363542556762695e-01,-9.893409013748168945e-01,-9.989404678344726562e-01,-9.985389709472656250e-01,-9.881404638290405273e-01,-9.678489565849304199e-01,-9.378677606582641602e-01,-8.984968662261962891e-01,-8.501305580139160156e-01,-7.932530641555786133e-01
-9.893409013748168945e-01,-9.989404678344726562e-01,-9.985389709472656250e-01,-9.881404638290405273e-01,-9.678489565849304199e-01,-9.378677606582641602e-01,-8.984968662261962891e-01,-8.501305580139160156e-01,-7.932530641555786133e-01,-7.284337282180786133e-01
-9.989404678344726562e-01,-9.985389709472656250e-01,-9.881404638290405273e-01,-9.678489565849304199e-01,-9.378677606582641602e-01,-8.984968662261962891e-01,-8.501305580139160156e-01,-7.932530641555786133e-01,-7.284337282180786133e-01,-6.563215851783752441e-01
-9.985389709472656250e-01,-9.881404638290405273e-01,-9.678489565849304199e-01,-9.378677606582641602e-01,-8.984968662261962891e-01,-8.501305580139160156e-01,-7.932530641555786133e-01,-7.284337282180786133e-01,-6.563215851783752441e-01,-5.776385664939880371e-01
-9.881404638290405273e-01,-9.678489565849304199e-01,-9.378677606582641602e-01,-8.984968662261962891e-01,-8.501305580139160156e-01,-7.932530641555786133e-01,-7.284337282180786133e-01,-6.563215851783752441e-01,-5.776385664939880371e-01,-4.931723773479461670e-01
-9.678489565849304199e-01,-9.378677606582641602e-01,-8.984968662261962891e-01,-8.501305580139160156e-01,-7.932530641555786133e-01,-7.284337282180786133e-01,-6.563215851783752441e-01,-5.776385664939880371e-01,-4.931723773479461670e-01,-4.037687480449676514e-01
-9.378677606582641602e-01,-8.984968662261962891e-01,-8.501305580139160156e-01,-7.932530641555786133e-01,-7.284337282180786133e-01,-6.563215851783752441e-01,-5.776385664939880371e-01,-4.931723773479461670e-01,-4.037687480449676514e-01,-3.103227317333221436e-01
-8.984968662261962891e-01,-8.501305580139160156e-01,-7.932530641555786133e-01,-7.284337282180786133e-01,-6.563215851783752441e-01,-5.776385664939880371e-01,-4.931723773479461670e-01,-4.037687480449676514e-01,-3.103227317333221436e-01,-2.137698531150817871e-01
-8.501305580139160156e-01,-7.932530641555786133e-01,-7.284337282180786133e-01,-6.563215851783752441e-01,-5.776385664939880371e-01,-4.931723773479461670e-01,-4.037687480449676514e-01,-3.103227317333221436e-01,-2.137698531150817871e-01,-1.150767952203750610e-01
-7.932530641555786133e-01,-7.284337282180786133e-01,-6.563215851783752441e-01,-5.776385664939880371e-01,-4.931723773479461670e-01,-4.037687480449676514e-01,-3.103227317333221436e-01,-2.137698531150817871e-01,-1.150767952203750610e-01,-1.523161772638559341e-02
-7.284337282180786133e-01,-6.563215851783752441e-01,-5.776385664939880371e-01,-4.931723773479461670e-01,-4.037687480449676514e-01,-3.103227317333221436e-01,-2.137698531150817871e-01,-1.150767952203750610e-01,-1.523161772638559341e-02,8.476605266332626343e-02
-6.563215851783752441e-01,-5.776385664939880371e-01,-4.931723773479461670e-01,-4.037687480449676514e-01,-3.103227317333221436e-01,-2.137698531150817871e-01,-1.150767952203750610e-01,-1.523161772638559341e-02,8.476605266332626343e-02,1.839150786399841309e-01
-5.776385664939880371e-01,-4.931723773479461670e-01,-4.037687480449676514e-01,-3.103227317333221436e-01,-2.137698531150817871e-01,-1.150767952203750610e-01,-1.523161772638559341e-02,8.476605266332626343e-02,1.839150786399841309e-01,2.812227904796600342e-01
-4.931723773479461670e-01,-4.037687480449676514e-01,-3.103227317333221436e-01,-2.137698531150817871e-01,-1.150767952203750610e-01,-1.523161772638559341e-02,8.476605266332626343e-02,1.839150786399841309e-01,2.812227904796600342e-01,3.757150173187255859e-01
-4.037687480449676514e-01,-3.103227317333221436e-01,-2.137698531150817871e-01,-1.150767952203750610e-01,-1.523161772638559341e-02,8.476605266332626343e-02,1.839150786399841309e-01,2.812227904796600342e-01,3.757150173187255859e-01,4.664456844329833984e-01
-3.103227317333221436e-01,-2.137698531150817871e-01,-1.150767952203750610e-01,-1.523161772638559341e-02,8.476605266332626343e-02,1.839150786399841309e-01,2.812227904796600342e-01,3.757150173187255859e-01,4.664456844329833984e-01,5.525065064430236816e-01
-2.137698531150817871e-01,-1.150767952203750610e-01,-1.523161772638559341e-02,8.476605266332626343e-02,1.839150786399841309e-01,2.812227904796600342e-01,3.757150173187255859e-01,4.664456844329833984e-01,5.525065064430236816e-01,6.330357789993286133e-01
-1.150767952203750610e-01,-1.523161772638559341e-02,8.476605266332626343e-02,1.839150786399841309e-01,2.812227904796600342e-01,3.757150173187255859e-01,4.664456844329833984e-01,5.525065064430236816e-01,6.330357789993286133e-01,7.072272896766662598e-01
-1.523161772638559341e-02,8.476605266332626343e-02,1.839150786399841309e-01,2.812227904796600342e-01,3.757150173187255859e-01,4.664456844329833984e-01,5.525065064430236816e-01,6.330357789993286133e-01,7.072272896766662598e-01,7.743383049964904785e-01
8.476605266332626343e-02,1.839150786399841309e-01,2.812227904796600342e-01,3.757150173187255859e-01,4.664456844329833984e-01,5.525065064430236816e-01,6.330357789993286133e-01,7.072272896766662598e-01,7.743383049964904785e-01,8.336969017982482910e-01
1.839150786399841309e-01,2.812227904796600342e-01,3.757150173187255859e-01,4.664456844329833984e-01,5.525065064430236816e-01,6.330357789993286133e-01,7.072272896766662598e-01,7.743383049964904785e-01,8.336969017982482910e-01,8.847087621688842773e-01
2.812227904796600342e-01,3.757150173187255859e-01,4.664456844329833984e-01,5.525065064430236816e-01,6.330357789993286133e-01,7.072272896766662598e-01,7.743383049964904785e-01,8.336969017982482910e-01,8.847087621688842773e-01,9.268632531166076660e-01
3.757150173187255859e-01,4.664456844329833984e-01,5.525065064430236816e-01,6.330357789993286133e-01,7.072272896766662598e-01,7.743383049964904785e-01,8.336969017982482910e-01,8.847087621688842773e-01,9.268632531166076660e-01,9.597383141517639160e-01
4.664456844329833984e-01,5.525065064430236816e-01,6.330357789993286133e-01,7.072272896766662598e-01,7.743383049964904785e-01,8.336969017982482910e-01,8.847087621688842773e-01,9.268632531166076660e-01,9.597383141517639160e-01,9.830047488212585449e-01
5.525065064430236816e-01,6.330357789993286133e-01,7.072272896766662598e-01,7.743383049964904785e-01,8.336969017982482910e-01,8.847087621688842773e-01,9.268632531166076660e-01,9.597383141517639160e-01,9.830047488212585449e-01,9.964297413825988770e-01
6.330357789993286133e-01,7.072272896766662598e-01,7.743383049964904785e-01,8.336969017982482910e-01,8.847087621688842773e-01,9.268632531166076660e-01,9.597383141517639160e-01,9.830047488212585449e-01,9.964297413825988770e-01,9.998787641525268555e-01
7.072272896766662598e-01,7.743383049964904785e-01,8.336969017982482910e-01,8.847087621688842773e-01,9.268632531166076660e-01,9.597383141517639160e-01,9.830047488212585449e-01,9.964297413825988770e-01,9.998787641525268555e-01,9.933173060417175293e-01
7.743383049964904785e-01,8.336969017982482910e-01,8.847087621688842773e-01,9.268632531166076660e-01,9.597383141517639160e-01,9.830047488212585449e-01,9.964297413825988770e-01,9.998787641525268555e-01,9.933173060417175293e-01,9.768111109733581543e-01
8.336969017982482910e-01,8.847087621688842773e-01,9.268632531166076660e-01,9.597383141517639160e-01,9.830047488212585449e-01,9.964297413825988770e-01,9.998787641525268555e-01,9.933173060417175293e-01,9.768111109733581543e-01,9.505254030227661133e-01
8.847087621688842773e-01,9.268632531166076660e-01,9.597383141517639160e-01,9.830047488212585449e-01,9.964297413825988770e-01,9.998787641525268555e-01,9.933173060417175293e-01,9.768111109733581543e-01,9.505254030227661133e-01,9.147233963012695312e-01
9.268632531166076660e-01,9.597383141517639160e-01,9.830047488212585449e-01,9.964297413825988770e-01,9.998787641525268555e-01,9.933173060417175293e-01,9.768111109733581543e-01,9.505254030227661133e-01,9.147233963012695312e-01,8.697634339332580566e-01
9.597383141517639160e-01,9.830047488212585449e-01,9.964297413825988770e-01,9.998787641525268555e-01,9.933173060417175293e-01,9.768111109733581543e-01,9.505254030227661133e-01,9.147233963012695312e-01,8.697634339332580566e-01,8.160957098007202148e-01
9.830047488212585449e-01,9.964297413825988770e-01,9.998787641525268555e-01,9.933173060417175293e-01,9.768111109733581543e-01,9.505254030227661133e-01,9.147233963012695312e-01,8.697634339332580566e-01,8.160957098007202148e-01,7.542575001716613770e-01
9.964297413825988770e-01,9.998787641525268555e-01,9.933173060417175293e-01,9.768111109733581543e-01,9.505254030227661133e-01,9.147233963012695312e-01,8.697634339332580566e-01,8.160957098007202148e-01,7.542575001716613770e-01,6.848679184913635254e-01
9.998787641525268555e-01,9.933173060417175293e-01,9.768111109733581543e-01,9.505254030227661133e-01,9.147233963012695312e-01,8.697634339332580566e-01,8.160957098007202148e-01,7.542575001716613770e-01,6.848679184913635254e-01,6.086217164993286133e-01
9.933173060417175293e-01,9.768111109733581543e-01,9.505254030227661133e-01,9.147233963012695312e-01,8.697634339332580566e-01,8.160957098007202148e-01,7.542575001716613770e-01,6.848679184913635254e-01,6.086217164993286133e-01,5.262821316719055176e-01
9.768111109733581543e-01,9.505254030227661133e-01,9.147233963012695312e-01,8.697634339332580566e-01,8.160957098007202148e-01,7.542575001716613770e-01,6.848679184913635254e-01,6.086217164993286133e-01,5.262821316719055176e-01,4.386736154556274414e-01
9.505254030227661133e-01,9.147233963012695312e-01,8.697634339332580566e-01,8.160957098007202148e-01,7.542575001716613770e-01,6.848679184913635254e-01,6.086217164993286133e-01,5.262821316719055176e-01,4.386736154556274414e-01,3.466732203960418701e-01
9.147233963012695312e-01,8.697634339332580566e-01,8.160957098007202148e-01,7.542575001716613770e-01,6.848679184913635254e-01,6.086217164993286133e-01,5.262821316719055176e-01,4.386736154556274414e-01,3.466732203960418701e-01,2.512020766735076904e-01
8.697634339332580566e-01,8.160957098007202148e-01,7.542575001716613770e-01,6.848679184913635254e-01,6.086217164993286133e-01,5.262821316719055176e-01,4.386736154556274414e-01,3.466732203960418701e-01,2.512020766735076904e-01,1.532159745693206787e-01
8.160957098007202148e-01,7.542575001716613770e-01,6.848679184913635254e-01,6.086217164993286133e-01,5.262821316719055176e-01,4.386736154556274414e-01,3.466732203960418701e-01,2.512020766735076904e-01,1.532159745693206787e-01,5.369592085480690002e-02
7.542575001716613770e-01,6.848679184913635254e-01,6.086217164993286133e-01,5.262821316719055176e-01,4.386736154556274414e-01,3.466732203960418701e-01,2.512020766735076904e-01,1.532159745693206787e-01,5.369592085480690002e-02,-4.636171832680702209e-02
6.848679184913635254e-01,6.086217164993286133e-01,5.262821316719055176e-01,4.386736154556274414e-01,3.466732203960418701e-01,2.512020766735076904e-01,1.532159745693206787e-01,5.369592085480690002e-02,-4.636171832680702209e-02,-1.459552049636840820e-01
6.086217164993286133e-01,5.262821316719055176e-01,4.386736154556274414e-01,3.466732203960418701e-01,2.512020766735076904e-01,1.532159745693206787e-01,5.369592085480690002e-02,-4.636171832680702209e-02,-1.459552049636840820e-01,-2.440874278545379639e-01
5.262821316719055176e-01,4.386736154556274414e-01,3.466732203960418701e-01,2.512020766735076904e-01,1.532159745693206787e-01,5.369592085480690002e-02,-4.636171832680702209e-02,-1.459552049636840820e-01,-2.440874278545379639e-01,-3.397759199142456055e-01
4.386736154556274414e-01,3.466732203960418701e-01,2.512020766735076904e-01,1.532159745693206787e-01,5.369592085480690002e-02,-4.636171832680702209e-02,-1.459552049636840820e-01,-2.440874278545379639e-01,-3.397759199142456055e-01,-4.320627152919769287e-01
3.466732203960418701e-01,2.512020766735076904e-01,1.532159745693206787e-01,5.369592085480690002e-02,-4.636171832680702209e-02,-1.459552049636840820e-01,-2.440874278545379639e-01,-3.397759199142456055e-01,-4.320627152919769287e-01,-5.200238227844238281e-01
2.512020766735076904e-01,1.532159745693206787e-01,5.369592085480690002e-02,-4.636171832680702209e-02,-1.459552049636840820e-01,-2.440874278545379639e-01,-3.397759199142456055e-01,-4.320627152919769287e-01,-5.200238227844238281e-01,-6.027786135673522949e-01
1.532159745693206787e-01,5.369592085480690002e-02,-4.636171832680702209e-02,-1.459552049636840820e-01,-2.440874278545379639e-01,-3.397759199142456055e-01,-4.320627152919769287e-01,-5.200238227844238281e-01,-6.027786135673522949e-01,-6.794986128807067871e-01
5.369592085480690002e-02,-4.636171832680702209e-02,-1.459552049636840820e-01,-2.440874278545379639e-01,-3.397759199142456055e-01,-4.320627152919769287e-01,-5.200238227844238281e-01,-6.027786135673522949e-01,-6.794986128807067871e-01,-7.494156956672668457e-01
-4.636171832680702209e-02,-1.459552049636840820e-01,-2.440874278545379639e-01,-3.397759199142456055e-01,-4.320627152919769287e-01,-5.200238227844238281e-01,-6.027786135673522949e-01,-6.794986128807067871e-01,-7.494156956672668457e-01,-8.118298649787902832e-01
-1.459552049636840820e-01,-2.440874278545379639e-01,-3.397759199142456055e-01,-4.320627152919769287e-01,-5.200238227844238281e-01,-6.027786135673522949e-01,-6.794986128807067871e-01,-7.494156956672668457e-01,-8.118298649787902832e-01,-8.661162853240966797e-01
-2.440874278545379639e-01,-3.397759199142456055e-01,-4.320627152919769287e-01,-5.200238227844238281e-01,-6.027786135673522949e-01,-6.794986128807067871e-01,-7.494156956672668457e-01,-8.118298649787902832e-01,-8.661162853240966797e-01,-9.117314219474792480e-01
-3.397759199142456055e-01,-4.320627152919769287e-01,-5.200238227844238281e-01,-6.027786135673522949e-01,-6.794986128807067871e-01,-7.494156956672668457e-01,-8.118298649787902832e-01,-8.661162853240966797e-01,-9.117314219474792480e-01,-9.482186436653137207e-01
-4.320627152919769287e-01,-5.200238227844238281e-01,-6.027786135673522949e-01,-6.794986128807067871e-01,-7.494156956672668457e-01,-8.118298649787902832e-01,-8.661162853240966797e-01,-9.117314219474792480e-01,-9.482186436653137207e-01,-9.752125740051269531e-01
-5.200238227844238281e-01,-6.027786135673522949e-01,-6.794986128807067871e-01,-7.494156956672668457e-01,-8.118298649787902832e-01,-8.661162853240966797e-01,-9.117314219474792480e-01,-9.482186436653137207e-01,-9.752125740051269531e-01,-9.924430251121520996e-01
-6.027786135673522949e-01,-6.794986128807067871e-01,-7.494156956672668457e-01,-8.118298649787902832e-01,-8.661162853240966797e-01,-9.117314219474792480e-01,-9.482186436653137207e-01,-9.752125740051269531e-01,-9.924430251121520996e-01,-9.997374415397644043e-01
-6.794986128807067871e-01,-7.494156956672668457e-01,-8.118298649787902832e-01,-8.661162853240966797e-01,-9.117314219474792480e-01,-9.482186436653137207e-01,-9.752125740051269531e-01,-9.924430251121520996e-01,-9.997374415397644043e-01,-9.970228075981140137e-01
-7.494156956672668457e-01,-8.118298649787902832e-01,-8.661162853240966797e-01,-9.117314219474792480e-01,-9.482186436653137207e-01,-9.752125740051269531e-01,-9.924430251121520996e-01,-9.997374415397644043e-01,-9.970228075981140137e-01,-9.843263626098632812e-01
-8.118298649787902832e-01,-8.661162853240966797e-01,-9.117314219474792480e-01,-9.482186436653137207e-01,-9.752125740051269531e-01,-9.924430251121520996e-01,-9.997374415397644043e-01,-9.970228075981140137e-01,-9.843263626098632812e-01,-9.617751240730285645e-01
-8.661162853240966797e-01,-9.117314219474792480e-01,-9.482186436653137207e-01,-9.752125740051269531e-01,-9.924430251121520996e-01,-9.997374415397644043e-01,-9.970228075981140137e-01,-9.843263626098632812e-01,-9.617751240730285645e-01,-9.295949339866638184e-01
-9.117314219474792480e-01,-9.482186436653137207e-01,-9.752125740051269531e-01,-9.924430251121520996e-01,-9.997374415397644043e-01,-9.970228075981140137e-01,-9.843263626098632812e-01,-9.617751240730285645e-01,-9.295949339866638184e-01,-8.881079554557800293e-01
-9.482186436653137207e-01,-9.752125740051269531e-01,-9.924430251121520996e-01,-9.997374415397644043e-01,-9.970228075981140137e-01,-9.843263626098632812e-01,-9.617751240730285645e-01,-9.295949339866638184e-01,-8.881079554557800293e-01,-8.377295732498168945e-01
-9.752125740051269531e-01,-9.924430251121520996e-01,-9.997374415397644043e-01,-9.970228075981140137e-01,-9.843263626098632812e-01,-9.617751240730285645e-01,-9.295949339866638184e-01,-8.881079554557800293e-01,-8.377295732498168945e-01,-7.789641022682189941e-01
-9.924430251121520996e-01,-9.997374415397644043e-01,-9.970228075981140137e-01,-9.843263626098632812e-01,-9.617751240730285645e-01,-9.295949339866638184e-01,-8.881079554557800293e-01,-8.377295732498168945e-01,-7.789641022682189941e-01,-7.123998403549194336e-01
-9.997374415397644043e-01,-9.970228075981140137e-01,-9.843263626098632812e-01,-9.617751240730285645e-01,-9.295949339866638184e-01,-8.881079554557800293e-01,-8.377295732498168945e-01,-7.789641022682189941e-01,-7.123998403549194336e-01,-6.387033462524414062e-01
-9.970228075981140137e-01,-9.843263626098632812e-01,-9.617751240730285645e-01,-9.295949339866638184e-01,-8.881079554557800293e-01,-8.377295732498168945e-01,-7.789641022682189941e-01,-7.123998403549194336e-01,-6.387033462524414062e-01,-5.586123466491699219e-01
-9.843263626098632812e-01,-9.617751240730285645e-01,-9.295949339866638184e-01,-8.881079554557800293e-01,-8.377295732498168945e-01,-7.789641022682189941e-01,-7.123998403549194336e-01,-6.387033462524414062e-01,-5.586123466491699219e-01,-4.729286730289459229e-01
-9.617751240730285645e-01,-9.295949339866638184e-01,-8.881079554557800293e-01,-8.377295732498168945e-01,-7.789641022682189941e-01,-7.123998403549194336e-01,-6.387033462524414062e-01,-5.586123466491699219e-01,-4.729286730289459229e-01,-3.825102150440216064e-01
-9.295949339866638184e-01,-8.881079554557800293e-01,-8.377295732498168945e-01,-7.789641022682189941e-01,-7.123998403549194336e-01,-6.387033462524414062e-01,-5.586123466491699219e-01,-4.729286730289459229e-01,-3.825102150440216064e-01,-2.882622182369232178e-01
-8.881079554557800293e-01,-8.377295732498168945e-01,-7.789641022682189941e-01,-7.123998403549194336e-01,-6.387033462524414062e-01,-5.586123466491699219e-01,-4.729286730289459229e-01,-3.825102150440216064e-01,-2.882622182369232178e-01,-1.911281943321228027e-01
-8.377295732498168945e-01,-7.789641022682189941e-01,-7.123998403549194336e-01,-6.387033462524414062e-01,-5.586123466491699219e-01,-4.729286730289459229e-01,-3.825102150440216064e-01,-2.882622182369232178e-01,-1.911281943321228027e-01,-9.208068251609802246e-02
-7.789641022682189941e-01,-7.123998403549194336e-01,-6.387033462524414062e-01,-5.586123466491699219e-01,-4.729286730289459229e-01,-3.825102150440216064e-01,-2.882622182369232178e-01,-1.911281943321228027e-01,-9.208068251609802246e-02,7.888710126280784607e-03
-7.123998403549194336e-01,-6.387033462524414062e-01,-5.586123466491699219e-01,-4.729286730289459229e-01,-3.825102150440216064e-01,-2.882622182369232178e-01,-1.911281943321228027e-01,-9.208068251609802246e-02,7.888710126280784607e-03,1.077791303396224976e-01
-6.387033462524414062e-01,-5.586123466491699219e-01,-4.729286730289459229e-01,-3.825102150440216064e-01,-2.882622182369232178e-01,-1.911281943321228027e-01,-9.208068251609802246e-02,7.888710126280784607e-03,1.077791303396224976e-01,2.065904885530471802e-01
-5.586123466491699219e-01,-4.729286730289459229e-01,-3.825102150440216064e-01,-2.882622182369232178e-01,-1.911281943321228027e-01,-9.208068251609802246e-02,7.888710126280784607e-03,1.077791303396224976e-01,2.065904885530471802e-01,3.033335506916046143e-01
-4.729286730289459229e-01,-3.825102150440216064e-01,-2.882622182369232178e-01,-1.911281943321228027e-01,-9.208068251609802246e-02,7.888710126280784607e-03,1.077791303396224976e-01,2.065904885530471802e-01,3.033335506916046143e-01,3.970397412776947021e-01
-3.825102150440216064e-01,-2.882622182369232178e-01,-1.911281943321228027e-01,-9.208068251609802246e-02,7.888710126280784607e-03,1.077791303396224976e-01,2.065904885530471802e-01,3.033335506916046143e-01,3.970397412776947021e-01,4.867708683013916016e-01
-2.882622182369232178e-01,-1.911281943321228027e-01,-9.208068251609802246e-02,7.888710126280784607e-03,1.077791303396224976e-01,2.065904885530471802e-01,3.033335506916046143e-01,3.970397412776947021e-01,4.867708683013916016e-01,5.716286301612854004e-01
-1.911281943321228027e-01,-9.208068251609802246e-02,7.888710126280784607e-03,1.077791303396224976e-01,2.065904885530471802e-01,3.033335506916046143e-01,3.970397412776947021e-01,4.867708683013916016e-01,5.716286301612854004e-01,6.507634520530700684e-01
-9.208068251609802246e-02,7.888710126280784607e-03,1.077791303396224976e-01,2.065904885530471802e-01,3.033335506916046143e-01,3.970397412776947021e-01,4.867708683013916016e-01,5.716286301612854004e-01,6.507634520530700684e-01,7.233830094337463379e-01
7.888710126280784607e-03,1.077791303396224976e-01,2.065904885530471802e-01,3.033335506916046143e-01,3.970397412776947021e-01,4.867708683013916016e-01,5.716286301612854004e-01,6.507634520530700684e-01,7.233830094337463379e-01,7.887603640556335449e-01
1.077791303396224976e-01,2.065904885530471802e-01,3.033335506916046143e-01,3.970397412776947021e-01,4.867708683013916016e-01,5.716286301612854004e-01,6.507634520530700684e-01,7.233830094337463379e-01,7.887603640556335449e-01,8.462408185005187988e-01
2.065904885530471802e-01,3.033335506916046143e-01,3.970397412776947021e-01,4.867708683013916016e-01,5.716286301612854004e-01,6.507634520530700684e-01,7.233830094337463379e-01,7.887603640556335449e-01,8.462408185005187988e-01,8.952490687370300293e-01
3.033335506916046143e-01,3.970397412776947021e-01,4.867708683013916016e-01,5.716286301612854004e-01,6.507634520530700684e-01,7.233830094337463379e-01,7.887603640556335449e-01,8.462408185005187988e-01,8.952490687370300293e-01,9.352943897247314453e-01
3.970397412776947021e-01,4.867708683013916016e-01,5.716286301612854004e-01,6.507634520530700684e-01,7.233830094337463379e-01,7.887603640556335449e-01,8.462408185005187988e-01,8.952490687370300293e-01,9.352943897247314453e-01,9.659758210182189941e-01
4.867708683013916016e-01,5.716286301612854004e-01,6.507634520530700684e-01,7.233830094337463379e-01,7.887603640556335449e-01,8.462408185005187988e-01,8.952490687370300293e-01,9.352943897247314453e-01,9.659758210182189941e-01,9.869862198829650879e-01
5.716286301612854004e-01,6.507634520530700684e-01,7.233830094337463379e-01,7.887603640556335449e-01,8.462408185005187988e-01,8.952490687370300293e-01,9.352943897247314453e-01,9.659758210182189941e-01,9.869862198829650879e-01,9.981152415275573730e-01
6.507634520530700684e-01,7.233830094337463379e-01,7.887603640556335449e-01,8.462408185005187988e-01,8.952490687370300293e-01,9.352943897247314453e-01,9.659758210182189941e-01,9.869862198829650879e-01,9.981152415275573730e-01,9.992514848709106445e-01
7.233830094337463379e-01,7.887603640556335449e-01,8.462408185005187988e-01,8.952490687370300293e-01,9.352943897247314453e-01,9.659758210182189941e-01,9.869862198829650879e-01,9.981152415275573730e-01,9.992514848709106445e-01,9.903835654258728027e-01
7.887603640556335449e-01,8.462408185005187988e-01,8.952490687370300293e-01,9.352943897247314453e-01,9.659758210182189941e-01,9.869862198829650879e-01,9.981152415275573730e-01,9.992514848709106445e-01,9.903835654258728027e-01,9.716002345085144043e-01
8.462408185005187988e-01,8.952490687370300293e-01,9.352943897247314453e-01,9.659758210182189941e-01,9.869862198829650879e-01,9.981152415275573730e-01,9.992514848709106445e-01,9.903835654258728027e-01,9.716002345085144043e-01,9.430895447731018066e-01
8.952490687370300293e-01,9.352943897247314453e-01,9.659758210182189941e-01,9.869862198829650879e-01,9.981152415275573730e-01,9.992514848709106445e-01,9.903835654258728027e-01,9.716002345085144043e-01,9.430895447731018066e-01,9.051370024681091309e-01
9.352943897247314453e-01,9.659758210182189941e-01,9.869862198829650879e-01,9.981152415275573730e-01,9.992514848709106445e-01,9.903835654258728027e-01,9.716002345085144043e-01,9.430895447731018066e-01,9.051370024681091309e-01,8.581225275993347168e-01
9.659758210182189941e-01,9.869862198829650879e-01,9.981152415275573730e-01,9.992514848709106445e-01,9.903835654258728027e-01,9.716002345085144043e-01,9.430895447731018066e-01,9.051370024681091309e-01,8.581225275993347168e-01,8.025167584419250488e-01
9.869862198829650879e-01,9.981152415275573730e-01,9.992514848709106445e-01,9.903835654258728027e-01,9.716002345085144043e-01,9.430895447731018066e-01,9.051370024681091309e-01,8.581225275993347168e-01,8.025167584419250488e-01,7.388765215873718262e-01
9.981152415275573730e-01,9.992514848709106445e-01,9.903835654258728027e-01,9.716002345085144043e-01,9.430895447731018066e-01,9.051370024681091309e-01,8.581225275993347168e-01,8.025167584419250488e-01,7.388765215873718262e-01,6.678388714790344238e-01
9.992514848709106445e-01,9.903835654258728027e-01,9.716002345085144043e-01,9.430895447731018066e-01,9.051370024681091309e-01,8.581225275993347168e-01,8.025167584419250488e-01,7.388765215873718262e-01,6.678388714790344238e-01,5.901150703430175781e-01
9.903835654258728027e-01,9.716002345085144043e-01,9.430895447731018066e-01,9.051370024681091309e-01,8.581225275993347168e-01,8.025167584419250488e-01,7.388765215873718262e-01,6.678388714790344238e-01,5.901150703430175781e-01,5.064831972122192383e-01
9.716002345085144043e-01,9.430895447731018066e-01,9.051370024681091309e-01,8.581225275993347168e-01,8.025167584419250488e-01,7.388765215873718262e-01,6.678388714790344238e-01,5.901150703430175781e-01,5.064831972122192383e-01,4.177806079387664795e-01
9.430895447731018066e-01,9.051370024681091309e-01,8.581225275993347168e-01,8.025167584419250488e-01,7.388765215873718262e-01,6.678388714790344238e-01,5.901150703430175781e-01,5.064831972122192383e-01,4.177806079387664795e-01,3.248953223228454590e-01
9.051370024681091309e-01,8.581225275993347168e-01,8.025167584419250488e-01,7.388765215873718262e-01,6.678388714790344238e-01,5.901150703430175781e-01,5.064831972122192383e-01,4.177806079387664795e-01,3.248953223228454590e-01,2.287573218345642090e-01
8.581225275993347168e-01,8.025167584419250488e-01,7.388765215873718262e-01,6.678388714790344238e-01,5.901150703430175781e-01,5.064831972122192383e-01,4.177806079387664795e-01,3.248953223228454590e-01,2.287573218345642090e-01,1.303290575742721558e-01
8.025167584419250488e-01,7.388765215873718262e-01,6.678388714790344238e-01,5.901150703430175781e-01,5.064831972122192383e-01,4.177806079387664795e-01,3.248953223228454590e-01,2.287573218345642090e-01,1.303290575742721558e-01,3.059598244726657867e-02
7.388765215873718262e-01,6.678388714790344238e-01,5.901150703430175781e-01,5.064831972122192383e-01,4.177806079387664795e-01,3.248953223228454590e-01,2.287573218345642090e-01,1.303290575742721558e-01,3.059598244726657867e-02,-6.944340467453002930e-02
6.678388714790344238e-01,5.901150703430175781e-01,5.064831972122192383e-01,4.177806079387664795e-01,3.248953223228454590e-01,2.287573218345642090e-01,1.303290575742721558e-01,3.059598244726657867e-02,-6.944340467453002930e-02,-1.687875539064407349e-01
5.901150703430175781e-01,5.064831972122192383e-01,4.177806079387664795e-01,3.248953223228454590e-01,2.287573218345642090e-01,1.303290575742721558e-01,3.059598244726657867e-02,-6.944340467453002930e-02,-1.687875539064407349e-01,-2.664418518543243408e-01
5.064831972122192383e-01,4.177806079387664795e-01,3.248953223228454590e-01,2.287573218345642090e-01,1.303290575742721558e-01,3.059598244726657867e-02,-6.944340467453002930e-02,-1.687875539064407349e-01,-2.664418518543243408e-01,-3.614286184310913086e-01
4.177806079387664795e-01,3.248953223228454590e-01,2.287573218345642090e-01,1.303290575742721558e-01,3.059598244726657867e-02,-6.944340467453002930e-02,-1.687875539064407349e-01,-2.664418518543243408e-01,-3.614286184310913086e-01,-4.527969062328338623e-01
3.248953223228454590e-01,2.287573218345642090e-01,1.303290575742721558e-01,3.059598244726657867e-02,-6.944340467453002930e-02,-1.687875539064407349e-01,-2.664418518543243408e-01,-3.614286184310913086e-01,-4.527969062328338623e-01,-5.396319031715393066e-01
2.287573218345642090e-01,1.303290575742721558e-01,3.059598244726657867e-02,-6.944340467453002930e-02,-1.687875539064407349e-01,-2.664418518543243408e-01,-3.614286184310913086e-01,-4.527969062328338623e-01,-5.396319031715393066e-01,-6.210643053054809570e-01
1.303290575742721558e-01,3.059598244726657867e-02,-6.944340467453002930e-02,-1.687875539064407349e-01,-2.664418518543243408e-01,-3.614286184310913086e-01,-4.527969062328338623e-01,-5.396319031715393066e-01,-6.210643053054809570e-01,-6.962788105010986328e-01
3.059598244726657867e-02,-6.944340467453002930e-02,-1.687875539064407349e-01,-2.664418518543243408e-01,-3.614286184310913086e-01,-4.527969062328338623e-01,-5.396319031715393066e-01,-6.210643053054809570e-01,-6.962788105010986328e-01,-7.645224332809448242e-01
-6.944340467453002930e-02,-1.687875539064407349e-01,-2.664418518543243408e-01,-3.614286184310913086e-01,-4.527969062328338623e-01,-5.396319031715393066e-01,-6.210643053054809570e-01,-6.962788105010986328e-01,-7.645224332809448242e-01,-8.251119256019592285e-01
-1.687875539064407349e-01,-2.664418518543243408e-01,-3.614286184310913086e-01,-4.527969062328338623e-01,-5.396319031715393066e-01,-6.210643053054809570e-01,-6.962788105010986328e-01,-7.645224332809448242e-01,-8.251119256019592285e-01,-8.774406313896179199e-01
-2.664418518543243408e-01,-3.614286184310913086e-01,-4.527969062328338623e-01,-5.396319031715393066e-01,-6.210643053054809570e-01,-6.962788105010986328e-01,-7.645224332809448242e-01,-8.251119256019592285e-01,-8.774406313896179199e-01,-9.209846854209899902e-01
-3.614286184310913086e-01,-4.527969062328338623e-01,-5.396319031715393066e-01,-6.210643053054809570e-01,-6.962788105010986328e-01,-7.645224332809448242e-01,-8.251119256019592285e-01,-8.774406313896179199e-01,-9.209846854209899902e-01,-9.553081989288330078e-01
-4.527969062328338623e-01,-5.396319031715393066e-01,-6.210643053054809570e-01,-6.962788105010986328e-01,-7.645224332809448242e-01,-8.251119256019592285e-01,-8.774406313896179199e-01,-9.209846854209899902e-01,-9.553081989288330078e-01,-9.800674319267272949e-01
-5.396319031715393066e-01,-6.210643053054809570e-01,-6.962788105010986328e-01,-7.645224332809448242e-01,-8.251119256019592285e-01,-8.774406313896179199e-01,-9.209846854209899902e-01,-9.553081989288330078e-01,-9.800674319267272949e-01,-9.950146079063415527e-01
-6.210643053054809570e-01,-6.962788105010986328e-01,-7.645224332809448242e-01,-8.251119256019592285e-01,-8.774406313896179199e-01,-9.209846854209899902e-01,-9.553081989288330078e-01,-9.800674319267272949e-01,-9.950146079063415527e-01,-1.000000000000000000e+00
-6.962788105010986328e-01,-7.645224332809448242e-01,-8.251119256019592285e-01,-8.774406313896179199e-01,-9.209846854209899902e-01,-9.553081989288330078e-01,-9.800674319267272949e-01,-9.950146079063415527e-01,-1.000000000000000000e+00,-9.949737191200256348e-01
-7.645224332809448242e-01,-8.251119256019592285e-01,-8.774406313896179199e-01,-9.209846854209899902e-01,-9.553081989288330078e-01,-9.800674319267272949e-01,-9.950146079063415527e-01,-1.000000000000000000e+00,-9.949737191200256348e-01,-9.799860715866088867e-01
-8.251119256019592285e-01,-8.774406313896179199e-01,-9.209846854209899902e-01,-9.553081989288330078e-01,-9.800674319267272949e-01,-9.950146079063415527e-01,-1.000000000000000000e+00,-9.949737191200256348e-01,-9.799860715866088867e-01,-9.551872014999389648e-01
-8.774406313896179199e-01,-9.209846854209899902e-01,-9.553081989288330078e-01,-9.800674319267272949e-01,-9.950146079063415527e-01,-1.000000000000000000e+00,-9.949737191200256348e-01,-9.799860715866088867e-01,-9.551872014999389648e-01,-9.208252429962158203e-01
-9.209846854209899902e-01,-9.553081989288330078e-01,-9.800674319267272949e-01,-9.950146079063415527e-01,-1.000000000000000000e+00,-9.949737191200256348e-01,-9.799860715866088867e-01,-9.551872014999389648e-01,-9.208252429962158203e-01,-8.772443532943725586e-01
-9.553081989288330078e-01,-9.800674319267272949e-01,-9.950146079063415527e-01,-1.000000000000000000e+00,-9.949737191200256348e-01,-9.799860715866088867e-01,-9.551872014999389648e-01,-9.208252429962158203e-01,-8.772443532943725586e-01,-8.248807191848754883e-01
-9.800674319267272949e-01,-9.950146079063415527e-01,-1.000000000000000000e+00,-9.949737191200256348e-01,-9.799860715866088867e-01,-9.551872014999389648e-01,-9.208252429962158203e-01,-8.772443532943725586e-01,-8.248807191848754883e-01,-7.642587423324584961e-01
-9.950146079063415527e-01,-1.000000000000000000e+00,-9.949737191200256348e-01,-9.799860715866088867e-01,-9.551872014999389648e-01,-9.208252429962158203e-01,-8.772443532943725586e-01,-8.248807191848754883e-01,-7.642587423324584961e-01,-6.959851980209350586e-01
-1.000000000000000000e+00,-9.949737191200256348e-01,-9.799860715866088867e-01,-9.551872014999389648e-01,-9.208252429962158203e-01,-8.772443532943725586e-01,-8.248807191848754883e-01,-7.642587423324584961e-01,-6.959851980209350586e-01,-6.207436919212341309e-01
-9.949737191200256348e-01,-9.799860715866088867e-01,-9.551872014999389648e-01,-9.208252429962158203e-01,-8.772443532943725586e-01,-8.248807191848754883e-01,-7.642587423324584961e-01,-6.959851980209350586e-01,-6.207436919212341309e-01,-5.392875075340270996e-01
-9.799860715866088867e-01,-9.551872014999389648e-01,-9.208252429962158203e-01,-8.772443532943725586e-01,-8.248807191848754883e-01,-7.642587423324584961e-01,-6.959851980209350586e-01,-6.207436919212341309e-01,-5.392875075340270996e-01,-4.524321556091308594e-01
-9.551872014999389648e-01,-9.208252429962158203e-01,-8.772443532943725586e-01,-8.248807191848754883e-01,-7.642587423324584961e-01,-6.959851980209350586e-01,-6.207436919212341309e-01,-5.392875075340270996e-01,-4.524321556091308594e-01,-3.610472083091735840e-01
-9.208252429962158203e-01,-8.772443532943725586e-01,-8.248807191848754883e-01,-7.642587423324584961e-01,-6.959851980209350586e-01,-6.207436919212341309e-01,-5.392875075340270996e-01,-4.524321556091308594e-01,-3.610472083091735840e-01,-2.660475969314575195e-01
-8.772443532943725586e-01,-8.248807191848754883e-01,-7.642587423324584961e-01,-6.959851980209350586e-01,-6.207436919212341309e-01,-5.392875075340270996e-01,-4.524321556091308594e-01,-3.610472083091735840e-01,-2.660475969314575195e-01,-1.683843731880187988e-01
-8.248807191848754883e-01,-7.642587423324584961e-01,-6.959851980209350586e-01,-6.207436919212341309e-01,-5.392875075340270996e-01,-4.524321556091308594e-01,-3.610472083091735840e-01,-2.660475969314575195e-01,-1.683843731880187988e-01,-6.903535872697830200e-02
-7.642587423324584961e-01,-6.959851980209350586e-01,-6.207436919212341309e-01,-5.392875075340270996e-01,-4.524321556091308594e-01,-3.610472083091735840e-01,-2.660475969314575195e-01,-1.683843731880187988e-01,-6.903535872697830200e-02,3.100482188165187836e-02
-6.959851980209350586e-01,-6.207436919212341309e-01,-5.392875075340270996e-01,-4.524321556091308594e-01,-3.610472083091735840e-01,-2.660475969314575195e-01,-1.683843731880187988e-01,-6.903535872697830200e-02,3.100482188165187836e-02,1.307345926761627197e-01
-6.207436919212341309e-01,-5.392875075340270996e-01,-4.524321556091308594e-01,-3.610472083091735840e-01,-2.660475969314575195e-01,-1.683843731880187988e-01,-6.903535872697830200e-02,3.100482188165187836e-02,1.307345926761627197e-01,2.291554808616638184e-01
-5.392875075340270996e-01,-4.524321556091308594e-01,-3.610472083091735840e-01,-2.660475969314575195e-01,-1.683843731880187988e-01,-6.903535872697830200e-02,3.100482188165187836e-02,1.307345926761627197e-01,2.291554808616638184e-01,3.252821564674377441e-01
-4.524321556091308594e-01,-3.610472083091735840e-01,-2.660475969314575195e-01,-1.683843731880187988e-01,-6.903535872697830200e-02,3.100482188165187836e-02,1.307345926761627197e-01,2.291554808616638184e-01,3.252821564674377441e-01,4.181522130966186523e-01
-3.610472083091735840e-01,-2.660475969314575195e-01,-1.683843731880187988e-01,-6.903535872697830200e-02,3.100482188165187836e-02,1.307345926761627197e-01,2.291554808616638184e-01,3.252821564674377441e-01,4.181522130966186523e-01,5.068358778953552246e-01
-2.660475969314575195e-01,-1.683843731880187988e-01,-6.903535872697830200e-02,3.100482188165187836e-02,1.307345926761627197e-01,2.291554808616638184e-01,3.252821564674377441e-01,4.181522130966186523e-01,5.068358778953552246e-01,5.904452204704284668e-01
-1.683843731880187988e-01,-6.903535872697830200e-02,3.100482188165187836e-02,1.307345926761627197e-01,2.291554808616638184e-01,3.252821564674377441e-01,4.181522130966186523e-01,5.068358778953552246e-01,5.904452204704284668e-01,6.681432723999023438e-01
-6.903535872697830200e-02,3.100482188165187836e-02,1.307345926761627197e-01,2.291554808616638184e-01,3.252821564674377441e-01,4.181522130966186523e-01,5.068358778953552246e-01,5.904452204704284668e-01,6.681432723999023438e-01,7.391520738601684570e-01
3.100482188165187836e-02,1.307345926761627197e-01,2.291554808616638184e-01,3.252821564674377441e-01,4.181522130966186523e-01,5.068358778953552246e-01,5.904452204704284668e-01,6.681432723999023438e-01,7.391520738601684570e-01,8.027607798576354980e-01
1.307345926761627197e-01,2.291554808616638184e-01,3.252821564674377441e-01,4.181522130966186523e-01,5.068358778953552246e-01,5.904452204704284668e-01,6.681432723999023438e-01,7.391520738601684570e-01,8.027607798576354980e-01,8.583324551582336426e-01
2.291554808616638184e-01,3.252821564674377441e-01,4.181522130966186523e-01,5.068358778953552246e-01,5.904452204704284668e-01,6.681432723999023438e-01,7.391520738601684570e-01,8.027607798576354980e-01,8.583324551582336426e-01,9.053108096122741699e-01
3.252821564674377441e-01,4.181522130966186523e-01,5.068358778953552246e-01,5.904452204704284668e-01,6.681432723999023438e-01,7.391520738601684570e-01,8.027607798576354980e-01,8.583324551582336426e-01,9.053108096122741699e-01,9.432255029678344727e-01
4.181522130966186523e-01,5.068358778953552246e-01,5.904452204704284668e-01,6.681432723999023438e-01,7.391520738601684570e-01,8.027607798576354980e-01,8.583324551582336426e-01,9.053108096122741699e-01,9.432255029678344727e-01,9.716969132423400879e-01
5.068358778953552246e-01,5.904452204704284668e-01,6.681432723999023438e-01,7.391520738601684570e-01,8.027607798576354980e-01,8.583324551582336426e-01,9.053108096122741699e-01,9.432255029678344727e-01,9.716969132423400879e-01,9.904400706291198730e-01
5.904452204704284668e-01,6.681432723999023438e-01,7.391520738601684570e-01,8.027607798576354980e-01,8.583324551582336426e-01,9.053108096122741699e-01,9.432255029678344727e-01,9.716969132423400879e-01,9.904400706291198730e-01,9.992672204971313477e-01
6.681432723999023438e-01,7.391520738601684570e-01,8.027607798576354980e-01,8.583324551582336426e-01,9.053108096122741699e-01,9.432255029678344727e-01,9.716969132423400879e-01,9.904400706291198730e-01,9.992672204971313477e-01,9.980900287628173828e-01
7.391520738601684570e-01,8.027607798576354980e-01,8.583324551582336426e-01,9.053108096122741699e-01,9.432255029678344727e-01,9.716969132423400879e-01,9.904400706291198730e-01,9.992672204971313477e-01,9.980900287628173828e-01,9.869203567504882812e-01
8.027607798576354980e-01,8.583324551582336426e-01,9.053108096122741699e-01,9.432255029678344727e-01,9.716969132423400879e-01,9.904400706291198730e-01,9.992672204971313477e-01,9.980900287628173828e-01,9.869203567504882812e-01,9.658699035644531250e-01
8.583324551582336426e-01,9.053108096122741699e-01,9.432255029678344727e-01,9.716969132423400879e-01,9.904400706291198730e-01,9.992672204971313477e-01,9.980900287628173828e-01,9.869203567504882812e-01,9.658699035644531250e-01,9.351495504379272461e-01
9.053108096122741699e-01,9.432255029678344727e-01,9.716969132423400879e-01,9.904400706291198730e-01,9.992672204971313477e-01,9.980900287628173828e-01,9.869203567504882812e-01,9.658699035644531250e-01,9.351495504379272461e-01,8.950667381286621094e-01
9.432255029678344727e-01,9.716969132423400879e-01,9.904400706291198730e-01,9.992672204971313477e-01,9.980900287628173828e-01,9.869203567504882812e-01,9.658699035644531250e-01,9.351495504379272461e-01,8.950667381286621094e-01,8.460228443145751953e-01
9.716969132423400879e-01,9.904400706291198730e-01,9.992672204971313477e-01,9.980900287628173828e-01,9.869203567504882812e-01,9.658699035644531250e-01,9.351495504379272461e-01,8.950667381286621094e-01,8.460228443145751953e-01,7.885088324546813965e-01
9.904400706291198730e-01,9.992672204971313477e-01,9.980900287628173828e-01,9.869203567504882812e-01,9.658699035644531250e-01,9.351495504379272461e-01,8.950667381286621094e-01,8.460228443145751953e-01,7.885088324546813965e-01,7.231005430221557617e-01
9.992672204971313477e-01,9.980900287628173828e-01,9.869203567504882812e-01,9.658699035644531250e-01,9.351495504379272461e-01,8.950667381286621094e-01,8.460228443145751953e-01,7.885088324546813965e-01,7.231005430221557617e-01,6.504528522491455078e-01
9.980900287628173828e-01,9.869203567504882812e-01,9.658699035644531250e-01,9.351495504379272461e-01,8.950667381286621094e-01,8.460228443145751953e-01,7.885088324546813965e-01,7.231005430221557617e-01,6.504528522491455078e-01,5.712929964065551758e-01
9.869203567504882812e-01,9.658699035644531250e-01,9.351495504379272461e-01,8.950667381286621094e-01,8.460228443145751953e-01,7.885088324546813965e-01,7.231005430221557617e-01,6.504528522491455078e-01,5.712929964065551758e-01,4.864135384559631348e-01
9.658699035644531250e-01,9.351495504379272461e-01,8.950667381286621094e-01,8.460228443145751953e-01,7.885088324546813965e-01,7.231005430221557617e-01,6.504528522491455078e-01,5.712929964065551758e-01,4.864135384559631348e-01,3.966642916202545166e-01
9.351495504379272461e-01,8.950667381286621094e-01,8.460228443145751953e-01,7.885088324546813965e-01,7.231005430221557617e-01,6.504528522491455078e-01,5.712929964065551758e-01,4.864135384559631348e-01,3.966642916202545166e-01,3.029437661170959473e-01
8.950667381286621094e-01,8.460228443145751953e-01,7.885088324546813965e-01,7.231005430221557617e-01,6.504528522491455078e-01,5.712929964065551758e-01,4.864135384559631348e-01,3.966642916202545166e-01,3.029437661170959473e-01,2.061902731657028198e-01
8.460228443145751953e-01,7.885088324546813965e-01,7.231005430221557617e-01,6.504528522491455078e-01,5.712929964065551758e-01,4.864135384559631348e-01,3.966642916202545166e-01,3.029437661170959473e-01,2.061902731657028198e-01,1.073724702000617981e-01
7.885088324546813965e-01,7.231005430221557617e-01,6.504528522491455078e-01,5.712929964065551758e-01,4.864135384559631348e-01,3.966642916202545166e-01,3.029437661170959473e-01,2.061902731657028198e-01,1.073724702000617981e-01,7.479689549654722214e-03
7.231005430221557617e-01,6.504528522491455078e-01,5.712929964065551758e-01,4.864135384559631348e-01,3.966642916202545166e-01,3.029437661170959473e-01,2.061902731657028198e-01,1.073724702000617981e-01,7.479689549654722214e-03,-9.248797595500946045e-02
6.504528522491455078e-01,5.712929964065551758e-01,4.864135384559631348e-01,3.966642916202545166e-01,3.029437661170959473e-01,2.061902731657028198e-01,1.073724702000617981e-01,7.479689549654722214e-03,-9.248797595500946045e-02,-1.915296763181686401e-01
5.712929964065551758e-01,4.864135384559631348e-01,3.966642916202545166e-01,3.029437661170959473e-01,2.061902731657028198e-01,1.073724702000617981e-01,7.479689549654722214e-03,-9.248797595500946045e-02,-1.915296763181686401e-01,-2.886538505554199219e-01
4.864135384559631348e-01,3.966642916202545166e-01,3.029437661170959473e-01,2.061902731657028198e-01,1.073724702000617981e-01,7.479689549654722214e-03,-9.248797595500946045e-02,-1.915296763181686401e-01,-2.886538505554199219e-01,-3.828881084918975830e-01
3.966642916202545166e-01,3.029437661170959473e-01,2.061902731657028198e-01,1.073724702000617981e-01,7.479689549654722214e-03,-9.248797595500946045e-02,-1.915296763181686401e-01,-2.886538505554199219e-01,-3.828881084918975830e-01,-4.732890427112579346e-01
3.029437661170959473e-01,2.061902731657028198e-01,1.073724702000617981e-01,7.479689549654722214e-03,-9.248797595500946045e-02,-1.915296763181686401e-01,-2.886538505554199219e-01,-3.828881084918975830e-01,-4.732890427112579346e-01,-5.589515566825866699e-01
2.061902731657028198e-01,1.073724702000617981e-01,7.479689549654722214e-03,-9.248797595500946045e-02,-1.915296763181686401e-01,-2.886538505554199219e-01,-3.828881084918975830e-01,-4.732890427112579346e-01,-5.589515566825866699e-01,-6.390179991722106934e-01
1.073724702000617981e-01,7.479689549654722214e-03,-9.248797595500946045e-02,-1.915296763181686401e-01,-2.886538505554199219e-01,-3.828881084918975830e-01,-4.732890427112579346e-01,-5.589515566825866699e-01,-6.390179991722106934e-01,-7.126868367195129395e-01
7.479689549654722214e-03,-9.248797595500946045e-02,-1.915296763181686401e-01,-2.886538505554199219e-01,-3.828881084918975830e-01,-4.732890427112579346e-01,-5.589515566825866699e-01,-6.390179991722106934e-01,-7.126868367195129395e-01,-7.792205214500427246e-01
-9.248797595500946045e-02,-1.915296763181686401e-01,-2.886538505554199219e-01,-3.828881084918975830e-01,-4.732890427112579346e-01,-5.589515566825866699e-01,-6.390179991722106934e-01,-7.126868367195129395e-01,-7.792205214500427246e-01,-8.379528522491455078e-01
-1.915296763181686401e-01,-2.886538505554199219e-01,-3.828881084918975830e-01,-4.732890427112579346e-01,-5.589515566825866699e-01,-6.390179991722106934e-01,-7.126868367195129395e-01,-7.792205214500427246e-01,-8.379528522491455078e-01,-8.882958889007568359e-01
-2.886538505554199219e-01,-3.828881084918975830e-01,-4.732890427112579346e-01,-5.589515566825866699e-01,-6.390179991722106934e-01,-7.126868367195129395e-01,-7.792205214500427246e-01,-8.379528522491455078e-01,-8.882958889007568359e-01,-9.297456741333007812e-01
-3.828881084918975830e-01,-4.732890427112579346e-01,-5.589515566825866699e-01,-6.390179991722106934e-01,-7.126868367195129395e-01,-7.792205214500427246e-01,-8.379528522491455078e-01,-8.882958889007568359e-01,-9.297456741333007812e-01,-9.618870615959167480e-01
-4.732890427112579346e-01,-5.589515566825866699e-01,-6.390179991722106934e-01,-7.126868367195129395e-01,-7.792205214500427246e-01,-8.379528522491455078e-01,-8.882958889007568359e-01,-9.297456741333007812e-01,-9.618870615959167480e-01,-9.843984246253967285e-01
-5.589515566825866699e-01,-6.390179991722106934e-01,-7.126868367195129395e-01,-7.792205214500427246e-01,-8.379528522491455078e-01,-8.882958889007568359e-01,-9.297456741333007812e-01,-9.618870615959167480e-01,-9.843984246253967285e-01,-9.970542788505554199e-01
-6.390179991722106934e-01,-7.126868367195129395e-01,-7.792205214500427246e-01,-8.379528522491455078e-01,-8.882958889007568359e-01,-9.297456741333007812e-01,-9.618870615959167480e-01,-9.843984246253967285e-01,-9.970542788505554199e-01,-9.997279644012451172e-01
-7.126868367195129395e-01,-7.792205214500427246e-01,-8.379528522491455078e-01,-8.882958889007568359e-01,-9.297456741333007812e-01,-9.618870615959167480e-01,-9.843984246253967285e-01,-9.970542788505554199e-01,-9.997279644012451172e-01,-9.923927187919616699e-01
-7.792205214500427246e-01,-8.379528522491455078e-01,-8.882958889007568359e-01,-9.297456741333007812e-01,-9.618870615959167480e-01,-9.843984246253967285e-01,-9.970542788505554199e-01,-9.997279644012451172e-01,-9.923927187919616699e-01,-9.751219749450683594e-01
-8.379528522491455078e-01,-8.882958889007568359e-01,-9.297456741333007812e-01,-9.618870615959167480e-01,-9.843984246253967285e-01,-9.970542788505554199e-01,-9.997279644012451172e-01,-9.923927187919616699e-01,-9.751219749450683594e-01,-9.480886459350585938e-01
-8.882958889007568359e-01,-9.297456741333007812e-01,-9.618870615959167480e-01,-9.843984246253967285e-01,-9.970542788505554199e-01,-9.997279644012451172e-01,-9.923927187919616699e-01,-9.751219749450683594e-01,-9.480886459350585938e-01,-9.115633368492126465e-01
-9.297456741333007812e-01,-9.618870615959167480e-01,-9.843984246253967285e-01,-9.970542788505554199e-01,-9.997279644012451172e-01,-9.923927187919616699e-01,-9.751219749450683594e-01,-9.480886459350585938e-01,-9.115633368492126465e-01,-8.659117817878723145e-01
-9.618870615959167480e-01,-9.843984246253967285e-01,-9.970542788505554199e-01,-9.997279644012451172e-01,-9.923927187919616699e-01,-9.751219749450683594e-01,-9.480886459350585938e-01,-9.115633368492126465e-01,-8.659117817878723145e-01,-8.115909695625305176e-01
-9.843984246253967285e-01,-9.970542788505554199e-01,-9.997279644012451172e-01,-9.923927187919616699e-01,-9.751219749450683594e-01,-9.480886459350585938e-01,-9.115633368492126465e-01,-8.659117817878723145e-01,-8.115909695625305176e-01,-7.491447925567626953e-01
-9.970542788505554199e-01,-9.997279644012451172e-01,-9.923927187919616699e-01,-9.751219749450683594e-01,-9.480886459350585938e-01,-9.115633368492126465e-01,-8.659117817878723145e-01,-8.115909695625305176e-01,-7.491447925567626953e-01,-6.791984438896179199e-01
-9.997279644012451172e-01,-9.923927187919616699e-01,-9.751219749450683594e-01,-9.480886459350585938e-01,-9.115633368492126465e-01,-8.659117817878723145e-01,-8.115909695625305176e-01,-7.491447925567626953e-01,-6.791984438896179199e-01,-6.024522185325622559e-01
-9.923927187919616699e-01,-9.751219749450683594e-01,-9.480886459350585938e-01,-9.115633368492126465e-01,-8.659117817878723145e-01,-8.115909695625305176e-01,-7.491447925567626953e-01,-6.791984438896179199e-01,-6.024522185325622559e-01,-5.196744203567504883e-01
-9.751219749450683594e-01,-9.480886459350585938e-01,-9.115633368492126465e-01,-8.659117817878723145e-01,-8.115909695625305176e-01,-7.491447925567626953e-01,-6.791984438896179199e-01,-6.024522185325622559e-01,-5.196744203567504883e-01,-4.316937923431396484e-01
-9.480886459350585938e-01,-9.115633368492126465e-01,-8.659117817878723145e-01,-8.115909695625305176e-01,-7.491447925567626953e-01,-6.791984438896179199e-01,-6.024522185325622559e-01,-5.196744203567504883e-01,-4.316937923431396484e-01,-3.393912017345428467e-01
-9.115633368492126465e-01,-8.659117817878723145e-01,-8.115909695625305176e-01,-7.491447925567626953e-01,-6.791984438896179199e-01,-6.024522185325622559e-01,-5.196744203567504883e-01,-4.316937923431396484e-01,-3.393912017345428467e-01,-2.436907440423965454e-01
-8.659117817878723145e-01,-8.115909695625305176e-01,-7.491447925567626953e-01,-6.791984438896179199e-01,-6.024522185325622559e-01,-5.196744203567504883e-01,-4.316937923431396484e-01,-3.393912017345428467e-01,-2.436907440423965454e-01,-1.455505341291427612e-01
-8.115909695625305176e-01,-7.491447925567626953e-01,-6.791984438896179199e-01,-6.024522185325622559e-01,-5.196744203567504883e-01,-4.316937923431396484e-01,-3.393912017345428467e-01,-2.436907440423965454e-01,-1.455505341291427612e-01,-4.595312103629112244e-02
-7.491447925567626953e-01,-6.791984438896179199e-01,-6.024522185325622559e-01,-5.196744203567504883e-01,-4.316937923431396484e-01,-3.393912017345428467e-01,-2.436907440423965454e-01,-1.455505341291427612e-01,-4.595312103629112244e-02,5.410435795783996582e-02
-6.791984438896179199e-01,-6.024522185325622559e-01,-5.196744203567504883e-01,-4.316937923431396484e-01,-3.393912017345428467e-01,-2.436907440423965454e-01,-1.455505341291427612e-01,-4.595312103629112244e-02,5.410435795783996582e-02,1.536201685667037964e-01
-6.024522185325622559e-01,-5.196744203567504883e-01,-4.316937923431396484e-01,-3.393912017345428467e-01,-2.436907440423965454e-01,-1.455505341291427612e-01,-4.595312103629112244e-02,5.410435795783996582e-02,1.536201685667037964e-01,2.515979707241058350e-01
-5.196744203567504883e-01,-4.316937923431396484e-01,-3.393912017345428467e-01,-2.436907440423965454e-01,-1.455505341291427612e-01,-4.595312103629112244e-02,5.410435795783996582e-02,1.536201685667037964e-01,2.515979707241058350e-01,3.470568656921386719e-01
-4.316937923431396484e-01,-3.393912017345428467e-01,-2.436907440423965454e-01,-1.455505341291427612e-01,-4.595312103629112244e-02,5.410435795783996582e-02,1.536201685667037964e-01,2.515979707241058350e-01,3.470568656921386719e-01,4.390411376953125000e-01
-3.393912017345428467e-01,-2.436907440423965454e-01,-1.455505341291427612e-01,-4.595312103629112244e-02,5.410435795783996582e-02,1.536201685667037964e-01,2.515979707241058350e-01,3.470568656921386719e-01,4.390411376953125000e-01,5.266299247741699219e-01
-2.436907440423965454e-01,-1.455505341291427612e-01,-4.595312103629112244e-02,5.410435795783996582e-02,1.536201685667037964e-01,2.515979707241058350e-01,3.470568656921386719e-01,4.390411376953125000e-01,5.266299247741699219e-01,6.089462041854858398e-01
-1.455505341291427612e-01,-4.595312103629112244e-02,5.410435795783996582e-02,1.536201685667037964e-01,2.515979707241058350e-01,3.470568656921386719e-01,4.390411376953125000e-01,5.266299247741699219e-01,6.089462041854858398e-01,6.851659417152404785e-01
-4.595312103629112244e-02,5.410435795783996582e-02,1.536201685667037964e-01,2.515979707241058350e-01,3.470568656921386719e-01,4.390411376953125000e-01,5.266299247741699219e-01,6.089462041854858398e-01,6.851659417152404785e-01,7.545260190963745117e-01
5.410435795783996582e-02,1.536201685667037964e-01,2.515979707241058350e-01,3.470568656921386719e-01,4.390411376953125000e-01,5.266299247741699219e-01,6.089462041854858398e-01,6.851659417152404785e-01,7.545260190963745117e-01,8.163320422172546387e-01
1.536201685667037964e-01,2.515979707241058350e-01,3.470568656921386719e-01,4.390411376953125000e-01,5.266299247741699219e-01,6.089462041854858398e-01,6.851659417152404785e-01,7.545260190963745117e-01,8.163320422172546387e-01,8.699651956558227539e-01
2.515979707241058350e-01,3.470568656921386719e-01,4.390411376953125000e-01,5.266299247741699219e-01,6.089462041854858398e-01,6.851659417152404785e-01,7.545260190963745117e-01,8.163320422172546387e-01,8.699651956558227539e-01,9.148886203765869141e-01
3.470568656921386719e-01,4.390411376953125000e-01,5.266299247741699219e-01,6.089462041854858398e-01,6.851659417152404785e-01,7.545260190963745117e-01,8.163320422172546387e-01,8.699651956558227539e-01,9.148886203765869141e-01,9.506524205207824707e-01
4.390411376953125000e-01,5.266299247741699219e-01,6.089462041854858398e-01,6.851659417152404785e-01,7.545260190963745117e-01,8.163320422172546387e-01,8.699651956558227539e-01,9.148886203765869141e-01,9.506524205207824707e-01,9.768986105918884277e-01
5.266299247741699219e-01,6.089462041854858398e-01,6.851659417152404785e-01,7.545260190963745117e-01,8.163320422172546387e-01,8.699651956558227539e-01,9.148886203765869141e-01,9.506524205207824707e-01,9.768986105918884277e-01,9.933644533157348633e-01
6.089462041854858398e-01,6.851659417152404785e-01,7.545260190963745117e-01,8.163320422172546387e-01,8.699651956558227539e-01,9.148886203765869141e-01,9.506524205207824707e-01,9.768986105918884277e-01,9.933644533157348633e-01,9.998850226402282715e-01
6.851659417152404785e-01,7.545260190963745117e-01,8.163320422172546387e-01,8.699651956558227539e-01,9.148886203765869141e-01,9.506524205207824707e-01,9.768986105918884277e-01,9.933644533157348633e-01,9.998850226402282715e-01,9.963951110839843750e-01
7.545260190963745117e-01,8.163320422172546387e-01,8.699651956558227539e-01,9.148886203765869141e-01,9.506524205207824707e-01,9.768986105918884277e-01,9.933644533157348633e-01,9.998850226402282715e-01,9.963951110839843750e-01,9.829295873641967773e-01
8.163320422172546387e-01,8.699651956558227539e-01,9.148886203765869141e-01,9.506524205207824707e-01,9.768986105918884277e-01,9.933644533157348633e-01,9.998850226402282715e-01,9.963951110839843750e-01,9.829295873641967773e-01,9.596233367919921875e-01
8.699651956558227539e-01,9.148886203765869141e-01,9.506524205207824707e-01,9.768986105918884277e-01,9.933644533157348633e-01,9.998850226402282715e-01,9.963951110839843750e-01,9.829295873641967773e-01,9.596233367919921875e-01,9.267096519470214844e-01
9.148886203765869141e-01,9.506524205207824707e-01,9.768986105918884277e-01,9.933644533157348633e-01,9.998850226402282715e-01,9.963951110839843750e-01,9.829295873641967773e-01,9.596233367919921875e-01,9.267096519470214844e-01,8.845180273056030273e-01
9.506524205207824707e-01,9.768986105918884277e-01,9.933644533157348633e-01,9.998850226402282715e-01,9.963951110839843750e-01,9.829295873641967773e-01,9.596233367919921875e-01,9.267096519470214844e-01,8.845180273056030273e-01,8.334709405899047852e-01
9.768986105918884277e-01,9.933644533157348633e-01,9.998850226402282715e-01,9.963951110839843750e-01,9.829295873641967773e-01,9.596233367919921875e-01,9.267096519470214844e-01,8.845180273056030273e-01,8.334709405899047852e-01,7.740793824195861816e-01
9.933644533157348633e-01,9.998850226402282715e-01,9.963951110839843750e-01,9.829295873641967773e-01,9.596233367919921875e-01,9.267096519470214844e-01,8.845180273056030273e-01,8.334709405899047852e-01,7.740793824195861816e-01,7.069380283355712891e-01
9.998850226402282715e-01,9.963951110839843750e-01,9.829295873641967773e-01,9.596233367919921875e-01,9.267096519470214844e-01,8.845180273056030273e-01,8.334709405899047852e-01,7.740793824195861816e-01,7.069380283355712891e-01,6.327190399169921875e-01
9.963951110839843750e-01,9.829295873641967773e-01,9.596233367919921875e-01,9.267096519470214844e-01,8.845180273056030273e-01,8.334709405899047852e-01,7.740793824195861816e-01,7.069380283355712891e-01,6.327190399169921875e-01,5.521655082702636719e-01
9.829295873641967773e-01,9.596233367919921875e-01,9.267096519470214844e-01,8.845180273056030273e-01,8.334709405899047852e-01,7.740793824195861816e-01,7.069380283355712891e-01,6.327190399169921875e-01,5.521655082702636719e-01,4.660838544368743896e-01
9.596233367919921875e-01,9.267096519470214844e-01,8.845180273056030273e-01,8.334709405899047852e-01,7.740793824195861816e-01,7.069380283355712891e-01,6.327190399169921875e-01,5.521655082702636719e-01,4.660838544368743896e-01,3.753359019756317139e-01
9.267096519470214844e-01,8.845180273056030273e-01,8.334709405899047852e-01,7.740793824195861816e-01,7.069380283355712891e-01,6.327190399169921875e-01,5.521655082702636719e-01,4.660838544368743896e-01,3.753359019756317139e-01,2.808302342891693115e-01
8.845180273056030273e-01,8.334709405899047852e-01,7.740793824195861816e-01,7.069380283355712891e-01,6.327190399169921875e-01,5.521655082702636719e-01,4.660838544368743896e-01,3.753359019756317139e-01,2.808302342891693115e-01,1.835130006074905396e-01
8.334709405899047852e-01,7.740793824195861816e-01,7.069380283355712891e-01,6.327190399169921875e-01,5.521655082702636719e-01,4.660838544368743896e-01,3.753359019756317139e-01,2.808302342891693115e-01,1.835130006074905396e-01,8.435848355293273926e-02
7.740793824195861816e-01,7.069380283355712891e-01,6.327190399169921875e-01,5.521655082702636719e-01,4.660838544368743896e-01,3.753359019756317139e-01,2.808302342891693115e-01,1.835130006074905396e-01,8.435848355293273926e-02,-1.564060151576995850e-02
7.069380283355712891e-01,6.327190399169921875e-01,5.521655082702636719e-01,4.660838544368743896e-01,3.753359019756317139e-01,2.808302342891693115e-01,1.835130006074905396e-01,8.435848355293273926e-02,-1.564060151576995850e-02,-1.154830977320671082e-01
6.327190399169921875e-01,5.521655082702636719e-01,4.660838544368743896e-01,3.753359019756317139e-01,2.808302342891693115e-01,1.835130006074905396e-01,8.435848355293273926e-02,-1.564060151576995850e-02,-1.154830977320671082e-01,-2.141694128513336182e-01
5.521655082702636719e-01,4.660838544368743896e-01,3.753359019756317139e-01,2.808302342891693115e-01,1.835130006074905396e-01,8.435848355293273926e-02,-1.564060151576995850e-02,-1.154830977320671082e-01,-2.141694128513336182e-01,-3.107115328311920166e-01
4.660838544368743896e-01,3.753359019756317139e-01,2.808302342891693115e-01,1.835130006074905396e-01,8.435848355293273926e-02,-1.564060151576995850e-02,-1.154830977320671082e-01,-2.141694128513336182e-01,-3.107115328311920166e-01,-4.041429460048675537e-01
3.753359019756317139e-01,2.808302342891693115e-01,1.835130006074905396e-01,8.435848355293273926e-02,-1.564060151576995850e-02,-1.154830977320671082e-01,-2.141694128513336182e-01,-3.107115328311920166e-01,-4.041429460048675537e-01,-4.935281872749328613e-01
2.808302342891693115e-01,1.835130006074905396e-01,8.435848355293273926e-02,-1.564060151576995850e-02,-1.154830977320671082e-01,-2.141694128513336182e-01,-3.107115328311920166e-01,-4.041429460048675537e-01,-4.935281872749328613e-01,-5.779723525047302246e-01
1.835130006074905396e-01,8.435848355293273926e-02,-1.564060151576995850e-02,-1.154830977320671082e-01,-2.141694128513336182e-01,-3.107115328311920166e-01,-4.041429460048675537e-01,-4.935281872749328613e-01,-5.779723525047302246e-01,-6.566300988197326660e-01
8.435848355293273926e-02,-1.564060151576995850e-02,-1.154830977320671082e-01,-2.141694128513336182e-01,-3.107115328311920166e-01,-4.041429460048675537e-01,-4.935281872749328613e-01,-5.779723525047302246e-01,-6.566300988197326660e-01,-7.287138700485229492e-01
-1.564060151576995850e-02,-1.154830977320671082e-01,-2.141694128513336182e-01,-3.107115328311920166e-01,-4.041429460048675537e-01,-4.935281872749328613e-01,-5.779723525047302246e-01,-6.566300988197326660e-01,-7.287138700485229492e-01,-7.935020327568054199e-01
-1.154830977320671082e-01,-2.141694128513336182e-01,-3.107115328311920166e-01,-4.041429460048675537e-01,-4.935281872749328613e-01,-5.779723525047302246e-01,-6.566300988197326660e-01,-7.287138700485229492e-01,-7.935020327568054199e-01,-8.503459095954895020e-01
-2.141694128513336182e-01,-3.107115328311920166e-01,-4.041429460048675537e-01,-4.935281872749328613e-01,-5.779723525047302246e-01,-6.566300988197326660e-01,-7.287138700485229492e-01,-7.935020327568054199e-01,-8.503459095954895020e-01,-8.986763358116149902e-01
-3.107115328311920166e-01,-4.041429460048675537e-01,-4.935281872749328613e-01,-5.779723525047302246e-01,-6.566300988197326660e-01,-7.287138700485229492e-01,-7.935020327568054199e-01,-8.503459095954895020e-01,-8.986763358116149902e-01,-9.380096197128295898e-01
-4.041429460048675537e-01,-4.935281872749328613e-01,-5.779723525047302246e-01,-6.566300988197326660e-01,-7.287138700485229492e-01,-7.935020327568054199e-01,-8.503459095954895020e-01,-8.986763358116149902e-01,-9.380096197128295898e-01,-9.679517745971679688e-01
-4.935281872749328613e-01,-5.779723525047302246e-01,-6.566300988197326660e-01,-7.287138700485229492e-01,-7.935020327568054199e-01,-8.503459095954895020e-01,-8.986763358116149902e-01,-9.380096197128295898e-01,-9.679517745971679688e-01,-9.882031679153442383e-01
-5.779723525047302246e-01,-6.566300988197326660e-01,-7.287138700485229492e-01,-7.935020327568054199e-01,-8.503459095954895020e-01,-8.986763358116149902e-01,-9.380096197128295898e-01,-9.679517745971679688e-01,-9.882031679153442383e-01,-9.985609650611877441e-01
-6.566300988197326660e-01,-7.287138700485229492e-01,-7.935020327568054199e-01,-8.503459095954895020e-01,-8.986763358116149902e-01,-9.380096197128295898e-01,-9.679517745971679688e-01,-9.882031679153442383e-01,-9.985609650611877441e-01,-9.989215731620788574e-01
-7.287138700485229492e-01,-7.935020327568054199e-01,-8.503459095954895020e-01,-8.986763358116149902e-01,-9.380096197128295898e-01,-9.679517745971679688e-01,-9.882031679153442383e-01,-9.985609650611877441e-01,-9.989215731620788574e-01,-9.892812371253967285e-01
-7.935020327568054199e-01,-8.503459095954895020e-01,-8.986763358116149902e-01,-9.380096197128295898e-01,-9.679517745971679688e-01,-9.882031679153442383e-01,-9.985609650611877441e-01,-9.989215731620788574e-01,-9.892812371253967285e-01,-9.697365760803222656e-01
-8.503459095954895020e-01,-8.986763358116149902e-01,-9.380096197128295898e-01,-9.679517745971679688e-01,-9.882031679153442383e-01,-9.985609650611877441e-01,-9.989215731620788574e-01,-9.892812371253967285e-01,-9.697365760803222656e-01,-9.404832720756530762e-01
-8.986763358116149902e-01,-9.380096197128295898e-01,-9.679517745971679688e-01,-9.882031679153442383e-01,-9.985609650611877441e-01,-9.989215731620788574e-01,-9.892812371253967285e-01,-9.697365760803222656e-01,-9.404832720756530762e-01,-9.018141031265258789e-01
-9.380096197128295898e-01,-9.679517745971679688e-01,-9.882031679153442383e-01,-9.985609650611877441e-01,-9.989215731620788574e-01,-9.892812371253967285e-01,-9.697365760803222656e-01,-9.404832720756530762e-01,-9.018141031265258789e-01,-8.541163206100463867e-01
-9.679517745971679688e-01,-9.882031679153442383e-01,-9.985609650611877441e-01,-9.989215731620788574e-01,-9.892812371253967285e-01,-9.697365760803222656e-01,-9.404832720756530762e-01,-9.018141031265258789e-01,-8.541163206100463867e-01,-7.978673577308654785e-01
-9.882031679153442383e-01,-9.985609650611877441e-01,-9.989215731620788574e-01,-9.892812371253967285e-01,-9.697365760803222656e-01,-9.404832720756530762e-01,-9.018141031265258789e-01,-8.541163206100463867e-01,-7.978673577308654785e-01,-7.336304783821105957e-01
-9.985609650611877441e-01,-9.989215731620788574e-01,-9.892812371253967285e-01,-9.697365760803222656e-01,-9.404832720756530762e-01,-9.018141031265258789e-01,-8.541163206100463867e-01,-7.978673577308654785e-01,-7.336304783821105957e-01,-6.620486974716186523e-01
-9.989215731620788574e-01,-9.892812371253967285e-01,-9.697365760803222656e-01,-9.404832720756530762e-01,-9.018141031265258789e-01,-8.541163206100463867e-01,-7.978673577308654785e-01,-7.336304783821105957e-01,-6.620486974716186523e-01,-5.838387012481689453e-01
-9.892812371253967285e-01,-9.697365760803222656e-01,-9.404832720756530762e-01,-9.018141031265258789e-01,-8.541163206100463867e-01,-7.978673577308654785e-01,-7.336304783821105957e-01,-6.620486974716186523e-01,-5.838387012481689453e-01,-4.997835159301757812e-01
-9.697365760803222656e-01,-9.404832720756530762e-01,-9.018141031265258789e-01,-8.541163206100463867e-01,-7.978673577308654785e-01,-7.336304783821105957e-01,-6.620486974716186523e-01,-5.838387012481689453e-01,-4.997835159301757812e-01,-4.107246696949005127e-01
-9.404832720756530762e-01,-9.018141031265258789e-01,-8.541163206100463867e-01,-7.978673577308654785e-01,-7.336304783821105957e-01,-6.620486974716186523e-01,-5.838387012481689453e-01,-4.997835159301757812e-01,-4.107246696949005127e-01,-3.175537586212158203e-01
-9.018141031265258789e-01,-8.541163206100463867e-01,-7.978673577308654785e-01,-7.336304783821105957e-01,-6.620486974716186523e-01,-5.838387012481689453e-01,-4.997835159301757812e-01,-4.107246696949005127e-01,-3.175537586212158203e-01,-2.212036401033401489e-01
-8.541163206100463867e-01,-7.978673577308654785e-01,-7.336304783821105957e-01,-6.620486974716186523e-01,-5.838387012481689453e-01,-4.997835159301757812e-01,-4.107246696949005127e-01,-3.175537586212158203e-01,-2.212036401033401489e-01,-1.226388886570930481e-01
-7.978673577308654785e-01,-7.336304783821105957e-01,-6.620486974716186523e-01,-5.838387012481689453e-01,-4.997835159301757812e-01,-4.107246696949005127e-01,-3.175537586212158203e-01,-2.212036401033401489e-01,-1.226388886570930481e-01,-2.284632250666618347e-02
-7.336304783821105957e-01,-6.620486974716186523e-01,-5.838387012481689453e-01,-4.997835159301757812e-01,-4.107246696949005127e-01,-3.175537586212158203e-01,-2.212036401033401489e-01,-1.226388886570930481e-01,-2.284632250666618347e-02,7.717497646808624268e-02
-6.620486974716186523e-01,-5.838387012481689453e-01,-4.997835159301757812e-01,-4.107246696949005127e-01,-3.175537586212158203e-01,-2.212036401033401489e-01,-1.226388886570930481e-01,-2.284632250666618347e-02,7.717497646808624268e-02,1.764236241579055786e-01
-5.838387012481689453e-01,-4.997835159301757812e-01,-4.107246696949005127e-01,-3.175537586212158203e-01,-2.212036401033401489e-01,-1.226388886570930481e-01,-2.284632250666618347e-02,7.717497646808624268e-02,1.764236241579055786e-01,2.739059627056121826e-01
-4.997835159301757812e-01,-4.107246696949005127e-01,-3.175537586212158203e-01,-2.212036401033401489e-01,-1.226388886570930481e-01,-2.284632250666618347e-02,7.717497646808624268e-02,1.764236241579055786e-01,2.739059627056121826e-01,3.686460852622985840e-01
-4.107246696949005127e-01,-3.175537586212158203e-01,-2.212036401033401489e-01,-1.226388886570930481e-01,-2.284632250666618347e-02,7.717497646808624268e-02,1.764236241579055786e-01,2.739059627056121826e-01,3.686460852622985840e-01,4.596953988075256348e-01
-3.175537586212158203e-01,-2.212036401033401489e-01,-1.226388886570930481e-01,-2.284632250666618347e-02,7.717497646808624268e-02,1.764236241579055786e-01,2.739059627056121826e-01,3.686460852622985840e-01,4.596953988075256348e-01,5.461423993110656738e-01
-2.212036401033401489e-01,-1.226388886570930481e-01,-2.284632250666618347e-02,7.717497646808624268e-02,1.764236241579055786e-01,2.739059627056121826e-01,3.686460852622985840e-01,4.596953988075256348e-01,5.461423993110656738e-01,6.271216273307800293e-01
-1.226388886570930481e-01,-2.284632250666618347e-02,7.717497646808624268e-02,1.764236241579055786e-01,2.739059627056121826e-01,3.686460852622985840e-01,4.596953988075256348e-01,5.461423993110656738e-01,6.271216273307800293e-01,7.018223404884338379e-01
-2.284632250666618347e-02,7.717497646808624268e-02,1.764236241579055786e-01,2.739059627056121826e-01,3.686460852622985840e-01,4.596953988075256348e-01,5.461423993110656738e-01,6.271216273307800293e-01,7.018223404884338379e-01,7.694966197013854980e-01
7.717497646808624268e-02,1.764236241579055786e-01,2.739059627056121826e-01,3.686460852622985840e-01,4.596953988075256348e-01,5.461423993110656738e-01,6.271216273307800293e-01,7.018223404884338379e-01,7.694966197013854980e-01,8.294669389724731445e-01
1.764236241579055786e-01,2.739059627056121826e-01,3.686460852622985840e-01,4.596953988075256348e-01,5.461423993110656738e-01,6.271216273307800293e-01,7.018223404884338379e-01,7.694966197013854980e-01,8.294669389724731445e-01,8.811329603195190430e-01
2.739059627056121826e-01,3.686460852622985840e-01,4.596953988075256348e-01,5.461423993110656738e-01,6.271216273307800293e-01,7.018223404884338379e-01,7.694966197013854980e-01,8.294669389724731445e-01,8.811329603195190430e-01,9.239773154258728027e-01
3.686460852622985840e-01,4.596953988075256348e-01,5.461423993110656738e-01,6.271216273307800293e-01,7.018223404884338379e-01,7.694966197013854980e-01,8.294669389724731445e-01,8.811329603195190430e-01,9.239773154258728027e-01,9.575711488723754883e-01
4.596953988075256348e-01,5.461423993110656738e-01,6.271216273307800293e-01,7.018223404884338379e-01,7.694966197013854980e-01,8.294669389724731445e-01,8.811329603195190430e-01,9.239773154258728027e-01,9.575711488723754883e-01,9.815781116485595703e-01
5.461423993110656738e-01,6.271216273307800293e-01,7.018223404884338379e-01,7.694966197013854980e-01,8.294669389724731445e-01,8.811329603195190430e-01,9.239773154258728027e-01,9.575711488723754883e-01,9.815781116485595703e-01,9.957578182220458984e-01
6.271216273307800293e-01,7.018223404884338379e-01,7.694966197013854980e-01,8.294669389724731445e-01,8.811329603195190430e-01,9.239773154258728027e-01,9.575711488723754883e-01,9.815781116485595703e-01,9.957578182220458984e-01,9.999683499336242676e-01
7.018223404884338379e-01,7.694966197013854980e-01,8.294669389724731445e-01,8.811329603195190430e-01,9.239773154258728027e-01,9.575711488723754883e-01,9.815781116485595703e-01,9.957578182220458984e-01,9.999683499336242676e-01,9.941675066947937012e-01
7.694966197013854980e-01,8.294669389724731445e-01,8.811329603195190430e-01,9.239773154258728027e-01,9.575711488723754883e-01,9.815781116485595703e-01,9.957578182220458984e-01,9.999683499336242676e-01,9.941675066947937012e-01,9.784134030342102051e-01
8.294669389724731445e-01,8.811329603195190430e-01,9.239773154258728027e-01,9.575711488723754883e-01,9.815781116485595703e-01,9.957578182220458984e-01,9.999683499336242676e-01,9.941675066947937012e-01,9.784134030342102051e-01,9.528637528419494629e-01
8.811329603195190430e-01,9.239773154258728027e-01,9.575711488723754883e-01,9.815781116485595703e-01,9.957578182220458984e-01,9.999683499336242676e-01,9.941675066947937012e-01,9.784134030342102051e-01,9.528637528419494629e-01,9.177743792533874512e-01
9.239773154258728027e-01,9.575711488723754883e-01,9.815781116485595703e-01,9.957578182220458984e-01,9.999683499336242676e-01,9.941675066947937012e-01,9.784134030342102051e-01,9.528637528419494629e-01,9.177743792533874512e-01,8.734964728355407715e-01
9.575711488723754883e-01,9.815781116485595703e-01,9.957578182220458984e-01,9.999683499336242676e-01,9.941675066947937012e-01,9.784134030342102051e-01,9.528637528419494629e-01,9.177743792533874512e-01,8.734964728355407715e-01,8.204734921455383301e-01
9.815781116485595703e-01,9.957578182220458984e-01,9.999683499336242676e-01,9.941675066947937012e-01,9.784134030342102051e-01,9.528637528419494629e-01,9.177743792533874512e-01,8.734964728355407715e-01,8.204734921455383301e-01,7.592361569404602051e-01
9.957578182220458984e-01,9.999683499336242676e-01,9.941675066947937012e-01,9.784134030342102051e-01,9.528637528419494629e-01,9.177743792533874512e-01,8.734964728355407715e-01,8.204734921455383301e-01,7.592361569404602051e-01,6.903976202011108398e-01
9.999683499336242676e-01,9.941675066947937012e-01,9.784134030342102051e-01,9.528637528419494629e-01,9.177743792533874512e-01,8.734964728355407715e-01,8.204734921455383301e-01,7.592361569404602051e-01,6.903976202011108398e-01,6.146470904350280762e-01
9.941675066947937012e-01,9.784134030342102051e-01,9.528637528419494629e-01,9.177743792533874512e-01,8.734964728355407715e-01,8.204734921455383301e-01,7.592361569404602051e-01,6.903976202011108398e-01,6.146470904350280762e-01,5.327428579330444336e-01
9.784134030342102051e-01,9.528637528419494629e-01,9.177743792533874512e-01,8.734964728355407715e-01,8.204734921455383301e-01,7.592361569404602051e-01,6.903976202011108398e-01,6.146470904350280762e-01,5.327428579330444336e-01,4.455050230026245117e-01
9.528637528419494629e-01,9.177743792533874512e-01,8.734964728355407715e-01,8.204734921455383301e-01,7.592361569404602051e-01,6.903976202011108398e-01,6.146470904350280762e-01,5.327428579330444336e-01,4.455050230026245117e-01,3.538069128990173340e-01
9.177743792533874512e-01,8.734964728355407715e-01,8.204734921455383301e-01,7.592361569404602051e-01,6.903976202011108398e-01,6.146470904350280762e-01,5.327428579330444336e-01,4.455050230026245117e-01,3.538069128990173340e-01,2.585666179656982422e-01
8.734964728355407715e-01,8.204734921455383301e-01,7.592361569404602051e-01,6.903976202011108398e-01,6.146470904350280762e-01,5.327428579330444336e-01,4.455050230026245117e-01,3.538069128990173340e-01,2.585666179656982422e-01,1.607376337051391602e-01
8.204734921455383301e-01,7.592361569404602051e-01,6.903976202011108398e-01,6.146470904350280762e-01,5.327428579330444336e-01,4.455050230026245117e-01,3.538069128990173340e-01,2.585666179656982422e-01,1.607376337051391602e-01,6.129940599203109741e-02
7.592361569404602051e-01,6.903976202011108398e-01,6.146470904350280762e-01,5.327428579330444336e-01,4.455050230026245117e-01,3.538069128990173340e-01,2.585666179656982422e-01,1.607376337051391602e-01,6.129940599203109741e-02,-3.875253349542617798e-02
6.903976202011108398e-01,6.146470904350280762e-01,5.327428579330444336e-01,4.455050230026245117e-01,3.538069128990173340e-01,2.585666179656982422e-01,1.607376337051391602e-01,6.129940599203109741e-02,-3.875253349542617798e-02,-1.384164988994598389e-01
6.146470904350280762e-01,5.327428579330444336e-01,4.455050230026245117e-01,3.538069128990173340e-01,2.585666179656982422e-01,1.607376337051391602e-01,6.129940599203109741e-02,-3.875253349542617798e-02,-1.384164988994598389e-01,-2.366946786642074585e-01
5.327428579330444336e-01,4.455050230026245117e-01,3.538069128990173340e-01,2.585666179656982422e-01,1.607376337051391602e-01,6.129940599203109741e-02,-3.875253349542617798e-02,-1.384164988994598389e-01,-2.366946786642074585e-01,-3.326031565666198730e-01
4.455050230026245117e-01,3.538069128990173340e-01,2.585666179656982422e-01,1.607376337051391602e-01,6.129940599203109741e-02,-3.875253349542617798e-02,-1.384164988994598389e-01,-2.366946786642074585e-01,-3.326031565666198730e-01,-4.251817166805267334e-01
3.538069128990173340e-01,2.585666179656982422e-01,1.607376337051391602e-01,6.129940599203109741e-02,-3.875253349542617798e-02,-1.384164988994598389e-01,-2.366946786642074585e-01,-3.326031565666198730e-01,-4.251817166805267334e-01,-5.135034918785095215e-01
2.585666179656982422e-01,1.607376337051391602e-01,6.129940599203109741e-02,-3.875253349542617798e-02,-1.384164988994598389e-01,-2.366946786642074585e-01,-3.326031565666198730e-01,-4.251817166805267334e-01,-5.135034918785095215e-01,-5.966842770576477051e-01
1.607376337051391602e-01,6.129940599203109741e-02,-3.875253349542617798e-02,-1.384164988994598389e-01,-2.366946786642074585e-01,-3.326031565666198730e-01,-4.251817166805267334e-01,-5.135034918785095215e-01,-5.966842770576477051e-01,-6.738911867141723633e-01
6.129940599203109741e-02,-3.875253349542617798e-02,-1.384164988994598389e-01,-2.366946786642074585e-01,-3.326031565666198730e-01,-4.251817166805267334e-01,-5.135034918785095215e-01,-5.966842770576477051e-01,-6.738911867141723633e-01,-7.443513870239257812e-01
-3.875253349542617798e-02,-1.384164988994598389e-01,-2.366946786642074585e-01,-3.326031565666198730e-01,-4.251817166805267334e-01,-5.135034918785095215e-01,-5.966842770576477051e-01,-6.738911867141723633e-01,-7.443513870239257812e-01,-8.073593974113464355e-01
-1.384164988994598389e-01,-2.366946786642074585e-01,-3.326031565666198730e-01,-4.251817166805267334e-01,-5.135034918785095215e-01,-5.966842770576477051e-01,-6.738911867141723633e-01,-7.443513870239257812e-01,-8.073593974113464355e-01,-8.622843623161315918e-01
-2.366946786642074585e-01,-3.326031565666198730e-01,-4.251817166805267334e-01,-5.135034918785095215e-01,-5.966842770576477051e-01,-6.738911867141723633e-01,-7.443513870239257812e-01,-8.073593974113464355e-01,-8.622843623161315918e-01,-9.085764288902282715e-01
-3.326031565666198730e-01,-4.251817166805267334e-01,-5.135034918785095215e-01,-5.966842770576477051e-01,-6.738911867141723633e-01,-7.443513870239257812e-01,-8.073593974113464355e-01,-8.622843623161315918e-01,-9.085764288902282715e-01,-9.457721114158630371e-01
-4.251817166805267334e-01,-5.135034918785095215e-01,-5.966842770576477051e-01,-6.738911867141723633e-01,-7.443513870239257812e-01,-8.073593974113464355e-01,-8.622843623161315918e-01,-9.085764288902282715e-01,-9.457721114158630371e-01,-9.734990596771240234e-01
-5.135034918785095215e-01,-5.966842770576477051e-01,-6.738911867141723633e-01,-7.443513870239257812e-01,-8.073593974113464355e-01,-8.622843623161315918e-01,-9.085764288902282715e-01,-9.457721114158630371e-01,-9.734990596771240234e-01,-9.914796948432922363e-01
-5.966842770576477051e-01,-6.738911867141723633e-01,-7.443513870239257812e-01,-8.073593974113464355e-01,-8.622843623161315918e-01,-9.085764288902282715e-01,-9.457721114158630371e-01,-9.734990596771240234e-01,-9.914796948432922363e-01,-9.995338916778564453e-01
-6.738911867141723633e-01,-7.443513870239257812e-01,-8.073593974113464355e-01,-8.622843623161315918e-01,-9.085764288902282715e-01,-9.457721114158630371e-01,-9.734990596771240234e-01,-9.914796948432922363e-01,-9.995338916778564453e-01,-9.975811839103698730e-01
-7.443513870239257812e-01,-8.073593974113464355e-01,-8.622843623161315918e-01,-9.085764288902282715e-01,-9.457721114158630371e-01,-9.734990596771240234e-01,-9.914796948432922363e-01,-9.995338916778564453e-01,-9.975811839103698730e-01,-9.856409430503845215e-01
-8.073593974113464355e-01,-8.622843623161315918e-01,-9.085764288902282715e-01,-9.457721114158630371e-01,-9.734990596771240234e-01,-9.914796948432922363e-01,-9.995338916778564453e-01,-9.975811839103698730e-01,-9.856409430503845215e-01,-9.638328552246093750e-01
-8.622843623161315918e-01,-9.085764288902282715e-01,-9.457721114158630371e-01,-9.734990596771240234e-01,-9.914796948432922363e-01,-9.995338916778564453e-01,-9.975811839103698730e-01,-9.856409430503845215e-01,-9.638328552246093750e-01,-9.323751330375671387e-01
-9.085764288902282715e-01,-9.457721114158630371e-01,-9.734990596771240234e-01,-9.914796948432922363e-01,-9.995338916778564453e-01,-9.975811839103698730e-01,-9.856409430503845215e-01,-9.638328552246093750e-01,-9.323751330375671387e-01,-8.915828466415405273e-01
-9.457721114158630371e-01,-9.734990596771240234e-01,-9.914796948432922363e-01,-9.995338916778564453e-01,-9.975811839103698730e-01,-9.856409430503845215e-01,-9.638328552246093750e-01,-9.323751330375671387e-01,-8.915828466415405273e-01,-8.418642878532409668e-01
-9.734990596771240234e-01,-9.914796948432922363e-01,-9.995338916778564453e-01,-9.975811839103698730e-01,-9.856409430503845215e-01,-9.638328552246093750e-01,-9.323751330375671387e-01,-8.915828466415405273e-01,-8.418642878532409668e-01,-7.837172746658325195e-01
-9.914796948432922363e-01,-9.995338916778564453e-01,-9.975811839103698730e-01,-9.856409430503845215e-01,-9.638328552246093750e-01,-9.323751330375671387e-01,-8.915828466415405273e-01,-8.418642878532409668e-01,-7.837172746658325195e-01,-7.177239060401916504e-01
-9.995338916778564453e-01,-9.975811839103698730e-01,-9.856409430503845215e-01,-9.638328552246093750e-01,-9.323751330375671387e-01,-8.915828466415405273e-01,-8.418642878532409668e-01,-7.837172746658325195e-01,-7.177239060401916504e-01,-6.445450186729431152e-01
-9.975811839103698730e-01,-9.856409430503845215e-01,-9.638328552246093750e-01,-9.323751330375671387e-01,-8.915828466415405273e-01,-8.418642878532409668e-01,-7.837172746658325195e-01,-7.177239060401916504e-01,-6.445450186729431152e-01,-5.649130940437316895e-01
-9.856409430503845215e-01,-9.638328552246093750e-01,-9.323751330375671387e-01,-8.915828466415405273e-01,-8.418642878532409668e-01,-7.837172746658325195e-01,-7.177239060401916504e-01,-6.445450186729431152e-01,-5.649130940437316895e-01,-4.796254634857177734e-01
-9.638328552246093750e-01,-9.323751330375671387e-01,-8.915828466415405273e-01,-8.418642878532409668e-01,-7.837172746658325195e-01,-7.177239060401916504e-01,-6.445450186729431152e-01,-5.649130940437316895e-01,-4.796254634857177734e-01,-3.895359635353088379e-01
-9.323751330375671387e-01,-8.915828466415405273e-01,-8.418642878532409668e-01,-7.837172746658325195e-01,-7.177239060401916504e-01,-6.445450186729431152e-01,-5.649130940437316895e-01,-4.796254634857177734e-01,-3.895359635353088379e-01,-2.955465912818908691e-01
-8.915828466415405273e-01,-8.418642878532409668e-01,-7.837172746658325195e-01,-7.177239060401916504e-01,-6.445450186729431152e-01,-5.649130940437316895e-01,-4.796254634857177734e-01,-3.895359635353088379e-01,-2.955465912818908691e-01,-1.985982805490493774e-01
-8.418642878532409668e-01,-7.837172746658325195e-01,-7.177239060401916504e-01,-6.445450186729431152e-01,-5.649130940437316895e-01,-4.796254634857177734e-01,-3.895359635353088379e-01,-2.955465912818908691e-01,-1.985982805490493774e-01,-9.966168552637100220e-02
-7.837172746658325195e-01,-7.177239060401916504e-01,-6.445450186729431152e-01,-5.649130940437316895e-01,-4.796254634857177734e-01,-3.895359635353088379e-01,-2.955465912818908691e-01,-1.985982805490493774e-01,-9.966168552637100220e-02,2.726883394643664360e-04
-7.177239060401916504e-01,-6.445450186729431152e-01,-5.649130940437316895e-01,-4.796254634857177734e-01,-3.895359635353088379e-01,-2.955465912818908691e-01,-1.985982805490493774e-01,-9.966168552637100220e-02,2.726883394643664360e-04,1.002043336629867554e-01
-6.445450186729431152e-01,-5.649130940437316895e-01,-4.796254634857177734e-01,-3.895359635353088379e-01,-2.955465912818908691e-01,-1.985982805490493774e-01,-9.966168552637100220e-02,2.726883394643664360e-04,1.002043336629867554e-01,1.991327702999114990e-01
-5.649130940437316895e-01,-4.796254634857177734e-01,-3.895359635353088379e-01,-2.955465912818908691e-01,-1.985982805490493774e-01,-9.966168552637100220e-02,2.726883394643664360e-04,1.002043336629867554e-01,1.991327702999114990e-01,2.960675656795501709e-01
-4.796254634857177734e-01,-3.895359635353088379e-01,-2.955465912818908691e-01,-1.985982805490493774e-01,-9.966168552637100220e-02,2.726883394643664360e-04,1.002043336629867554e-01,1.991327702999114990e-01,2.960675656795501709e-01,3.900382220745086670e-01
-3.895359635353088379e-01,-2.955465912818908691e-01,-1.985982805490493774e-01,-9.966168552637100220e-02,2.726883394643664360e-04,1.002043336629867554e-01,1.991327702999114990e-01,2.960675656795501709e-01,3.900382220745086670e-01,4.801039397716522217e-01
-2.955465912818908691e-01,-1.985982805490493774e-01,-9.966168552637100220e-02,2.726883394643664360e-04,1.002043336629867554e-01,1.991327702999114990e-01,2.960675656795501709e-01,3.900382220745086670e-01,4.801039397716522217e-01,5.653629899024963379e-01
-1.985982805490493774e-01,-9.966168552637100220e-02,2.726883394643664360e-04,1.002043336629867554e-01,1.991327702999114990e-01,2.960675656795501709e-01,3.900382220745086670e-01,4.801039397716522217e-01,5.653629899024963379e-01,6.449618935585021973e-01
-9.966168552637100220e-02,2.726883394643664360e-04,1.002043336629867554e-01,1.991327702999114990e-01,2.960675656795501709e-01,3.900382220745086670e-01,4.801039397716522217e-01,5.653629899024963379e-01,6.449618935585021973e-01,7.181035876274108887e-01
2.726883394643664360e-04,1.002043336629867554e-01,1.991327702999114990e-01,2.960675656795501709e-01,3.900382220745086670e-01,4.801039397716522217e-01,5.653629899024963379e-01,6.449618935585021973e-01,7.181035876274108887e-01,7.840558886528015137e-01
1.002043336629867554e-01,1.991327702999114990e-01,2.960675656795501709e-01,3.900382220745086670e-01,4.801039397716522217e-01,5.653629899024963379e-01,6.449618935585021973e-01,7.181035876274108887e-01,7.840558886528015137e-01,8.421584963798522949e-01
1.991327702999114990e-01,2.960675656795501709e-01,3.900382220745086670e-01,4.801039397716522217e-01,5.653629899024963379e-01,6.449618935585021973e-01,7.181035876274108887e-01,7.840558886528015137e-01,8.421584963798522949e-01,8.918296694755554199e-01
2.960675656795501709e-01,3.900382220745086670e-01,4.801039397716522217e-01,5.653629899024963379e-01,6.449618935585021973e-01,7.181035876274108887e-01,7.840558886528015137e-01,8.421584963798522949e-01,8.918296694755554199e-01,9.325721263885498047e-01
3.900382220745086670e-01,4.801039397716522217e-01,5.653629899024963379e-01,6.449618935585021973e-01,7.181035876274108887e-01,7.840558886528015137e-01,8.421584963798522949e-01,8.918296694755554199e-01,9.325721263885498047e-01,9.639780521392822266e-01
4.801039397716522217e-01,5.653629899024963379e-01,6.449618935585021973e-01,7.181035876274108887e-01,7.840558886528015137e-01,8.421584963798522949e-01,8.918296694755554199e-01,9.325721263885498047e-01,9.639780521392822266e-01,9.857329130172729492e-01
5.653629899024963379e-01,6.449618935585021973e-01,7.181035876274108887e-01,7.840558886528015137e-01,8.421584963798522949e-01,8.918296694755554199e-01,9.325721263885498047e-01,9.639780521392822266e-01,9.857329130172729492e-01,9.976189136505126953e-01
6.449618935585021973e-01,7.181035876274108887e-01,7.840558886528015137e-01,8.421584963798522949e-01,8.918296694755554199e-01,9.325721263885498047e-01,9.639780521392822266e-01,9.857329130172729492e-01,9.976189136505126953e-01,9.995171427726745605e-01
7.181035876274108887e-01,7.840558886528015137e-01,8.421584963798522949e-01,8.918296694755554199e-01,9.325721263885498047e-01,9.639780521392822266e-01,9.857329130172729492e-01,9.976189136505126953e-01,9.995171427726745605e-01,9.914084672927856445e-01
7.840558886528015137e-01,8.421584963798522949e-01,8.918296694755554199e-01,9.325721263885498047e-01,9.639780521392822266e-01,9.857329130172729492e-01,9.976189136505126953e-01,9.995171427726745605e-01,9.914084672927856445e-01,9.733741879463195801e-01
8.421584963798522949e-01,8.918296694755554199e-01,9.325721263885498047e-01,9.639780521392822266e-01,9.857329130172729492e-01,9.976189136505126953e-01,9.995171427726745605e-01,9.914084672927856445e-01,9.733741879463195801e-01,9.455948472023010254e-01
8.918296694755554199e-01,9.325721263885498047e-01,9.639780521392822266e-01,9.857329130172729492e-01,9.976189136505126953e-01,9.995171427726745605e-01,9.914084672927856445e-01,9.733741879463195801e-01,9.455948472023010254e-01,9.083484411239624023e-01
9.325721263885498047e-01,9.639780521392822266e-01,9.857329130172729492e-01,9.976189136505126953e-01,9.995171427726745605e-01,9.914084672927856445e-01,9.733741879463195801e-01,9.455948472023010254e-01,9.083484411239624023e-01,8.620080351829528809e-01
9.639780521392822266e-01,9.857329130172729492e-01,9.976189136505126953e-01,9.995171427726745605e-01,9.914084672927856445e-01,9.733741879463195801e-01,9.455948472023010254e-01,9.083484411239624023e-01,8.620080351829528809e-01,8.070374727249145508e-01
9.857329130172729492e-01,9.976189136505126953e-01,9.995171427726745605e-01,9.914084672927856445e-01,9.733741879463195801e-01,9.455948472023010254e-01,9.083484411239624023e-01,8.620080351829528809e-01,8.070374727249145508e-01,7.439870834350585938e-01
9.976189136505126953e-01,9.995171427726745605e-01,9.914084672927856445e-01,9.733741879463195801e-01,9.455948472023010254e-01,9.083484411239624023e-01,8.620080351829528809e-01,8.070374727249145508e-01,7.439870834350585938e-01,6.734881997108459473e-01
9.995171427726745605e-01,9.914084672927856445e-01,9.733741879463195801e-01,9.455948472023010254e-01,9.083484411239624023e-01,8.620080351829528809e-01,8.070374727249145508e-01,7.439870834350585938e-01,6.734881997108459473e-01,5.962465405464172363e-01
9.914084672927856445e-01,9.733741879463195801e-01,9.455948472023010254e-01,9.083484411239624023e-01,8.620080351829528809e-01,8.070374727249145508e-01,7.439870834350585938e-01,6.734881997108459473e-01,5.962465405464172363e-01,5.130354166030883789e-01
9.733741879463195801e-01,9.455948472023010254e-01,9.083484411239624023e-01,8.620080351829528809e-01,8.070374727249145508e-01,7.439870834350585938e-01,6.734881997108459473e-01,5.962465405464172363e-01,5.130354166030883789e-01,4.246880114078521729e-01
9.455948472023010254e-01,9.083484411239624023e-01,8.620080351829528809e-01,8.070374727249145508e-01,7.439870834350585938e-01,6.734881997108459473e-01,5.962465405464172363e-01,5.130354166030883789e-01,4.246880114078521729e-01,3.320887684822082520e-01
9.083484411239624023e-01,8.620080351829528809e-01,8.070374727249145508e-01,7.439870834350585938e-01,6.734881997108459473e-01,5.962465405464172363e-01,5.130354166030883789e-01,4.246880114078521729e-01,3.320887684822082520e-01,2.361647635698318481e-01
8.620080351829528809e-01,8.070374727249145508e-01,7.439870834350585938e-01,6.734881997108459473e-01,5.962465405464172363e-01,5.130354166030883789e-01,4.246880114078521729e-01,3.320887684822082520e-01,2.361647635698318481e-01,1.378763467073440552e-01
8.070374727249145508e-01,7.439870834350585938e-01,6.734881997108459473e-01,5.962465405464172363e-01,5.130354166030883789e-01,4.246880114078521729e-01,3.320887684822082520e-01,2.361647635698318481e-01,1.378763467073440552e-01,3.820756077766418457e-02
7.439870834350585938e-01,6.734881997108459473e-01,5.962465405464172363e-01,5.130354166030883789e-01,4.246880114078521729e-01,3.320887684822082520e-01,2.361647635698318481e-01,1.378763467073440552e-01,3.820756077766418457e-02,-6.184374913573265076e-02
6.734881997108459473e-01,5.962465405464172363e-01,5.130354166030883789e-01,4.246880114078521729e-01,3.320887684822082520e-01,2.361647635698318481e-01,1.378763467073440552e-01,3.820756077766418457e-02,-6.184374913573265076e-02,-1.612758934497833252e-01
5.962465405464172363e-01,5.130354166030883789e-01,4.246880114078521729e-01,3.320887684822082520e-01,2.361647635698318481e-01,1.378763467073440552e-01,3.820756077766418457e-02,-6.184374913573265076e-02,-1.612758934497833252e-01,-2.590934038162231445e-01
5.130354166030883789e-01,4.246880114078521729e-01,3.320887684822082520e-01,2.361647635698318481e-01,1.378763467073440552e-01,3.820756077766418457e-02,-6.184374913573265076e-02,-1.612758934497833252e-01,-2.590934038162231445e-01,-3.543169498443603516e-01
4.246880114078521729e-01,3.320887684822082520e-01,2.361647635698318481e-01,1.378763467073440552e-01,3.820756077766418457e-02,-6.184374913573265076e-02,-1.612758934497833252e-01,-2.590934038162231445e-01,-3.543169498443603516e-01,-4.459932148456573486e-01
3.320887684822082520e-01,2.361647635698318481e-01,1.378763467073440552e-01,3.820756077766418457e-02,-6.184374913573265076e-02,-1.612758934497833252e-01,-2.590934038162231445e-01,-3.543169498443603516e-01,-4.459932148456573486e-01,-5.332043170928955078e-01
2.361647635698318481e-01,1.378763467073440552e-01,3.820756077766418457e-02,-6.184374913573265076e-02,-1.612758934497833252e-01,-2.590934038162231445e-01,-3.543169498443603516e-01,-4.459932148456573486e-01,-5.332043170928955078e-01,-6.150771975517272949e-01
1.378763467073440552e-01,3.820756077766418457e-02,-6.184374913573265076e-02,-1.612758934497833252e-01,-2.590934038162231445e-01,-3.543169498443603516e-01,-4.459932148456573486e-01,-5.332043170928955078e-01,-6.150771975517272949e-01,-6.907920837402343750e-01
3.820756077766418457e-02,-6.184374913573265076e-02,-1.612758934497833252e-01,-2.590934038162231445e-01,-3.543169498443603516e-01,-4.459932148456573486e-01,-5.332043170928955078e-01,-6.150771975517272949e-01,-6.907920837402343750e-01,-7.595909833908081055e-01
-6.184374913573265076e-02,-1.612758934497833252e-01,-2.590934038162231445e-01,-3.543169498443603516e-01,-4.459932148456573486e-01,-5.332043170928955078e-01,-6.150771975517272949e-01,-6.907920837402343750e-01,-7.595909833908081055e-01,-8.207851648330688477e-01
-1.612758934497833252e-01,-2.590934038162231445e-01,-3.543169498443603516e-01,-4.459932148456573486e-01,-5.332043170928955078e-01,-6.150771975517272949e-01,-6.907920837402343750e-01,-7.595909833908081055e-01,-8.207851648330688477e-01,-8.737618923187255859e-01
-2.590934038162231445e-01,-3.543169498443603516e-01,-4.459932148456573486e-01,-5.332043170928955078e-01,-6.150771975517272949e-01,-6.907920837402343750e-01,-7.595909833908081055e-01,-8.207851648330688477e-01,-8.737618923187255859e-01,-9.179908037185668945e-01
-3.543169498443603516e-01,-4.459932148456573486e-01,-5.332043170928955078e-01,-6.150771975517272949e-01,-6.907920837402343750e-01,-7.595909833908081055e-01,-8.207851648330688477e-01,-8.737618923187255859e-01,-9.179908037185668945e-01,-9.530290961265563965e-01
-4.459932148456573486e-01,-5.332043170928955078e-01,-6.150771975517272949e-01,-6.907920837402343750e-01,-7.595909833908081055e-01,-8.207851648330688477e-01,-8.737618923187255859e-01,-9.179908037185668945e-01,-9.530290961265563965e-01,-9.785259962081909180e-01
-5.332043170928955078e-01,-6.150771975517272949e-01,-6.907920837402343750e-01,-7.595909833908081055e-01,-8.207851648330688477e-01,-8.737618923187255859e-01,-9.179908037185668945e-01,-9.530290961265563965e-01,-9.785259962081909180e-01,-9.942261576652526855e-01
-6.150771975517272949e-01,-6.907920837402343750e-01,-7.595909833908081055e-01,-8.207851648330688477e-01,-8.737618923187255859e-01,-9.179908037185668945e-01,-9.530290961265563965e-01,-9.785259962081909180e-01,-9.942261576652526855e-01,-9.999725222587585449e-01
-6.907920837402343750e-01,-7.595909833908081055e-01,-8.207851648330688477e-01,-8.737618923187255859e-01,-9.179908037185668945e-01,-9.530290961265563965e-01,-9.785259962081909180e-01,-9.942261576652526855e-01,-9.999725222587585449e-01,-9.957075119018554688e-01
-7.595909833908081055e-01,-8.207851648330688477e-01,-8.737618923187255859e-01,-9.179908037185668945e-01,-9.530290961265563965e-01,-9.785259962081909180e-01,-9.942261576652526855e-01,-9.999725222587585449e-01,-9.957075119018554688e-01,-9.814737439155578613e-01
-8.207851648330688477e-01,-8.737618923187255859e-01,-9.179908037185668945e-01,-9.530290961265563965e-01,-9.785259962081909180e-01,-9.942261576652526855e-01,-9.999725222587585449e-01,-9.957075119018554688e-01,-9.814737439155578613e-01,-9.574138522148132324e-01
-8.737618923187255859e-01,-9.179908037185668945e-01,-9.530290961265563965e-01,-9.785259962081909180e-01,-9.942261576652526855e-01,-9.999725222587585449e-01,-9.957075119018554688e-01,-9.814737439155578613e-01,-9.574138522148132324e-01,-9.237686395645141602e-01
-9.179908037185668945e-01,-9.530290961265563965e-01,-9.785259962081909180e-01,-9.942261576652526855e-01,-9.999725222587585449e-01,-9.957075119018554688e-01,-9.814737439155578613e-01,-9.574138522148132324e-01,-9.237686395645141602e-01,-8.808749318122863770e-01
-9.530290961265563965e-01,-9.785259962081909180e-01,-9.942261576652526855e-01,-9.999725222587585449e-01,-9.957075119018554688e-01,-9.814737439155578613e-01,-9.574138522148132324e-01,-9.237686395645141602e-01,-8.808749318122863770e-01,-8.291622400283813477e-01
-9.785259962081909180e-01,-9.942261576652526855e-01,-9.999725222587585449e-01,-9.957075119018554688e-01,-9.814737439155578613e-01,-9.574138522148132324e-01,-9.237686395645141602e-01,-8.808749318122863770e-01,-8.291622400283813477e-01,-7.691482305526733398e-01
-9.942261576652526855e-01,-9.999725222587585449e-01,-9.957075119018554688e-01,-9.814737439155578613e-01,-9.574138522148132324e-01,-9.237686395645141602e-01,-8.808749318122863770e-01,-8.291622400283813477e-01,-7.691482305526733398e-01,-7.014337182044982910e-01
-9.999725222587585449e-01,-9.957075119018554688e-01,-9.814737439155578613e-01,-9.574138522148132324e-01,-9.237686395645141602e-01,-8.808749318122863770e-01,-8.291622400283813477e-01,-7.691482305526733398e-01,-7.014337182044982910e-01,-6.266967654228210449e-01
-9.957075119018554688e-01,-9.814737439155578613e-01,-9.574138522148132324e-01,-9.237686395645141602e-01,-8.808749318122863770e-01,-8.291622400283813477e-01,-7.691482305526733398e-01,-7.014337182044982910e-01,-6.266967654228210449e-01,-5.456854701042175293e-01
-9.814737439155578613e-01,-9.574138522148132324e-01,-9.237686395645141602e-01,-8.808749318122863770e-01,-8.291622400283813477e-01,-7.691482305526733398e-01,-7.014337182044982910e-01,-6.266967654228210449e-01,-5.456854701042175293e-01,-4.592109918594360352e-01
-9.574138522148132324e-01,-9.237686395645141602e-01,-8.808749318122863770e-01,-8.291622400283813477e-01,-7.691482305526733398e-01,-7.014337182044982910e-01,-6.266967654228210449e-01,-5.456854701042175293e-01,-4.592109918594360352e-01,-3.681390583515167236e-01
-9.237686395645141602e-01,-8.808749318122863770e-01,-8.291622400283813477e-01,-7.691482305526733398e-01,-7.014337182044982910e-01,-6.266967654228210449e-01,-5.456854701042175293e-01,-4.592109918594360352e-01,-3.681390583515167236e-01,-2.733814120292663574e-01
-8.808749318122863770e-01,-8.291622400283813477e-01,-7.691482305526733398e-01,-7.014337182044982910e-01,-6.266967654228210449e-01,-5.456854701042175293e-01,-4.592109918594360352e-01,-3.681390583515167236e-01,-2.733814120292663574e-01,-1.758867800235748291e-01
-8.291622400283813477e-01,-7.691482305526733398e-01,-7.014337182044982910e-01,-6.266967654228210449e-01,-5.456854701042175293e-01,-4.592109918594360352e-01,-3.681390583515167236e-01,-2.733814120292663574e-01,-1.758867800235748291e-01,-7.663121074438095093e-02
-7.691482305526733398e-01,-7.014337182044982910e-01,-6.266967654228210449e-01,-5.456854701042175293e-01,-4.592109918594360352e-01,-3.681390583515167236e-01,-2.733814120292663574e-01,-1.758867800235748291e-01,-7.663121074438095093e-02,2.339155413210391998e-02
-7.014337182044982910e-01,-6.266967654228210449e-01,-5.456854701042175293e-01,-4.592109918594360352e-01,-3.681390583515167236e-01,-2.733814120292663574e-01,-1.758867800235748291e-01,-7.663121074438095093e-02,2.339155413210391998e-02,1.231801286339759827e-01
-6.266967654228210449e-01,-5.456854701042175293e-01,-4.592109918594360352e-01,-3.681390583515167236e-01,-2.733814120292663574e-01,-1.758867800235748291e-01,-7.663121074438095093e-02,2.339155413210391998e-02,1.231801286339759827e-01,2.217354774475097656e-01
-5.456854701042175293e-01,-4.592109918594360352e-01,-3.681390583515167236e-01,-2.733814120292663574e-01,-1.758867800235748291e-01,-7.663121074438095093e-02,2.339155413210391998e-02,1.231801286339759827e-01,2.217354774475097656e-01,3.180708587169647217e-01
-4.592109918594360352e-01,-3.681390583515167236e-01,-2.733814120292663574e-01,-1.758867800235748291e-01,-7.663121074438095093e-02,2.339155413210391998e-02,1.231801286339759827e-01,2.217354774475097656e-01,3.180708587169647217e-01,4.112218618392944336e-01
-3.681390583515167236e-01,-2.733814120292663574e-01,-1.758867800235748291e-01,-7.663121074438095093e-02,2.339155413210391998e-02,1.231801286339759827e-01,2.217354774475097656e-01,3.180708587169647217e-01,4.112218618392944336e-01,5.002558231353759766e-01
-2.733814120292663574e-01,-1.758867800235748291e-01,-7.663121074438095093e-02,2.339155413210391998e-02,1.231801286339759827e-01,2.217354774475097656e-01,3.180708587169647217e-01,4.112218618392944336e-01,5.002558231353759766e-01,5.842813849449157715e-01
-1.758867800235748291e-01,-7.663121074438095093e-02,2.339155413210391998e-02,1.231801286339759827e-01,2.217354774475097656e-01,3.180708587169647217e-01,4.112218618392944336e-01,5.002558231353759766e-01,5.842813849449157715e-01,6.624573469161987305e-01
-7.663121074438095093e-02,2.339155413210391998e-02,1.231801286339759827e-01,2.217354774475097656e-01,3.180708587169647217e-01,4.112218618392944336e-01,5.002558231353759766e-01,5.842813849449157715e-01,6.624573469161987305e-01,7.340009808540344238e-01
2.339155413210391998e-02,1.231801286339759827e-01,2.217354774475097656e-01,3.180708587169647217e-01,4.112218618392944336e-01,5.002558231353759766e-01,5.842813849449157715e-01,6.624573469161987305e-01,7.340009808540344238e-01,7.981960177421569824e-01
1.231801286339759827e-01,2.217354774475097656e-01,3.180708587169647217e-01,4.112218618392944336e-01,5.002558231353759766e-01,5.842813849449157715e-01,6.624573469161987305e-01,7.340009808540344238e-01,7.981960177421569824e-01,8.543998003005981445e-01
2.217354774475097656e-01,3.180708587169647217e-01,4.112218618392944336e-01,5.002558231353759766e-01,5.842813849449157715e-01,6.624573469161987305e-01,7.340009808540344238e-01,7.981960177421569824e-01,8.543998003005981445e-01,9.020496606826782227e-01
3.180708587169647217e-01,4.112218618392944336e-01,5.002558231353759766e-01,5.842813849449157715e-01,6.624573469161987305e-01,7.340009808540344238e-01,7.981960177421569824e-01,8.543998003005981445e-01,9.020496606826782227e-01,9.406684637069702148e-01
4.112218618392944336e-01,5.002558231353759766e-01,5.842813849449157715e-01,6.624573469161987305e-01,7.340009808540344238e-01,7.981960177421569824e-01,8.543998003005981445e-01,9.020496606826782227e-01,9.406684637069702148e-01,9.698696136474609375e-01
5.002558231353759766e-01,5.842813849449157715e-01,6.624573469161987305e-01,7.340009808540344238e-01,7.981960177421569824e-01,8.543998003005981445e-01,9.020496606826782227e-01,9.406684637069702148e-01,9.698696136474609375e-01,9.893607497215270996e-01
5.842813849449157715e-01,6.624573469161987305e-01,7.340009808540344238e-01,7.981960177421569824e-01,8.543998003005981445e-01,9.020496606826782227e-01,9.406684637069702148e-01,9.698696136474609375e-01,9.893607497215270996e-01,9.989467263221740723e-01
6.624573469161987305e-01,7.340009808540344238e-01,7.981960177421569824e-01,8.543998003005981445e-01,9.020496606826782227e-01,9.406684637069702148e-01,9.698696136474609375e-01,9.893607497215270996e-01,9.989467263221740723e-01,9.985315799713134766e-01
7.340009808540344238e-01,7.981960177421569824e-01,8.543998003005981445e-01,9.020496606826782227e-01,9.406684637069702148e-01,9.698696136474609375e-01,9.893607497215270996e-01,9.989467263221740723e-01,9.985315799713134766e-01,9.881194829940795898e-01
7.981960177421569824e-01,8.543998003005981445e-01,9.020496606826782227e-01,9.406684637069702148e-01,9.698696136474609375e-01,9.893607497215270996e-01,9.989467263221740723e-01,9.985315799713134766e-01,9.881194829940795898e-01,9.678146839141845703e-01
8.543998003005981445e-01,9.020496606826782227e-01,9.406684637069702148e-01,9.698696136474609375e-01,9.893607497215270996e-01,9.989467263221740723e-01,9.985315799713134766e-01,9.881194829940795898e-01,9.678146839141845703e-01,9.378204345703125000e-01
9.020496606826782227e-01,9.406684637069702148e-01,9.698696136474609375e-01,9.893607497215270996e-01,9.989467263221740723e-01,9.985315799713134766e-01,9.881194829940795898e-01,9.678146839141845703e-01,9.378204345703125000e-01,8.984370231628417969e-01
9.406684637069702148e-01,9.698696136474609375e-01,9.893607497215270996e-01,9.989467263221740723e-01,9.985315799713134766e-01,9.881194829940795898e-01,9.678146839141845703e-01,9.378204345703125000e-01,8.984370231628417969e-01,8.500587940216064453e-01
9.698696136474609375e-01,9.893607497215270996e-01,9.989467263221740723e-01,9.985315799713134766e-01,9.881194829940795898e-01,9.678146839141845703e-01,9.378204345703125000e-01,8.984370231628417969e-01,8.500587940216064453e-01,7.931700348854064941e-01
9.893607497215270996e-01,9.989467263221740723e-01,9.985315799713134766e-01,9.881194829940795898e-01,9.678146839141845703e-01,9.378204345703125000e-01,8.984370231628417969e-01,8.500587940216064453e-01,7.931700348854064941e-01,7.283403277397155762e-01
9.989467263221740723e-01,9.985315799713134766e-01,9.881194829940795898e-01,9.678146839141845703e-01,9.378204345703125000e-01,8.984370231628417969e-01,8.500587940216064453e-01,7.931700348854064941e-01,7.283403277397155762e-01,6.562187075614929199e-01
9.985315799713134766e-01,9.881194829940795898e-01,9.678146839141845703e-01,9.378204345703125000e-01,8.984370231628417969e-01,8.500587940216064453e-01,7.931700348854064941e-01,7.283403277397155762e-01,6.562187075614929199e-01,5.775272250175476074e-01
9.881194829940795898e-01,9.678146839141845703e-01,9.378204345703125000e-01,8.984370231628417969e-01,8.500587940216064453e-01,7.931700348854064941e-01,7.283403277397155762e-01,6.562187075614929199e-01,5.775272250175476074e-01,4.930537641048431396e-01
9.678146839141845703e-01,9.378204345703125000e-01,8.984370231628417969e-01,8.500587940216064453e-01,7.931700348854064941e-01,7.283403277397155762e-01,6.562187075614929199e-01,5.775272250175476074e-01,4.930537641048431396e-01,4.036440253257751465e-01
9.378204345703125000e-01,8.984370231628417969e-01,8.500587940216064453e-01,7.931700348854064941e-01,7.283403277397155762e-01,6.562187075614929199e-01,5.775272250175476074e-01,4.930537641048431396e-01,4.036440253257751465e-01,3.101931214332580566e-01
8.984370231628417969e-01,8.500587940216064453e-01,7.931700348854064941e-01,7.283403277397155762e-01,6.562187075614929199e-01,5.775272250175476074e-01,4.930537641048431396e-01,4.036440253257751465e-01,3.101931214332580566e-01,2.136366665363311768e-01
8.500587940216064453e-01,7.931700348854064941e-01,7.283403277397155762e-01,6.562187075614929199e-01,5.775272250175476074e-01,4.930537641048431396e-01,4.036440253257751465e-01,3.101931214332580566e-01,2.136366665363311768e-01,1.149413585662841797e-01
7.931700348854064941e-01,7.283403277397155762e-01,6.562187075614929199e-01,5.775272250175476074e-01,4.930537641048431396e-01,4.036440253257751465e-01,3.101931214332580566e-01,2.136366665363311768e-01,1.149413585662841797e-01,1.509528979659080505e-02
7.283403277397155762e-01,6.562187075614929199e-01,5.775272250175476074e-01,4.930537641048431396e-01,4.036440253257751465e-01,3.101931214332580566e-01,2.136366665363311768e-01,1.149413585662841797e-01,1.509528979659080505e-02,-8.490190654993057251e-02
6.562187075614929199e-01,5.775272250175476074e-01,4.930537641048431396e-01,4.036440253257751465e-01,3.101931214332580566e-01,2.136366665363311768e-01,1.149413585662841797e-01,1.509528979659080505e-02,-8.490190654993057251e-02,-1.840490847826004028e-01
5.775272250175476074e-01,4.930537641048431396e-01,4.036440253257751465e-01,3.101931214332580566e-01,2.136366665363311768e-01,1.149413585662841797e-01,1.509528979659080505e-02,-8.490190654993057251e-02,-1.840490847826004028e-01,-2.813536226749420166e-01
4.930537641048431396e-01,4.036440253257751465e-01,3.101931214332580566e-01,2.136366665363311768e-01,1.149413585662841797e-01,1.509528979659080505e-02,-8.490190654993057251e-02,-1.840490847826004028e-01,-2.813536226749420166e-01,-3.758413493633270264e-01
4.036440253257751465e-01,3.101931214332580566e-01,2.136366665363311768e-01,1.149413585662841797e-01,1.509528979659080505e-02,-8.490190654993057251e-02,-1.840490847826004028e-01,-2.813536226749420166e-01,-3.758413493633270264e-01,-4.665662944316864014e-01
3.101931214332580566e-01,2.136366665363311768e-01,1.149413585662841797e-01,1.509528979659080505e-02,-8.490190654993057251e-02,-1.840490847826004028e-01,-2.813536226749420166e-01,-3.758413493633270264e-01,-4.665662944316864014e-01,-5.526201128959655762e-01
2.136366665363311768e-01,1.149413585662841797e-01,1.509528979659080505e-02,-8.490190654993057251e-02,-1.840490847826004028e-01,-2.813536226749420166e-01,-3.758413493633270264e-01,-4.665662944316864014e-01,-5.526201128959655762e-01,-6.331412792205810547e-01
1.149413585662841797e-01,1.509528979659080505e-02,-8.490190654993057251e-02,-1.840490847826004028e-01,-2.813536226749420166e-01,-3.758413493633270264e-01,-4.665662944316864014e-01,-5.526201128959655762e-01,-6.331412792205810547e-01,-7.073236703872680664e-01
1.509528979659080505e-02,-8.490190654993057251e-02,-1.840490847826004028e-01,-2.813536226749420166e-01,-3.758413493633270264e-01,-4.665662944316864014e-01,-5.526201128959655762e-01,-6.331412792205810547e-01,-7.073236703872680664e-01,-7.744245529174804688e-01
-8.490190654993057251e-02,-1.840490847826004028e-01,-2.813536226749420166e-01,-3.758413493633270264e-01,-4.665662944316864014e-01,-5.526201128959655762e-01,-6.331412792205810547e-01,-7.073236703872680664e-01,-7.744245529174804688e-01,-8.337721824645996094e-01
-1.840490847826004028e-01,-2.813536226749420166e-01,-3.758413493633270264e-01,-4.665662944316864014e-01,-5.526201128959655762e-01,-6.331412792205810547e-01,-7.073236703872680664e-01,-7.744245529174804688e-01,-8.337721824645996094e-01,-8.847723007202148438e-01
-2.813536226749420166e-01,-3.758413493633270264e-01,-4.665662944316864014e-01,-5.526201128959655762e-01,-6.331412792205810547e-01,-7.073236703872680664e-01,-7.744245529174804688e-01,-8.337721824645996094e-01,-8.847723007202148438e-01,-9.269144535064697266e-01
-3.758413493633270264e-01,-4.665662944316864014e-01,-5.526201128959655762e-01,-6.331412792205810547e-01,-7.073236703872680664e-01,-7.744245529174804688e-01,-8.337721824645996094e-01,-8.847723007202148438e-01,-9.269144535064697266e-01,-9.597765803337097168e-01
-4.665662944316864014e-01,-5.526201128959655762e-01,-6.331412792205810547e-01,-7.073236703872680664e-01,-7.744245529174804688e-01,-8.337721824645996094e-01,-8.847723007202148438e-01,-9.269144535064697266e-01,-9.597765803337097168e-01,-9.830297827720642090e-01
-5.526201128959655762e-01,-6.331412792205810547e-01,-7.073236703872680664e-01,-7.744245529174804688e-01,-8.337721824645996094e-01,-8.847723007202148438e-01,-9.269144535064697266e-01,-9.597765803337097168e-01,-9.830297827720642090e-01,-9.964412450790405273e-01
-6.331412792205810547e-01,-7.073236703872680664e-01,-7.744245529174804688e-01,-8.337721824645996094e-01,-8.847723007202148438e-01,-9.269144535064697266e-01,-9.597765803337097168e-01,-9.830297827720642090e-01,-9.964412450790405273e-01,-9.998766183853149414e-01
-7.073236703872680664e-01,-7.744245529174804688e-01,-8.337721824645996094e-01,-8.847723007202148438e-01,-9.269144535064697266e-01,-9.597765803337097168e-01,-9.830297827720642090e-01,-9.964412450790405273e-01,-9.998766183853149414e-01,-9.933015704154968262e-01
-7.744245529174804688e-01,-8.337721824645996094e-01,-8.847723007202148438e-01,-9.269144535064697266e-01,-9.597765803337097168e-01,-9.830297827720642090e-01,-9.964412450790405273e-01,-9.998766183853149414e-01,-9.933015704154968262e-01,-9.767819046974182129e-01
-8.337721824645996094e-01,-8.847723007202148438e-01,-9.269144535064697266e-01,-9.597765803337097168e-01,-9.830297827720642090e-01,-9.964412450790405273e-01,-9.998766183853149414e-01,-9.933015704154968262e-01,-9.767819046974182129e-01,-9.504830837249755859e-01
-8.847723007202148438e-01,-9.269144535064697266e-01,-9.597765803337097168e-01,-9.830297827720642090e-01,-9.964412450790405273e-01,-9.998766183853149414e-01,-9.933015704154968262e-01,-9.767819046974182129e-01,-9.504830837249755859e-01,-9.146683216094970703e-01
-9.269144535064697266e-01,-9.597765803337097168e-01,-9.830297827720642090e-01,-9.964412450790405273e-01,-9.998766183853149414e-01,-9.933015704154968262e-01,-9.767819046974182129e-01,-9.504830837249755859e-01,-9.146683216094970703e-01,-8.696961402893066406e-01
-9.597765803337097168e-01,-9.830297827720642090e-01,-9.964412450790405273e-01,-9.998766183853149414e-01,-9.933015704154968262e-01,-9.767819046974182129e-01,-9.504830837249755859e-01,-9.146683216094970703e-01,-8.696961402893066406e-01,-8.160169124603271484e-01
-9.830297827720642090e-01,-9.964412450790405273e-01,-9.998766183853149414e-01,-9.933015704154968262e-01,-9.767819046974182129e-01,-9.504830837249755859e-01,-9.146683216094970703e-01,-8.696961402893066406e-01,-8.160169124603271484e-01,-7.541679739952087402e-01
-9.964412450790405273e-01,-9.998766183853149414e-01,-9.933015704154968262e-01,-9.767819046974182129e-01,-9.504830837249755859e-01,-9.146683216094970703e-01,-8.696961402893066406e-01,-8.160169124603271484e-01,-7.541679739952087402e-01,-6.847686171531677246e-01
-9.998766183853149414e-01,-9.933015704154968262e-01,-9.767819046974182129e-01,-9.504830837249755859e-01,-9.146683216094970703e-01,-8.696961402893066406e-01,-8.160169124603271484e-01,-7.541679739952087402e-01,-6.847686171531677246e-01,-6.085135340690612793e-01
-9.933015704154968262e-01,-9.767819046974182129e-01,-9.504830837249755859e-01,-9.146683216094970703e-01,-8.696961402893066406e-01,-8.160169124603271484e-01,-7.541679739952087402e-01,-6.847686171531677246e-01,-6.085135340690612793e-01,-5.261662006378173828e-01
-9.767819046974182129e-01,-9.504830837249755859e-01,-9.146683216094970703e-01,-8.696961402893066406e-01,-8.160169124603271484e-01,-7.541679739952087402e-01,-6.847686171531677246e-01,-6.085135340690612793e-01,-5.261662006378173828e-01,-4.385510981082916260e-01
-9.504830837249755859e-01,-9.146683216094970703e-01,-8.696961402893066406e-01,-8.160169124603271484e-01,-7.541679739952087402e-01,-6.847686171531677246e-01,-6.085135340690612793e-01,-5.261662006378173828e-01,-4.385510981082916260e-01,-3.465453386306762695e-01
-9.146683216094970703e-01,-8.696961402893066406e-01,-8.160169124603271484e-01,-7.541679739952087402e-01,-6.847686171531677246e-01,-6.085135340690612793e-01,-5.261662006378173828e-01,-4.385510981082916260e-01,-3.465453386306762695e-01,-2.510701119899749756e-01
-8.696961402893066406e-01,-8.160169124603271484e-01,-7.541679739952087402e-01,-6.847686171531677246e-01,-6.085135340690612793e-01,-5.261662006378173828e-01,-4.385510981082916260e-01,-3.465453386306762695e-01,-2.510701119899749756e-01,-1.530812382698059082e-01
-8.160169124603271484e-01,-7.541679739952087402e-01,-6.847686171531677246e-01,-6.085135340690612793e-01,-5.261662006378173828e-01,-4.385510981082916260e-01,-3.465453386306762695e-01,-2.510701119899749756e-01,-1.530812382698059082e-01,-5.355977267026901245e-02
-7.541679739952087402e-01,-6.847686171531677246e-01,-6.085135340690612793e-01,-5.261662006378173828e-01,-4.385510981082916260e-01,-3.465453386306762695e-01,-2.510701119899749756e-01,-1.530812382698059082e-01,-5.355977267026901245e-02,4.649791494011878967e-02
-6.847686171531677246e-01,-6.085135340690612793e-01,-5.261662006378173828e-01,-4.385510981082916260e-01,-3.465453386306762695e-01,-2.510701119899749756e-01,-1.530812382698059082e-01,-5.355977267026901245e-02,4.649791494011878967e-02,1.460900753736495972e-01
-6.085135340690612793e-01,-5.261662006378173828e-01,-4.385510981082916260e-01,-3.465453386306762695e-01,-2.510701119899749756e-01,-1.530812382698059082e-01,-5.355977267026901245e-02,4.649791494011878967e-02,1.460900753736495972e-01,2.442196458578109741e-01
-5.261662006378173828e-01,-4.385510981082916260e-01,-3.465453386306762695e-01,-2.510701119899749756e-01,-1.530812382698059082e-01,-5.355977267026901245e-02,4.649791494011878967e-02,1.460900753736495972e-01,2.442196458578109741e-01,3.399041593074798584e-01
-4.385510981082916260e-01,-3.465453386306762695e-01,-2.510701119899749756e-01,-1.530812382698059082e-01,-5.355977267026901245e-02,4.649791494011878967e-02,1.460900753736495972e-01,2.442196458578109741e-01,3.399041593074798584e-01,4.321856796741485596e-01
-3.465453386306762695e-01,-2.510701119899749756e-01,-1.530812382698059082e-01,-5.355977267026901245e-02,4.649791494011878967e-02,1.460900753736495972e-01,2.442196458578109741e-01,3.399041593074798584e-01,4.321856796741485596e-01,5.201402902603149414e-01
-2.510701119899749756e-01,-1.530812382698059082e-01,-5.355977267026901245e-02,4.649791494011878967e-02,1.460900753736495972e-01,2.442196458578109741e-01,3.399041593074798584e-01,4.321856796741485596e-01,5.201402902603149414e-01,6.028873920440673828e-01
-1.530812382698059082e-01,-5.355977267026901245e-02,4.649791494011878967e-02,1.460900753736495972e-01,2.442196458578109741e-01,3.399041593074798584e-01,4.321856796741485596e-01,5.201402902603149414e-01,6.028873920440673828e-01,6.795986294746398926e-01
-5.355977267026901245e-02,4.649791494011878967e-02,1.460900753736495972e-01,2.442196458578109741e-01,3.399041593074798584e-01,4.321856796741485596e-01,5.201402902603149414e-01,6.028873920440673828e-01,6.795986294746398926e-01,7.495059967041015625e-01
4.649791494011878967e-02,1.460900753736495972e-01,2.442196458578109741e-01,3.399041593074798584e-01,4.321856796741485596e-01,5.201402902603149414e-01,6.028873920440673828e-01,6.795986294746398926e-01,7.495059967041015625e-01,8.119094967842102051e-01
1.460900753736495972e-01,2.442196458578109741e-01,3.399041593074798584e-01,4.321856796741485596e-01,5.201402902603149414e-01,6.028873920440673828e-01,6.795986294746398926e-01,7.495059967041015625e-01,8.119094967842102051e-01,8.661844134330749512e-01
2.442196458578109741e-01,3.399041593074798584e-01,4.321856796741485596e-01,5.201402902603149414e-01,6.028873920440673828e-01,6.795986294746398926e-01,7.495059967041015625e-01,8.119094967842102051e-01,8.661844134330749512e-01,9.117874503135681152e-01
3.399041593074798584e-01,4.321856796741485596e-01,5.201402902603149414e-01,6.028873920440673828e-01,6.795986294746398926e-01,7.495059967041015625e-01,8.119094967842102051e-01,8.661844134330749512e-01,9.117874503135681152e-01,9.482619166374206543e-01
4.321856796741485596e-01,5.201402902603149414e-01,6.028873920440673828e-01,6.795986294746398926e-01,7.495059967041015625e-01,8.119094967842102051e-01,8.661844134330749512e-01,9.117874503135681152e-01,9.482619166374206543e-01,9.752427339553833008e-01
5.201402902603149414e-01,6.028873920440673828e-01,6.795986294746398926e-01,7.495059967041015625e-01,8.119094967842102051e-01,8.661844134330749512e-01,9.117874503135681152e-01,9.482619166374206543e-01,9.752427339553833008e-01,9.924597144126892090e-01
6.028873920440673828e-01,6.795986294746398926e-01,7.495059967041015625e-01,8.119094967842102051e-01,8.661844134330749512e-01,9.117874503135681152e-01,9.482619166374206543e-01,9.752427339553833008e-01,9.924597144126892090e-01,9.997405409812927246e-01
6.795986294746398926e-01,7.495059967041015625e-01,8.119094967842102051e-01,8.661844134330749512e-01,9.117874503135681152e-01,9.482619166374206543e-01,9.752427339553833008e-01,9.924597144126892090e-01,9.997405409812927246e-01,9.970123171806335449e-01
7.495059967041015625e-01,8.119094967842102051e-01,8.661844134330749512e-01,9.117874503135681152e-01,9.482619166374206543e-01,9.752427339553833008e-01,9.924597144126892090e-01,9.997405409812927246e-01,9.970123171806335449e-01,9.843022823333740234e-01
8.119094967842102051e-01,8.661844134330749512e-01,9.117874503135681152e-01,9.482619166374206543e-01,9.752427339553833008e-01,9.924597144126892090e-01,9.997405409812927246e-01,9.970123171806335449e-01,9.843022823333740234e-01,9.617378115653991699e-01
8.661844134330749512e-01,9.117874503135681152e-01,9.482619166374206543e-01,9.752427339553833008e-01,9.924597144126892090e-01,9.997405409812927246e-01,9.970123171806335449e-01,9.843022823333740234e-01,9.617378115653991699e-01,9.295446872711181641e-01
9.117874503135681152e-01,9.482619166374206543e-01,9.752427339553833008e-01,9.924597144126892090e-01,9.997405409812927246e-01,9.970123171806335449e-01,9.843022823333740234e-01,9.617378115653991699e-01,9.295446872711181641e-01,8.880453109741210938e-01
9.482619166374206543e-01,9.752427339553833008e-01,9.924597144126892090e-01,9.997405409812927246e-01,9.970123171806335449e-01,9.843022823333740234e-01,9.617378115653991699e-01,9.295446872711181641e-01,8.880453109741210938e-01,8.376551270484924316e-01
9.752427339553833008e-01,9.924597144126892090e-01,9.997405409812927246e-01,9.970123171806335449e-01,9.843022823333740234e-01,9.617378115653991699e-01,9.295446872711181641e-01,8.880453109741210938e-01,8.376551270484924316e-01,7.788785696029663086e-01
9.924597144126892090e-01,9.997405409812927246e-01,9.970123171806335449e-01,9.843022823333740234e-01,9.617378115653991699e-01,9.295446872711181641e-01,8.880453109741210938e-01,8.376551270484924316e-01,7.788785696029663086e-01,7.123041749000549316e-01
9.997405409812927246e-01,9.970123171806335449e-01,9.843022823333740234e-01,9.617378115653991699e-01,9.295446872711181641e-01,8.880453109741210938e-01,8.376551270484924316e-01,7.788785696029663086e-01,7.123041749000549316e-01,6.385984420776367188e-01
9.970123171806335449e-01,9.843022823333740234e-01,9.617378115653991699e-01,9.295446872711181641e-01,8.880453109741210938e-01,8.376551270484924316e-01,7.788785696029663086e-01,7.123041749000549316e-01,6.385984420776367188e-01,5.584992170333862305e-01
9.843022823333740234e-01,9.617378115653991699e-01,9.295446872711181641e-01,8.880453109741210938e-01,8.376551270484924316e-01,7.788785696029663086e-01,7.123041749000549316e-01,6.385984420776367188e-01,5.584992170333862305e-01,4.728085398674011230e-01
9.617378115653991699e-01,9.295446872711181641e-01,8.880453109741210938e-01,8.376551270484924316e-01,7.788785696029663086e-01,7.123041749000549316e-01,6.385984420776367188e-01,5.584992170333862305e-01,4.728085398674011230e-01,3.823842406272888184e-01
9.295446872711181641e-01,8.880453109741210938e-01,8.376551270484924316e-01,7.788785696029663086e-01,7.123041749000549316e-01,6.385984420776367188e-01,5.584992170333862305e-01,4.728085398674011230e-01,3.823842406272888184e-01,2.881316542625427246e-01
8.880453109741210938e-01,8.376551270484924316e-01,7.788785696029663086e-01,7.123041749000549316e-01,6.385984420776367188e-01,5.584992170333862305e-01,4.728085398674011230e-01,3.823842406272888184e-01,2.881316542625427246e-01,1.909943670034408569e-01
8.376551270484924316e-01,7.788785696029663086e-01,7.123041749000549316e-01,6.385984420776367188e-01,5.584992170333862305e-01,4.728085398674011230e-01,3.823842406272888184e-01,2.881316542625427246e-01,1.909943670034408569e-01,9.194491803646087646e-02
7.788785696029663086e-01,7.123041749000549316e-01,6.385984420776367188e-01,5.584992170333862305e-01,4.728085398674011230e-01,3.823842406272888184e-01,2.881316542625427246e-01,1.909943670034408569e-01,9.194491803646087646e-02,-8.025050163269042969e-03
7.123041749000549316e-01,6.385984420776367188e-01,5.584992170333862305e-01,4.728085398674011230e-01,3.823842406272888184e-01,2.881316542625427246e-01,1.909943670034408569e-01,9.194491803646087646e-02,-8.025050163269042969e-03,-1.079146787524223328e-01
6.385984420776367188e-01,5.584992170333862305e-01,4.728085398674011230e-01,3.823842406272888184e-01,2.881316542625427246e-01,1.909943670034408569e-01,9.194491803646087646e-02,-8.025050163269042969e-03,-1.079146787524223328e-01,-2.067238986492156982e-01
5.584992170333862305e-01,4.728085398674011230e-01,3.823842406272888184e-01,2.881316542625427246e-01,1.909943670034408569e-01,9.194491803646087646e-02,-8.025050163269042969e-03,-1.079146787524223328e-01,-2.067238986492156982e-01,-3.034634590148925781e-01
4.728085398674011230e-01,3.823842406272888184e-01,2.881316542625427246e-01,1.909943670034408569e-01,9.194491803646087646e-02,-8.025050163269042969e-03,-1.079146787524223328e-01,-2.067238986492156982e-01,-3.034634590148925781e-01,-3.971648514270782471e-01
3.823842406272888184e-01,2.881316542625427246e-01,1.909943670034408569e-01,9.194491803646087646e-02,-8.025050163269042969e-03,-1.079146787524223328e-01,-2.067238986492156982e-01,-3.034634590148925781e-01,-3.971648514270782471e-01,-4.868899881839752197e-01
2.881316542625427246e-01,1.909943670034408569e-01,9.194491803646087646e-02,-8.025050163269042969e-03,-1.079146787524223328e-01,-2.067238986492156982e-01,-3.034634590148925781e-01,-3.971648514270782471e-01,-4.868899881839752197e-01,-5.717405080795288086e-01
1.909943670034408569e-01,9.194491803646087646e-02,-8.025050163269042969e-03,-1.079146787524223328e-01,-2.067238986492156982e-01,-3.034634590148925781e-01,-3.971648514270782471e-01,-4.868899881839752197e-01,-5.717405080795288086e-01,-6.508669853210449219e-01
9.194491803646087646e-02,-8.025050163269042969e-03,-1.079146787524223328e-01,-2.067238986492156982e-01,-3.034634590148925781e-01,-3.971648514270782471e-01,-4.868899881839752197e-01,-5.717405080795288086e-01,-6.508669853210449219e-01,-7.234771847724914551e-01
-8.025050163269042969e-03,-1.079146787524223328e-01,-2.067238986492156982e-01,-3.034634590148925781e-01,-3.971648514270782471e-01,-4.868899881839752197e-01,-5.717405080795288086e-01,-6.508669853210449219e-01,-7.234771847724914551e-01,-7.888441681861877441e-01
-1.079146787524223328e-01,-2.067238986492156982e-01,-3.034634590148925781e-01,-3.971648514270782471e-01,-4.868899881839752197e-01,-5.717405080795288086e-01,-6.508669853210449219e-01,-7.234771847724914551e-01,-7.888441681861877441e-01,-8.463134765625000000e-01
-2.067238986492156982e-01,-3.034634590148925781e-01,-3.971648514270782471e-01,-4.868899881839752197e-01,-5.717405080795288086e-01,-6.508669853210449219e-01,-7.234771847724914551e-01,-7.888441681861877441e-01,-8.463134765625000000e-01,-8.953098058700561523e-01
-3.034634590148925781e-01,-3.971648514270782471e-01,-4.868899881839752197e-01,-5.717405080795288086e-01,-6.508669853210449219e-01,-7.234771847724914551e-01,-7.888441681861877441e-01,-8.463134765625000000e-01,-8.953098058700561523e-01,-9.353426098823547363e-01
-3.971648514270782471e-01,-4.868899881839752197e-01,-5.717405080795288086e-01,-6.508669853210449219e-01,-7.234771847724914551e-01,-7.888441681861877441e-01,-8.463134765625000000e-01,-8.953098058700561523e-01,-9.353426098823547363e-01,-9.660110473632812500e-01
-4.868899881839752197e-01,-5.717405080795288086e-01,-6.508669853210449219e-01,-7.234771847724914551e-01,-7.888441681861877441e-01,-8.463134765625000000e-01,-8.953098058700561523e-01,-9.353426098823547363e-01,-9.660110473632812500e-01,-9.870081543922424316e-01
-5.717405080795288086e-01,-6.508669853210449219e-01,-7.234771847724914551e-01,-7.888441681861877441e-01,-8.463134765625000000e-01,-8.953098058700561523e-01,-9.353426098823547363e-01,-9.660110473632812500e-01,-9.870081543922424316e-01,-9.981235861778259277e-01
-6.508669853210449219e-01,-7.234771847724914551e-01,-7.888441681861877441e-01,-8.463134765625000000e-01,-8.953098058700561523e-01,-9.353426098823547363e-01,-9.660110473632812500e-01,-9.870081543922424316e-01,-9.981235861778259277e-01,-9.992461800575256348e-01
-7.234771847724914551e-01,-7.888441681861877441e-01,-8.463134765625000000e-01,-8.953098058700561523e-01,-9.353426098823547363e-01,-9.660110473632812500e-01,-9.870081543922424316e-01,-9.981235861778259277e-01,-9.992461800575256348e-01,-9.903646707534790039e-01
-7.888441681861877441e-01,-8.463134765625000000e-01,-8.953098058700561523e-01,-9.353426098823547363e-01,-9.660110473632812500e-01,-9.870081543922424316e-01,-9.981235861778259277e-01,-9.992461800575256348e-01,-9.903646707534790039e-01,-9.715679287910461426e-01
-8.463134765625000000e-01,-8.953098058700561523e-01,-9.353426098823547363e-01,-9.660110473632812500e-01,-9.870081543922424316e-01,-9.981235861778259277e-01,-9.992461800575256348e-01,-9.903646707534790039e-01,-9.715679287910461426e-01,-9.430441856384277344e-01
-8.953098058700561523e-01,-9.353426098823547363e-01,-9.660110473632812500e-01,-9.870081543922424316e-01,-9.981235861778259277e-01,-9.992461800575256348e-01,-9.903646707534790039e-01,-9.715679287910461426e-01,-9.430441856384277344e-01,-9.050790071487426758e-01
-9.353426098823547363e-01,-9.660110473632812500e-01,-9.870081543922424316e-01,-9.981235861778259277e-01,-9.992461800575256348e-01,-9.903646707534790039e-01,-9.715679287910461426e-01,-9.430441856384277344e-01,-9.050790071487426758e-01,-8.580524921417236328e-01
-9.660110473632812500e-01,-9.870081543922424316e-01,-9.981235861778259277e-01,-9.992461800575256348e-01,-9.903646707534790039e-01,-9.715679287910461426e-01,-9.430441856384277344e-01,-9.050790071487426758e-01,-8.580524921417236328e-01,-8.024353981018066406e-01
-9.870081543922424316e-01,-9.981235861778259277e-01,-9.992461800575256348e-01,-9.903646707534790039e-01,-9.715679287910461426e-01,-9.430441856384277344e-01,-9.050790071487426758e-01,-8.580524921417236328e-01,-8.024353981018066406e-01,-7.387846708297729492e-01
-9.981235861778259277e-01,-9.992461800575256348e-01,-9.903646707534790039e-01,-9.715679287910461426e-01,-9.430441856384277344e-01,-9.050790071487426758e-01,-8.580524921417236328e-01,-8.024353981018066406e-01,-7.387846708297729492e-01,-6.677374243736267090e-01
-9.992461800575256348e-01,-9.903646707534790039e-01,-9.715679287910461426e-01,-9.430441856384277344e-01,-9.050790071487426758e-01,-8.580524921417236328e-01,-8.024353981018066406e-01,-7.387846708297729492e-01,-6.677374243736267090e-01,-5.900049805641174316e-01
